id,source,category,title,label,fold,prob_clickbait,pred
article_3030,VnExpress,Other,Gần 1.000 người 'đổi xăng lấy điện' trong hai ngày,clickbait,4,0.07303238660097122,non-clickbait
article_2337,VietNamNet,Công nghệ & Khoa học,"Bỏ nghề MC truyền hình, cô gái Nùng làm ngô nếp bản địa bán cả triệu đồng/kg",clickbait,0,0.8057851195335388,clickbait
article_1891,SaoStar,Sức khỏe & Đời sống,"Ung thư cổ tử cung không chừa một ai, nhưng 5 cách đơn giản này có thể giúp bạn phòng ngừa sớm",clickbait,0,0.9458513259887695,clickbait
article_3717,24h,Sức khỏe & Đời sống,8 lý do gây giảm ham muốn tình dục ở phụ nữ,clickbait,0,0.8193880319595337,clickbait
article_2551,Tuổi Trẻ,Thể thao,Taekwondo Việt Nam quyết tìm lại thời vàng son,non-clickbait,4,0.06400689482688904,non-clickbait
article_3623,Báo Mới,Other,Cần Thơ tăng chất lượng tín dụng chính sách sau khi hợp nhất 3 thành 1,non-clickbait,4,0.02956334501504898,non-clickbait
article_1011,24h,Kinh doanh & Kinh tế,Dinh thự nghìn tỷ của gia đình Beckham tại London,non-clickbait,0,0.49572762846946716,non-clickbait
article_3005,Báo Mới,Công nghệ & Khoa học,Trục vớt siêu du thuyền bị đắm của tỷ phú Mike Lynch,non-clickbait,2,0.05628819763660431,non-clickbait
article_1656,Báo Mới,Giáo dục & Học đường,Pleiku: Tặng quà tiếp sức mùa thi cho học sinh lớp 12,non-clickbait,3,0.014559518545866013,non-clickbait
article_1669,Báo Mới,Giáo dục & Học đường,Tăng cường công tác coi thi Kỳ thi tốt nghiệp trung học phổ thông,non-clickbait,1,0.033242542296648026,non-clickbait
article_1887,SaoStar,Sức khỏe & Đời sống,"Không uống được sữa, đây là 5 loại sinh tố giàu canxi giúp ngừa loãng xương hiệu quả",clickbait,0,0.933612585067749,clickbait
article_2306,Thanh Niên,Văn hóa & Nghệ thuật,Thời trang Việt 'chuyển mình' cùng AI,non-clickbait,1,0.7221843004226685,clickbait
article_1513,VietNamNet,Quốc tế,Nhà Trắng nêu 5 lý do buộc Mỹ phải tấn công Iran,non-clickbait,1,0.13586142659187317,non-clickbait
article_0219,24h,Quốc tế,"Iran tiến hành đợt không kích mới, Houthi tuyên bố tham gia xung đột với Israel, Mỹ",non-clickbait,2,0.03890198469161987,non-clickbait
article_2966,Báo Mới,Công nghệ & Khoa học,"Chóng mặt, buồn nôn khi đi xe điện: Khoa học nói gì?",clickbait,0,0.9526622891426086,clickbait
article_3632,Báo Mới,Other,"Bộ Nội vụ hướng dẫn về nhân sự tại ủy ban nhân dân, sắp xếp ở đặc khu, thôn, tổ dân phố",non-clickbait,2,0.01720971055328846,non-clickbait
article_0937,VietNamNet,Thể thao,Real Madrid bùng nổ kịch tính: ‘Kền kền’ thức tỉnh sau tai họa,clickbait,1,0.9095059633255005,clickbait
article_2312,Thanh Niên,Văn hóa & Nghệ thuật,Bài chòi 'thức giấc' trên gốm,clickbait,2,0.5153149962425232,clickbait
article_0774,Báo Mới,Tin tức tổng hợp,"Tất cả Ban, Bộ, ngành, địa phương tham gia Triển lãm thành tựu KT-XH với tinh thần trách nhiệm cao nhất",non-clickbait,1,0.03952746465802193,non-clickbait
article_0369,Thanh Niên,Tin tức tổng hợp,"Mưa lớn trên 140 mm, 11 tỉnh miền Bắc nguy cơ lũ quét, sạt lở đất",non-clickbait,3,0.026355354115366936,non-clickbait
article_0199,24h,Tin tức tổng hợp,Dùng camera gắn cúc áo để gian lận thi sát hạch lái xe,non-clickbait,4,0.07396337389945984,non-clickbait
article_0144,Kênh14,Sức khỏe & Đời sống,Đọc vị tính cách của một người chỉ trong 10 giây: 7 dấu hiệu giúp bạn nhìn người chuẩn ngay lần đầu gặp,clickbait,4,0.9482983350753784,clickbait
article_1704,VnExpress,Thể thao,Real thắng lớn dù mất người ở Club World Cup,non-clickbait,4,0.1661335527896881,non-clickbait
article_0217,24h,Quốc tế,Tòa án Hiến pháp Thái Lan xem xét kiến nghị đình chỉ Thủ tướng Paetongtarn,non-clickbait,2,0.01678549125790596,non-clickbait
article_0906,Thanh Niên,Kinh doanh & Kinh tế,Nghiên cứu mở rộng Khu thương mại tự do Đà Nẵng khi nhập tỉnh Quảng Nam,non-clickbait,0,0.0249165166169405,non-clickbait
article_0263,Báo Mới,Thể thao,Chuyển nhượng Bundesliga mới nhất,non-clickbait,0,0.07828931510448456,non-clickbait
article_2368,Kênh14,Sức khỏe & Đời sống,"Người phụ nữ có mùi mồ hôi tanh như ""cá thối"", vì lý do này mà KHÔNG AI ""muốn xa lánh""",clickbait,1,0.9650202989578247,clickbait
article_0875,VnExpress,Công nghệ & Khoa học,Vệ tinh Trung Quốc truyền dữ liệu nhanh gấp 5 lần Starlink,non-clickbait,2,0.0991208553314209,non-clickbait
article_0157,SaoStar,Giải trí & Showbiz,Tuyên bố dậy sóng của tân Hoa hậu Hoàn vũ Việt Nam ngoài vụ góp hết tiền thưởng,clickbait,0,0.9645224213600159,clickbait
article_0628,Thanh Niên,Other,Hòa giải Thổ Nhĩ Kỳ - Armenia,non-clickbait,0,0.041695766150951385,non-clickbait
article_0715,SaoStar,Quốc tế,"Công ty tuyển dụng nhân viên nam không cần bằng cấp, lương hơn 100 triệu đồng/tháng",clickbait,1,0.8393393158912659,clickbait
article_3339,VnExpress,Other,Hơn 100.000 lượt khách trải nghiệm lễ hội ẩm thực Saigontourist tại Nhật Bản,non-clickbait,3,0.016246216371655464,non-clickbait
article_0365,Thanh Niên,Tin tức tổng hợp,Nước lũ cuốn trôi xe ô tô chở 4 người tại Tuyên Quang,non-clickbait,2,0.03534407541155815,non-clickbait
article_3506,Báo Mới,Xe & Vận tải,SUV điện BMW iX5 bản hiệu năng cao chạy thử trên đường,non-clickbait,2,0.026708463206887245,non-clickbait
article_1420,VnExpress,Other,"Bé trai 3,1 kg chào đời với vòng dây rốn thắt nút",non-clickbait,3,0.0749729722738266,non-clickbait
article_2418,24h,Other,"Galaxy S21 FE ""dính"" sọc xanh màn hình ngay khi đang cập nhật One UI",non-clickbait,2,0.9677167534828186,clickbait
article_1557,SaoStar,Thể thao,Ngã rẽ của thủ môn Đặng Văn Lâm với HAGL,non-clickbait,0,0.8315537571907043,clickbait
article_0664,VietNamNet,Kinh doanh & Kinh tế,"Giá vàng hôm nay 23/6/2025: Thế giới vụt tăng rồi lao dốc, SJC vẫn gần 120 triệu",non-clickbait,1,0.14773952960968018,non-clickbait
article_1014,24h,Kinh doanh & Kinh tế,9X TP.HCM lập 4 công ty để lừa đảo chiếm đoạt hàng trăm tỷ đồng của hàng trăm nghìn người,non-clickbait,0,0.09851210564374924,non-clickbait
article_0285,VnExpress,Quốc tế,Israel có thể đã thuyết phục Mỹ tăng mục tiêu không kích tại Iran,non-clickbait,2,0.07250525802373886,non-clickbait
article_2050,Thanh Niên,Other,Du khách bị cân thiếu khi mua hải sản ở Sầm Sơn,non-clickbait,1,0.10293421894311905,non-clickbait
article_1124,VnExpress,Other,Kiên Giang cấp phép 3 dự án hơn 90.000 tỷ đồng cho Sun Group,non-clickbait,1,0.04552200436592102,non-clickbait
article_0806,Báo Mới,Tin tức tổng hợp,Thúc đẩy chuyển đổi số đáp ứng yêu cầu sắp xếp bộ máy của hệ thống chính trị,non-clickbait,2,0.017045317217707634,non-clickbait
article_0764,Báo Mới,Other,"Lạng Sơn đảm bảo an toàn cho người dân ở vùng bị cô lập, ngập sâu",non-clickbait,1,0.04836099222302437,non-clickbait
article_1032,24h,Kinh doanh & Kinh tế,"Tài sản của ""siêu nhân Hong Kong” Lý Gia Thành hiện còn bao nhiêu?",non-clickbait,4,0.9222726225852966,clickbait
article_0678,VietNamNet,Kinh doanh & Kinh tế,Kon Tum xử lý cán bộ cấp mã vùng trồng sâm Ngọc Linh trái quy định,non-clickbait,2,0.019794780761003494,non-clickbait
article_3150,VietNamNet,Other,Tập đoàn BRG vào Top 10 Nhà phát triển bất động sản hàng đầu 2025,non-clickbait,0,0.05893884226679802,non-clickbait
article_0555,VnExpress,Kinh doanh & Kinh tế,Phát Đạt muốn bán công ty con vốn nghìn tỷ đồng,non-clickbait,2,0.056913942098617554,non-clickbait
article_0412,VietNamNet,Tin tức tổng hợp,"Mưa xối xả tại Yên Bái, ô tô bì bõm vượt qua biển nước",non-clickbait,2,0.430865615606308,non-clickbait
article_3278,Báo Mới,Other,Tài chính trong tình yêu: Chuyện khó nói nhưng rất cần nói,non-clickbait,1,0.9289263486862183,clickbait
article_0119,VietNamNet,Chính trị & An ninh,Khi lãnh đạo cấp cao ở Trung ương thấu hiểu tâm tư của cán bộ không chuyên trách,non-clickbait,0,0.08042966574430466,non-clickbait
article_2579,Thanh Niên,Giải trí & Showbiz,On Trending | Dàn cast Đấu trường gia tốc 'tố nhau' trong thử thách 'Ai là…',clickbait,4,0.8258707523345947,clickbait
article_0637,Thanh Niên,Quốc tế,'Thùng thuốc súng' Iran và 'canh bạc' của Tổng thống Trump,clickbait,3,0.904902994632721,clickbait
article_2707,Báo Mới,Other,iPhone 17 Pro Max có thêm xác nhận tính năng cao cấp,non-clickbait,2,0.4827263057231903,non-clickbait
article_0410,VietNamNet,Tin tức tổng hợp,'Vòng luẩn quẩn' xe cộ trước cổng bệnh viện chữa ung thư lớn nhất Hà Nội,non-clickbait,3,0.9017477631568909,clickbait
article_3087,Tuổi Trẻ,Other,Giá thuê nhà tăng mạnh tại các thành phố lớn của Đức,non-clickbait,0,0.07510852813720703,non-clickbait
article_2710,Báo Mới,Công nghệ & Khoa học,Cuộc Thi Innowork 2025: Chào đón hơn gần 50 đội tham gia vòng sơ loại,non-clickbait,3,0.016106342896819115,non-clickbait
article_1550,SaoStar,Thể thao,HLV Kiatisuk: Theerathon vẫn quan trọng với tuyển Thái Lan,non-clickbait,4,0.30689042806625366,non-clickbait
article_0823,Báo Mới,Other,"Va chạm với xe đầu kéo, 4 học sinh thương vong",non-clickbait,1,0.047381773591041565,non-clickbait
article_0514,Báo Mới,Quốc tế,Bí ẩn về cơ sở làm giàu urani mới của Iran,clickbait,2,0.882123589515686,clickbait
article_2840,Thanh Niên,Other,‘Đãi cát tìm vàng’ ở giải cầu lông các nhóm tuổi thiếu niên quốc gia,clickbait,2,0.06903792917728424,non-clickbait
article_1093,Báo Mới,Văn hóa & Nghệ thuật,Tăng cường hợp tác xuất bản sách văn học giữa Việt Nam-Trung Quốc,non-clickbait,3,0.015663649886846542,non-clickbait
article_2606,Thanh Niên,Other,Bình Tinh tiết lộ mối quan hệ đặc biệt với nghệ sĩ Minh Nhí,clickbait,4,0.7060891389846802,clickbait
article_1053,Báo Mới,Other,Kết nối văn hóa Việt Nam-Malaysia tại EXPO 2025,non-clickbait,3,0.01379536371678114,non-clickbait
article_1432,Tuổi Trẻ,Xe & Vận tải,"Xe Lucid Air GT bất ngờ 'cấm cửa' chủ nhân, đến hãng cũng 'bó tay'",clickbait,4,0.9507778882980347,clickbait
article_3581,24h,Xe & Vận tải,So sánh Toyota Vios E và Vios G: Chọn xe nào khi chênh nhau 57 triệu đồng?,non-clickbait,3,0.7898017168045044,clickbait
article_2160,24h,Công nghệ & Khoa học,'Cơn sốt' tạo video AI bằng Google Veo 3,non-clickbait,3,0.9435039758682251,clickbait
article_0771,Báo Mới,Tin tức tổng hợp,"Nhiều hoạt động mừng công bố hợp nhất Hải Dương, Hải Phòng",non-clickbait,2,0.01742575690150261,non-clickbait
article_2126,SaoStar,Giáo dục & Học đường,Tuyển sinh 2025: Số thí sinh đăng ký vào trường quân đội tăng kỷ lục,non-clickbait,3,0.022759156301617622,non-clickbait
article_1544,SaoStar,Thể thao,HAGL để Quảng Nam giật vé trụ hạng đầy kịch tính,non-clickbait,4,0.2593095004558563,non-clickbait
article_3746,24h,Du lịch & Ẩm thực,Huy Trần nấu mâm cơm giàu dinh dưỡng chăm vợ bầu,non-clickbait,1,0.7792378664016724,clickbait
article_2870,Thanh Niên,Chính trị & An ninh,Top đội bóng,clickbait,1,0.5546815395355225,clickbait
article_3467,Báo Mới,Xe & Vận tải,"Lô xe VinFast VF 6, VF 7 đầu tiên cập bến Ấn Độ",non-clickbait,2,0.023870835080742836,non-clickbait
article_2701,24h,Other,Hot girl quê Tuyên Quang lấy chồng cầu thủ bất ngờ khoe bộ ảnh cưới sau 3 năm kết hôn,clickbait,2,0.9732153415679932,clickbait
article_0209,24h,Tin tức tổng hợp,Xe tải tông sập nhà dân khiến ba người thương vong,non-clickbait,4,0.04535257816314697,non-clickbait
article_3577,24h,Xe & Vận tải,Top xe sedan hạng B hút khách bậc nhất hiện nay,clickbait,4,0.5870260000228882,clickbait
article_2543,Tuổi Trẻ,Thể thao,Trung vệ Real Madrid tố bị phân biệt chủng tộc tại FIFA Club World Cup,non-clickbait,3,0.05536169931292534,non-clickbait
article_2792,VnExpress,Other,Nơi người dân dùng vàng thay tiền mặt,clickbait,0,0.4674533009529114,non-clickbait
article_0531,Báo Mới,Quốc tế,"Hãng hàng không cân nhắc hủy chuyến tới Trung Đông, Mỹ phát cảnh báo toàn cầu",non-clickbait,1,0.08225394785404205,non-clickbait
article_2316,Thanh Niên,Other,Các nhà khảo cổ xác định nơi chôn cất Chúa Jesus,non-clickbait,3,0.21313142776489258,non-clickbait
article_3054,VnExpress,Other,Doanh nhân tại Dubai mua xe sang Trung Quốc giá kỷ lục,non-clickbait,3,0.2948744595050812,non-clickbait
article_0474,24h,Quốc tế,Iran lần đầu phóng tên lửa đa đầu đạn tấn công Israel,non-clickbait,4,0.03835798054933548,non-clickbait
article_1008,24h,Kinh doanh & Kinh tế,"Nóng nhất trong ngày: Giá vàng giảm mạnh, Bitcoin cắm đầu lao dốc",clickbait,1,0.6731379628181458,clickbait
article_1939,Báo Mới,Thể thao,Sân chơi trẻ miền Tây và giấc mơ mang tên bóng đá phủi,non-clickbait,2,0.09636510163545609,non-clickbait
article_3256,Báo Mới,Other,"Món rau dân dã giá vài nghìn đồng nhưng mát từ gan tới da, dinh dưỡng cực tốt",clickbait,1,0.9537942409515381,clickbait
article_0497,Báo Mới,Quốc tế,Đảng cầm quyền Thái Lan tuyên bố đáp trả hành vi của ông Hun Sen,non-clickbait,1,0.06804042309522629,non-clickbait
article_0950,VietNamNet,Thể thao,Công Phượng đối đầu thủ môn Bùi Tiến Dũng ở trận play-off V-League,non-clickbait,1,0.06638737767934799,non-clickbait
article_3793,24h,Giáo dục & Học đường,"Ông nội gây sốt với cách khiến ‘khối nghỉ hè’ hạn chế điện thoại, chăm làm việc",clickbait,1,0.9521309733390808,clickbait
article_3459,24h,Xe & Vận tải,"Clip: Cô gái bán xăng khiến hai thanh niên ""đứng hình"" với pha mở cốp vi diệu",clickbait,4,0.940078616142273,clickbait
article_2608,Thanh Niên,Other,Nhan sắc biên tập viên thời sự gây chú ý ở Hoa hậu Hoàn vũ Việt Nam,clickbait,3,0.8651101589202881,clickbait
article_0490,24h,Tin tức tổng hợp,Vụ nước mắm vứt bỏ bên đường: Xác định được chủ nhân,non-clickbait,2,0.13799647986888885,non-clickbait
article_0646,Thanh Niên,Quốc tế,Thủ tướng Campuchia lệnh đóng cửa vĩnh viễn 2 trạm kiểm soát biên giới với Thái Lan,non-clickbait,1,0.0373619981110096,non-clickbait
article_2174,Báo Mới,Giải trí & Showbiz,Chia sẻ gây chú ý của Thu Quỳnh sau nhiều năm làm mẹ đơn thân,clickbait,0,0.9578728675842285,clickbait
article_0485,24h,Quốc tế,Vai trò ít được nhắc tới của UAV trong các đợt Iran tập kích tên lửa nhằm vào Israel,non-clickbait,2,0.09812253713607788,non-clickbait
article_1443,Tuổi Trẻ,Other,Thủ tục đăng ký xe cho người dưới 18 tuổi ra sao?,clickbait,0,0.5551338195800781,clickbait
article_3479,Báo Mới,Xe & Vận tải,Mitsubishi hé lộ mẫu xe mới bằng máy bay trực thăng,clickbait,1,0.18914636969566345,non-clickbait
article_0849,VnExpress,Công nghệ & Khoa học,"Thành lập Liên minh AI Âu Lạc, quy tụ hơn 20 đơn vị",non-clickbait,1,0.034293945878744125,non-clickbait
article_0230,Báo Mới,Thể thao,V.League 1-2024/2025 và những điểm nhấn,non-clickbait,4,0.04698663949966431,non-clickbait
article_1295,24h,Other,"Loại lá mọc bờ bụi thành đặc sản có mùi thơm lạ, giá 100.000 đồng/kg, trồng 2 tháng bán ""hốt bạc""",clickbait,0,0.9596865773200989,clickbait
article_2819,Tuổi Trẻ,Giáo dục & Học đường,Thẩm phán chặn lệnh cấm Harvard tuyển sinh quốc tế của ông Trump,non-clickbait,3,0.019531236961483955,non-clickbait
article_1817,Thanh Niên,Giáo dục & Học đường,"Xu hướng 'thực chiến' trong đào tạo báo chí, truyền thông",non-clickbait,4,0.0844927579164505,non-clickbait
article_3399,Thanh Niên,Other,3 nguyên tắc an toàn khi lái xe trên cao tốc có nhiều xe tải lớn,non-clickbait,2,0.8781053423881531,clickbait
article_1735,VnExpress,Thể thao,Boston Marathon siết chuẩn với VĐV chạy các giải đổ dốc,non-clickbait,0,0.03327393904328346,non-clickbait
article_2128,SaoStar,Giáo dục & Học đường,Bộ GD&ĐT sẽ thí điểm thi tốt nghiệp THPT trên máy tính từ năm 2027,non-clickbait,2,0.020215967670083046,non-clickbait
article_1588,24h,Thể thao,"Video bóng đá Nam Định - Hà Tĩnh: Ngoại binh tỏa sáng, Thiên Trường mở hội (V-League)",non-clickbait,0,0.05141511559486389,non-clickbait
article_1628,24h,Thể thao,Trực tiếp chuyển nhượng tối 22/6: Chelsea bất ngờ nhắm người cũ của Real Madrid,clickbait,3,0.7137309908866882,clickbait
article_2151,24h,Công nghệ & Khoa học,"Zalo tung bản cập nhật tháng 6, bổ sung 2 tính năng mới",non-clickbait,1,0.09825222939252853,non-clickbait
article_2244,VnExpress,Other,VKS: Một số bị cáo vụ Trịnh Văn Quyết xin được hưởng tù treo là vô lý,non-clickbait,0,0.08419107645750046,non-clickbait
article_3778,24h,Du lịch & Ẩm thực,"Check-in Đồi Sim Suối Bon, săn mây ngắm hoa tím tuyệt đẹp",non-clickbait,4,0.28017303347587585,non-clickbait
article_0605,Tuổi Trẻ,Chính trị & An ninh,Phát hiện 1 tấn chân gà nhập từ Paraguay không có hóa đơn,non-clickbait,1,0.05174954608082771,non-clickbait
article_0247,Báo Mới,Thể thao,"Lịch thi đấu Ngoại Hạng Anh - Premier League, tỷ số, kết quả mới nhất",non-clickbait,1,0.07978201657533646,non-clickbait
article_1321,Báo Mới,Other,Giá vàng hôm nay ngày 23/6: Vàng nhẫn ngược dòng bật tăng,non-clickbait,1,0.08555635064840317,non-clickbait
article_3492,Báo Mới,Xe & Vận tải,Ford Territory 2025 ra mắt thị trường Brazil vào tháng 7/2025,non-clickbait,1,0.051941562443971634,non-clickbait
article_1426,VnExpress,Other,Làm gì để tránh sập bẫy 'thao túng tâm lý'?,non-clickbait,3,0.9462003111839294,clickbait
article_1800,Thanh Niên,Giáo dục & Học đường,Phương án ứng phó với thời tiết bất thường trong kỳ thi tốt nghiệp THPT,non-clickbait,4,0.03390795737504959,non-clickbait
article_1937,Báo Mới,Thể thao,Xuân Son tuyên bố tự tin trước ngày trở lại sân cỏ,clickbait,2,0.4364118278026581,non-clickbait
article_0606,Tuổi Trẻ,Chính trị & An ninh,Công an vào cuộc vụ nam thanh niên đánh dã man 2 cô gái,non-clickbait,1,0.20521655678749084,non-clickbait
article_1493,Thanh Niên,Sức khỏe & Đời sống,"Quan hệ tình dục không an toàn, cô gái nhiễm 21 chủng HPV",non-clickbait,0,0.11471516638994217,non-clickbait
article_3070,VnExpress,Other,Bán tải điện Hàn Quốc sắp bán ở châu Âu,non-clickbait,4,0.040502771735191345,non-clickbait
article_1892,SaoStar,Sức khỏe & Đời sống,"Tập chăm nhưng vòng eo vẫn 'ôm mỡ', có thể bạn đang ăn sai cách",clickbait,2,0.9745561480522156,clickbait
article_3734,24h,Du lịch & Ẩm thực,"Đi chợ gặp ""vua của các loại rau"" này mua ngay, về rim ăn với cơm vừa ngon rẻ lại đại bổ",clickbait,3,0.9775857925415039,clickbait
article_0788,Báo Mới,Other,"Va chạm giữa xe đầu kéo và xe đạp điện, 4 cháu nhỏ thương vong",non-clickbait,4,0.07017629593610764,non-clickbait
article_2835,Thanh Niên,Thể thao,Highlight CLB Hà Tĩnh 2-2 CLB Đà Nẵng: Thoát hiểm trong gang tấc,non-clickbait,1,0.13061775267124176,non-clickbait
article_0647,Thanh Niên,Other,Lịch sử hơn 80 năm của những chuyên cơ chở tổng thống Mỹ,non-clickbait,1,0.6846330761909485,clickbait
article_1956,Báo Mới,Thể thao,FIFA Club World Cup: Man City vùi dập Al Ain,non-clickbait,3,0.09244169294834137,non-clickbait
article_2277,Tuổi Trẻ,Giải trí & Showbiz,Ba sự kiện âm nhạc lớn ở Hà Nội đều mưa to; DPR Ian xả ảnh đi ăn phở Hà Nội,non-clickbait,3,0.1898963749408722,non-clickbait
article_0919,Thanh Niên,Other,"Bão số 1 tăng cấp, Huế hứng mưa lớn đến 641mm",non-clickbait,3,0.024283867329359055,non-clickbait
article_3069,VnExpress,Other,"Sedan cỡ C tháng 5: xe lắp tăng doanh số, xe nhập giảm",non-clickbait,4,0.04232458770275116,non-clickbait
article_0675,VietNamNet,Kinh doanh & Kinh tế,"Giá vàng bất ngờ giảm sâu, dự báo sắp tới ra sao?",clickbait,1,0.9509148001670837,clickbait
article_3137,VietNamNet,Other,"Thu nhập 30 triệu/tháng, có nên vay ngân hàng mua nhà Hà Nội?",clickbait,0,0.9207897186279297,clickbait
article_0864,VnExpress,Công nghệ & Khoa học,Nghề SEO đứng trước 'ngã ba đường' vì AI,non-clickbait,2,0.8972460627555847,clickbait
article_2802,Tuổi Trẻ,Giáo dục & Học đường,TP.HCM công bố điểm chuẩn lớp 10 chuyên và tích hợp,non-clickbait,3,0.016277460381388664,non-clickbait
article_0464,24h,Quốc tế,Iran lên tiếng sau đòn tấn công của Mỹ,non-clickbait,0,0.10343123972415924,non-clickbait
article_1926,Báo Mới,Thể thao,Trên 200 vận động viên tham dự Giải các câu lạc bộ Karate tỉnh Hòa Bình,non-clickbait,1,0.034749627113342285,non-clickbait
article_2183,Báo Mới,Other,Bí quyết làm giàu,clickbait,4,0.7468320727348328,clickbait
article_3600,Báo Mới,Other,Hà Nội khởi công xây dựng cụm công nghiệp gần 1.000 tỷ đồng,non-clickbait,0,0.03346293419599533,non-clickbait
article_3755,24h,Du lịch & Ẩm thực,Thác 7 tầng Chiềng Khoa đẹp như tiên cảnh hút khách ngày hè,clickbait,3,0.7458151578903198,clickbait
article_2918,SaoStar,Du lịch & Ẩm thực,Tham quan một vòng 'Tứ đại đỉnh đèo' của Việt Nam xem có gì hot?,clickbait,4,0.9440222382545471,clickbait
article_2456,Báo Mới,Chính trị & An ninh,"Quỹ tín dụng nhân dân xã Đồng Văn, huyện Yên Lạc, tỉnh Vĩnh Phúc thông báo sửa đổi, bổ sung Giấy phép hoạt động",non-clickbait,4,0.05208601802587509,non-clickbait
article_0573,VnExpress,Kinh doanh & Kinh tế,Nam A Bank đồng hành cùng Miss Cosmo Việt Nam 2025,non-clickbait,2,0.026031531393527985,non-clickbait
article_2920,SaoStar,Du lịch & Ẩm thực,Có một Thảo Cầm Viên rất khác trong mắt trẻ thơ,non-clickbait,0,0.6248373985290527,clickbait
article_1638,Báo Mới,Giáo dục & Học đường,"Hà Nội điều động hơn 600 cán bộ, giáo viên làm nhiệm vụ kiểm tra, giám sát tại 233 điểm thi",non-clickbait,4,0.02978830225765705,non-clickbait
article_2993,Báo Mới,Công nghệ & Khoa học,Phi công tử nạn vì tránh rùa bò ngang qua đường băng,non-clickbait,2,0.20665378868579865,non-clickbait
article_1565,SaoStar,Thể thao,"HLV Kim Sang Sik triệu tập trung vệ học lớp 12, cao 1m95 của HAGL",non-clickbait,0,0.09178834408521652,non-clickbait
article_2873,Thanh Niên,Other,Trường ĐH VH-TT-DL Thanh Hóa đăng quang,non-clickbait,4,0.03504563868045807,non-clickbait
article_3606,Báo Mới,Other,"Hướng dẫn số lượng Phó Chủ tịch UBND cấp tỉnh, cấp xã; cơ cấu Ủy viên UBND cấp tỉnh, cấp xã",non-clickbait,1,0.031618766486644745,non-clickbait
article_1872,SaoStar,Giải trí & Showbiz,Lãnh Thanh trở lại sau biến cố liệt dây thần kinh số 7,non-clickbait,1,0.4389355182647705,non-clickbait
article_3216,24h,Giải trí & Showbiz,"Mỹ nhân ""vạn người mê” bỏ showbiz lấy chồng đại gia, sinh 3 con nhưng vẫn đi làm công ăn lương 35 triệu/tháng",clickbait,3,0.9807103276252747,clickbait
article_3186,24h,Giải trí & Showbiz,Danh hài Hoàng Mập bất ngờ rao bán biệt phủ triệu đô rộng 1.600m2,non-clickbait,2,0.8933094143867493,clickbait
article_0603,VnExpress,Kinh doanh & Kinh tế,Doanh nghiệp lo đội chi phí nếu mở rộng tái chế dầu nhờn,non-clickbait,3,0.07211220264434814,non-clickbait
article_3497,Báo Mới,Xe & Vận tải,Đồng hồ hơn 19.000 USD chứa cát ở tất cả tiểu vương quốc thuộc UAE,non-clickbait,1,0.5723044872283936,clickbait
article_0552,VnExpress,Kinh doanh & Kinh tế,Phó thủ tướng: Cần phương án khả thi gỡ vướng các dự án tồn đọng,non-clickbait,0,0.028843538835644722,non-clickbait
article_0355,Thanh Niên,Tin tức tổng hợp,Khởi tố vụ cán bộ ANTT tại Cà Mau bị đâm thủng ngực,non-clickbait,2,0.035813190042972565,non-clickbait
article_1601,24h,Thể thao,Lịch thi đấu bóng đá CLB Chelsea mới nhất,non-clickbait,0,0.09146321564912796,non-clickbait
article_1616,24h,Thể thao,"Bảng xếp hạng V-League, BXH bóng đá Việt Nam mới nhất",non-clickbait,3,0.12463856488466263,non-clickbait
article_3736,24h,Du lịch & Ẩm thực,Cứ đến giờ cơm là lại bí: Gợi ý 11 mâm cơm gia đình đơn giản cứu cánh cả tuần,clickbait,2,0.9692660570144653,clickbait
article_0106,Thanh Niên,Tin tức tổng hợp,Chung dòng máu Lạc Hồng: Gặp Việt Nam ở Hungary,non-clickbait,4,0.3773685693740845,non-clickbait
article_1313,24h,Kinh doanh & Kinh tế,Giá dầu tăng vọt giữa kỳ vọng vào đàm phán thương mại Mỹ - Trung,non-clickbait,0,0.12929275631904602,non-clickbait
article_0239,Báo Mới,Thể thao,Chuyển nhượng V-League mới nhất: CLB Hải Phòng chia tay trụ cột,non-clickbait,3,0.07935290038585663,non-clickbait
article_0762,Báo Mới,Other,"Sau hơn 4 năm, tỷ lệ hộ nghèo Quảng Ngãi giảm mạnh",non-clickbait,2,0.026455776765942574,non-clickbait
article_2695,24h,Other,Vẻ ngoài cơ bắp của 'búp bê Barbie sống' sau 10 năm,clickbait,2,0.9606574773788452,clickbait
article_1154,VnExpress,Other,Không bắt buộc người dân điều chỉnh giấy tờ nhà đất sau sáp nhập,non-clickbait,4,0.04894861951470375,non-clickbait
article_3582,24h,Xe & Vận tải,Ưu nhược điểm của Honda BR-V khi so kè với Toyota Veloz Cross,non-clickbait,4,0.07250525802373886,non-clickbait
article_0112,VietNamNet,Chính trị & An ninh,"Quốc hội biểu quyết công tác nhân sự, thông qua Luật Cán bộ công chức sửa đổi",non-clickbait,4,0.034423548728227615,non-clickbait
article_0584,VnExpress,Kinh doanh & Kinh tế,Có nên vay ngân hàng để xây nhà thời điểm này?,non-clickbait,0,0.8838388919830322,clickbait
article_2696,24h,Other,"Khổng Tú Quỳnh khoe nhan sắc bị ""thời gian bỏ quên” tuổi 33",clickbait,3,0.9725975394248962,clickbait
article_0973,Kênh14,Giải trí & Showbiz,"Cặp đôi ngôn tình đang khiến netizen ""đại chiến"" trên MXH: Nhà trai bị chê ""ở rể"" gây phẫn nộ",clickbait,2,0.9775643944740295,clickbait
article_3084,Tuổi Trẻ,Other,Fiato Airport City ‘cất cánh’ cùng sân bay Long Thành,clickbait,2,0.0643000528216362,non-clickbait
article_0210,24h,Tin tức tổng hợp,"VIDEO: Tài xế Xpander dùng xe mình ""ghìm"" xe Mercedes có tài xế bất tỉnh trên ghế lái",non-clickbait,0,0.6790190935134888,clickbait
article_0569,VnExpress,Kinh doanh & Kinh tế,Bán hàng trên sàn online nộp thuế thế nào từ 1/7,non-clickbait,1,0.04854108393192291,non-clickbait
article_1300,24h,Kinh doanh & Kinh tế,Nóng nhất trong ngày: Giá vàng tăng mạnh trở lại; Bất ngờ thành phần thực tế của sữa HIUP giả,clickbait,0,0.8482193946838379,clickbait
article_1361,Báo Mới,Other,Sinh viên Hà Nội tìm hiểu Nghị định 70 về hóa đơn điện tử,non-clickbait,3,0.01634012721478939,non-clickbait
article_0915,Thanh Niên,Kinh doanh & Kinh tế,"Nhà máy Bia Sài Gòn - Đắk Lắk: Sản xuất gắn với trách nhiệm xã hội vì môi trường, vì tương lai xanh",non-clickbait,3,0.015663649886846542,non-clickbait
article_1102,Báo Mới,Văn hóa & Nghệ thuật,Đường cờ Tổ quốc linh thiêng ở đảo Phú Quý,non-clickbait,2,0.04248320683836937,non-clickbait
article_2743,Báo Mới,Công nghệ & Khoa học,"VKSND tỉnh Nam Định hoàn thành dự án 'Số hóa hồ sơ – Công bố tài liệu, chứng cứ bằng hình ảnh tại phiên tòa'",non-clickbait,3,0.0137688172981143,non-clickbait
article_2059,Thanh Niên,Du lịch & Ẩm thực,MerPerle Dalat Hotel: Nâng tầm trải nghiệm nghỉ dưỡng 5 sao tại Đà Lạt,non-clickbait,4,0.0753123089671135,non-clickbait
article_1175,Tuổi Trẻ,Công nghệ & Khoa học,Camera trăm 'chấm' nhưng ảnh nhẹ tênh và 'bí mật' phía sau,clickbait,4,0.9586926698684692,clickbait
article_0674,VietNamNet,Kinh doanh & Kinh tế,"Đàm phán thuế quan tích cực, sàn 200 tỷ USD trên đỉnh 3 năm",non-clickbait,4,0.04564947262406349,non-clickbait
article_0211,24h,Tin tức tổng hợp,Cục CSGT: 'Sử dụng điện thoại khi đang lái xe là hành vi đặc biệt nguy hiểm',non-clickbait,1,0.1461481750011444,non-clickbait
article_1269,SaoStar,Giải trí & Showbiz,KPop Demon Hunters: 'Squid Game' thứ hai của Netflix?,clickbait,2,0.8807970285415649,clickbait
article_2698,24h,Other,"Tommy Hilfiger, Mercedes-AMG F1 và nghệ sĩ Clarence Ruth hợp tác cho một bộ sưu tập lấy cảm hứng từ xe đua",non-clickbait,1,0.0928521603345871,non-clickbait
article_3789,24h,Giáo dục & Học đường,ĐH Khoa học Tự nhiên TPHCM lần đầu quy đổi chứng chỉ ngoại ngữ,non-clickbait,3,0.015483987517654896,non-clickbait
article_0019,VnExpress,Tin tức tổng hợp,Bài phát biểu của Bộ trưởng Nguyễn Mạnh Hùng nhân 100 năm báo chí cách mạng Việt Nam,non-clickbait,1,0.03901166468858719,non-clickbait
article_1647,Báo Mới,Giáo dục & Học đường,"Kỳ thi tốt nghiệp THPT 2025: Hà Nội thực hiện nghiêm nguyên tắc '3 không', '4 đúng', '6 rõ'",non-clickbait,4,0.05834583565592766,non-clickbait
article_0980,SaoStar,Giải trí & Showbiz,"Nữ ca sĩ giải nghệ sau khi lấy chồng siêu giàu, nay ly hôn trở lại showbiz kiếm tiền",clickbait,3,0.9831821918487549,clickbait
article_0636,Thanh Niên,Quốc tế,Căng thẳng Thái Lan - Campuchia tiếp tục leo thang,non-clickbait,1,0.06596493721008301,non-clickbait
article_0042,VnExpress,Tin tức tổng hợp,Hà Nội sử dụng loạt xe vệ sinh môi trường mới,non-clickbait,0,0.035544395446777344,non-clickbait
article_1824,Thanh Niên,Giáo dục & Học đường,Tài liệu hữu ích với học sinh lớp 12,non-clickbait,2,0.0631926879286766,non-clickbait
article_0387,Thanh Niên,Other,"LiveTư vấn sức khỏe: Tiêm vắc xin và phòng té ngã, đột quỵ cho người cao tuổi",non-clickbait,1,0.07599521428346634,non-clickbait
article_0063,Tuổi Trẻ,Chính trị & An ninh,"Vừa ra tù về tội hiếp dâm, 2 tháng sau lại tiếp tục hiếp dâm trẻ em",non-clickbait,2,0.08678673207759857,non-clickbait
article_3571,24h,Xe & Vận tải,"Ngắm dòng sedan kiểu dáng đẹp New Mazda 2, giá từ 408 triệu đồng",non-clickbait,3,0.02598206140100956,non-clickbait
article_2676,24h,Other,Taylor Swift diện váy ngắn tôn chân dài trong buổi hẹn hò,non-clickbait,2,0.10659755766391754,non-clickbait
article_1160,VnExpress,Other,Dự án D-Homme bàn giao nhà trong tháng 6,non-clickbait,2,0.018264278769493103,non-clickbait
article_0543,Báo Mới,Quốc tế,"Không phận bị xé nát, hàng không toàn cầu lao đao trước cơn bão xung đột",non-clickbait,3,0.916857123374939,clickbait
article_3575,24h,Xe & Vận tải,Chọn mua xe sedan cũ trong tầm trên dưới 400 triệu,non-clickbait,4,0.21650807559490204,non-clickbait
article_2833,Thanh Niên,Thể thao,Highlight Al Ain 0-5 Juventus: Chênh lệch đẳng cấp | FIFA Club World Cup 2025™,non-clickbait,4,0.07036770135164261,non-clickbait
article_1251,VietNamNet,Giáo dục & Học đường,"10 đại học hàng đầu thế giới, trường đứng số 1 giữ vững ngôi vị suốt 14 năm",clickbait,4,0.07185126841068268,non-clickbait
article_2175,Báo Mới,Other,'Dậy sóng' với đoạn clip hát tại quán nhậu của ca sĩ Dương Hoàng Yến,clickbait,3,0.9752489924430847,clickbait
article_3481,Báo Mới,Xe & Vận tải,SUV Trung Quốc Haval H6 HEV giảm giá tới 246 triệu đồng tại đại lý,non-clickbait,2,0.039787810295820236,non-clickbait
article_0126,VietNamNet,Chính trị & An ninh,Đề xuất ngân sách cấp lần đầu 5.000 tỷ đồng thành lập quỹ nhà ở trung ương,non-clickbait,4,0.03775027394294739,non-clickbait
article_1568,24h,Thể thao,"Video bóng đá Man City - Al Ain: Đại tiệc 6 bàn, Haaland ""khai hỏa"" (FIFA Club World Cup)",non-clickbait,3,0.619154691696167,clickbait
article_1523,VietNamNet,Quốc tế,"Iran dọa tấn công vũ khí nước ngoài gửi tới Israel, 3 tiêm kích F-14 bị phá hủy",non-clickbait,4,0.04804736003279686,non-clickbait
article_1130,VnExpress,Other,Sun Group ra mắt ba tòa tháp bên biển Vũng Tàu,non-clickbait,4,0.03194934129714966,non-clickbait
article_0452,SaoStar,Sức khỏe & Đời sống,Dự báo thời tiết thành phố Hà Nội trong ngày 21/6,non-clickbait,1,0.05707140266895294,non-clickbait
article_2265,Tuổi Trẻ,Giải trí & Showbiz,"Top 5 anime kiếm tiền nhiều nhất thế giới, One Piece bất ngờ nằm chót bảng",clickbait,1,0.9533185362815857,clickbait
article_0858,VnExpress,Công nghệ & Khoa học,Hình xăm ảnh hưởng hệ miễn dịch thế nào?,non-clickbait,4,0.914290726184845,clickbait
article_1583,24h,Thể thao,"Video U21 Đức - U21 Italia: ""Mưa"" bàn thắng, 2 thẻ đỏ sau 120 phút (U21 châu Âu)",non-clickbait,1,0.11976800858974457,non-clickbait
article_1897,24h,Thể thao,Nóng nhất thể thao chiều 23/6: Oklahoma City Thunder giành chức vô địch NBA đầu tiên,non-clickbait,3,0.09442687779664993,non-clickbait
article_3160,24h,Giải trí & Showbiz,Em gái quốc dân bị cô lập,clickbait,3,0.9576753973960876,clickbait
article_2685,24h,Other,Nữ kỹ sư IT du học Mỹ đăng quang Hoa hậu Hoàn vũ Việt Nam 2025 là ai?,non-clickbait,2,0.7449811697006226,clickbait
article_1318,24h,Kinh doanh & Kinh tế,"Việt Nam có loại mít ""siêu lạ”, chỉ bằng nắm tay nhưng giá lên tới 70 nghìn đồng/kg",clickbait,4,0.9472835659980774,clickbait
article_1791,Thanh Niên,Giáo dục & Học đường,Luật Nhà giáo chính thức được thông qua: ‘Vị thế nhà giáo được nâng cao’,non-clickbait,3,0.02909075655043125,non-clickbait
article_0968,Kênh14,Giải trí & Showbiz,"Siêu phẩm ngôn tình chiếu 40 lần vẫn chiếm top 1 rating cả nước: Cặp chính đẹp đôi kịch trần, outfit sau 10 năm vẫn đỉnh",clickbait,2,0.9761518836021423,clickbait
article_3038,VnExpress,Other,Kiếm 100.000 USD nhờ tố cáo lỗi giao thông của người khác,non-clickbait,1,0.9405717849731445,clickbait
article_3426,VietNamNet,Du lịch & Ẩm thực,"'Thót tim' cảnh khách lao ra đường ray, trượt ngã ở phố cà phê đường tàu Hà Nội",clickbait,1,0.8901033401489258,clickbait
article_1618,24h,Thể thao,Lịch thi đấu bóng đá CLB Atletico Madrid mới nhất,non-clickbait,0,0.07257094979286194,non-clickbait
article_0118,VietNamNet,Chính trị & An ninh,Nhiều lãnh đạo ở Đắk Lắk không đủ tuổi tái cử nhiệm kỳ mới,non-clickbait,2,0.022074388340115547,non-clickbait
article_3496,Báo Mới,Xe & Vận tải,"Rò rỉ ảnh của Xiaomi YU7 bản hiệu suất cao, đâu cũng là carbon",non-clickbait,2,0.9126699566841125,clickbait
article_2844,Thanh Niên,Other,"Messi và Inter Miami tạo lịch sử tại Club World Cup, cú hích 1 tỉ USD",non-clickbait,2,0.46556970477104187,non-clickbait
article_1061,Báo Mới,Other,Lần đầu công diễn kiệt tác ballet thế giới Don Quixote tại Việt Nam,non-clickbait,1,0.051605965942144394,non-clickbait
article_2712,Báo Mới,Other,"Ưu đãi dành cho hộ kinh doanh, tiểu thương sử dụng Loa TingTing PVcomBank",non-clickbait,4,0.036390893161296844,non-clickbait
article_3436,24h,Xe & Vận tải,"Brixton Felsberg 125 – ""Chiến binh” retro scrambler đổ bộ thị trường",non-clickbait,4,0.13067321479320526,non-clickbait
article_1039,24h,Kinh doanh & Kinh tế,"""Ông chủ” Facebook mạnh tay chi tới 100 triệu USD tiền thưởng kèm lương để thu hút nhân tài",non-clickbait,2,0.3940187990665436,non-clickbait
article_1193,Thanh Niên,Other,"Hè 2025 ở Việt Nam ngắn hơn năm ngoái 15 phút, vì sao?",clickbait,4,0.6837891340255737,clickbait
article_3764,24h,Du lịch & Ẩm thực,Mùa hè dạo thuyền trên sông Chày ở Phong Nha - Kẻ Bàng,non-clickbait,1,0.15823937952518463,non-clickbait
article_3572,24h,Xe & Vận tải,Land Rover Defender phiên bản nâng cấp lộ diện,non-clickbait,3,0.17441026866436005,non-clickbait
article_3739,24h,Du lịch & Ẩm thực,Bữa cơm trang trí dễ thương cho ngày 1/6,non-clickbait,1,0.30606016516685486,non-clickbait
article_0310,VnExpress,Quốc tế,Mỹ không kích cơ sở hạt nhân Iran,non-clickbait,3,0.030071841552853584,non-clickbait
article_0533,Báo Mới,Quốc tế,4 quân bài hiểm Iran có thể lựa chọn để trả đũa đòn tấn công của Mỹ,clickbait,2,0.913135826587677,clickbait
article_0229,Báo Mới,Thể thao,"Man City 'đánh tennis', đoạt vé sớm vào vòng 1/8 FIFA Club World Cup",clickbait,1,0.13034076988697052,non-clickbait
article_0492,24h,Quốc tế,Ấn Độ và Pakistan từng thuộc cùng một đế chế do hậu duệ Thành Cát Tư Hãn cai trị như thế nào?,non-clickbait,3,0.8779484629631042,clickbait
article_2017,Tuổi Trẻ,Văn hóa & Nghệ thuật,"Tenor Thế Huy: Được hát để được thấy, và thấu",non-clickbait,4,0.27997612953186035,non-clickbait
article_0696,Kênh14,Giải trí & Showbiz,Từ EDM Festival đến mega concert Kpop đưa G-Dragon về Việt Nam: Ravolution Asia bùng nổ bước chuyển mình chiến lược,clickbait,2,0.06003152206540108,non-clickbait
article_0736,24h,Chính trị & An ninh,[CLIP] Hai đối tượng dùng dao khống chế nữ nhân viên cửa hàng thời trang,non-clickbait,4,0.1330205351114273,non-clickbait
article_1242,Thanh Niên,Other,Thi ảnh Khát vọng năm rồng: Hạnh phúc bên nhau,non-clickbait,2,0.281504362821579,non-clickbait
article_1055,Báo Mới,Other,Trải nghiệm Đồng Cao,non-clickbait,0,0.08624648302793503,non-clickbait
article_1713,VnExpress,Thể thao,Cầu thủ Dortmund tránh nóng trong phòng thay đồ,non-clickbait,2,0.06859986484050751,non-clickbait
article_0682,VietNamNet,Kinh doanh & Kinh tế,"Giá vàng hôm nay 21/6/2025 biến động thất thường, SJC vụt tăng trở lại",non-clickbait,0,0.07191642373800278,non-clickbait
article_3231,24h,Giải trí & Showbiz,"Khi Phan Mạnh Quỳnh ""buông mic""",clickbait,0,0.9053641557693481,clickbait
article_2556,Tuổi Trẻ,Thể thao,Xem bàn thắng được FIFA trao giải Puskas 2023,non-clickbait,2,0.06008664518594742,non-clickbait
article_3155,VietNamNet,Other,Tránh rủi ro khi mua nhà: Những câu hỏi giúp bạn tiết kiệm cả trăm triệu,clickbait,3,0.9736446738243103,clickbait
article_0058,Tuổi Trẻ,Other,Thời tiết hôm nay 23-6: Bắc Bộ và Nam Bộ vẫn mưa to,non-clickbait,2,0.028463024646043777,non-clickbait
article_2435,Báo Mới,Chính trị & An ninh,Công an Hà Nội khởi tố hàng chục người ở Viện pháp y tâm thần Trung ương,non-clickbait,0,0.03146960213780403,non-clickbait
article_1830,VietNamNet,Sức khỏe & Đời sống,Từ gánh bún thang đông kín ở chợ Đồng Xuân tới nhà hàng đón tỷ phú thế giới,clickbait,3,0.6074885129928589,clickbait
article_2367,Kênh14,Sức khỏe & Đời sống,"Đi chợ mua chuối, thấy 4 loại này thì quay xe bỏ đi ngay không cần do dự!",clickbait,0,0.9638139605522156,clickbait
article_2442,Báo Mới,Chính trị & An ninh,Xử lý gần 56.000 người thuê dịch vụ làm phiếu lý lịch tư pháp ra sao?,non-clickbait,3,0.8613050580024719,clickbait
article_2813,Tuổi Trẻ,Giáo dục & Học đường,Đình chỉ hoạt động đào tạo đại học Trường đại học Hà Hoa Tiên,non-clickbait,4,0.03225276619195938,non-clickbait
article_2355,VietNamNet,Công nghệ & Khoa học,Chưa bao giờ vai trò dẫn đường của báo chí chân chính cần thiết đến thế,non-clickbait,3,0.598986804485321,clickbait
article_3028,VnExpress,Other,Ôtô bị đâm xoay ngang sau khi kèn cựa trên cao tốc,non-clickbait,4,0.10479753464460373,non-clickbait
article_0300,VnExpress,Quốc tế,Iran treo cổ người bị kết án làm gián điệp cho Israel,non-clickbait,2,0.03591449558734894,non-clickbait
article_1273,SaoStar,Giải trí & Showbiz,Quốc Sắc Phương Hoa 2 được dự đoán sẽ thất bại,clickbait,4,0.5091390013694763,clickbait
article_2116,SaoStar,Giáo dục & Học đường,"Học trò lớp 2 viết bài văn về bố, câu nào cũng đầy ắp yêu thương",non-clickbait,1,0.8725647330284119,clickbait
article_0810,Báo Mới,Tin tức tổng hợp,"Dù có cơ chế miễn trách nhiệm, cán bộ xử lý việc phức tạp, nhạy cảm vẫn lo lắng",non-clickbait,2,0.06773144751787186,non-clickbait
article_1878,SaoStar,Sức khỏe & Đời sống,6 thức uống detox giúp giảm cân một cách tự nhiên mà không cần tới phòng gym,clickbait,3,0.9682613611221313,clickbait
article_1049,Báo Mới,Other,Du lịch Thái Lan hết cảnh đứng đầu Đông Nam Á,non-clickbait,2,0.7514201998710632,clickbait
article_0153,SaoStar,Giải trí & Showbiz,"Tình trạng đáng lo của nam diễn viên ngã gục, ngất xỉu trên livestream",clickbait,4,0.9465966820716858,clickbait
article_1705,VnExpress,Thể thao,Guardiola: 'Nhiều cầu thủ sẽ buồn nếu ở lại Man City',clickbait,4,0.6160555481910706,clickbait
article_0923,Thanh Niên,Other,Giá vàng bị thổi bay 1 triệu đồng/lượng khi lực bán tăng,non-clickbait,1,0.2526605427265167,non-clickbait
article_2544,Tuổi Trẻ,Thể thao,"Sau Indonesia, đến phiên dàn sao nhập tịch Malaysia thất nghiệp",non-clickbait,2,0.9053223133087158,clickbait
article_1234,Thanh Niên,Sức khỏe & Đời sống,"Chậu mai giá 500 triệu ở chợ hoa 'khu nhà giàu' TP.HCM: Khách trả 350 triệu, chủ có bán không?",clickbait,0,0.9191359281539917,clickbait
article_3585,Báo Mới,Other,"2 khoản tiền cao nhất người dân bắt buộc phải nộp khi làm Sổ đỏ trong năm 2025, ai cũng cần biết",clickbait,2,0.9770445227622986,clickbait
article_1659,Báo Mới,Giáo dục & Học đường,Thi cấp phép hành nghề y toàn quốc để chuẩn hóa năng lực bác sĩ,non-clickbait,4,0.047735653817653656,non-clickbait
article_1494,Thanh Niên,Other,'Cứu' làn da bị sẹo lõm với công nghệ RF Microneedling,non-clickbait,2,0.16913123428821564,non-clickbait
article_2317,Thanh Niên,Other,Phát hiện ngôi mộ 4.000 năm tuổi ở Ai Cập,non-clickbait,0,0.08532742410898209,non-clickbait
article_2107,SaoStar,Giáo dục & Học đường,Chiến lược đào tạo thực tế khiến ngành Logistics tại HUTECH hút giới trẻ chọn học,non-clickbait,2,0.13586142659187317,non-clickbait
article_1776,Thanh Niên,Giáo dục & Học đường,"Đã có điểm chuẩn lớp 10 chuyên, tích hợp, bạn đọc xem tại đây",non-clickbait,3,0.019643759354948997,non-clickbait
article_2908,VietNamNet,Xe & Vận tải,"Vật dụng thiết yếu trong xe hơi chứa đầy vi khuẩn, cảnh báo khẩn đến các tài xế",clickbait,2,0.9711838364601135,clickbait
article_1068,Báo Mới,Other,Áo dài – Biểu tượng văn hóa hấp dẫn du khách ghé thăm Sài Gòn,non-clickbait,2,0.15184348821640015,non-clickbait
article_0401,VietNamNet,Tin tức tổng hợp,Ba giờ giải cứu nhóm thanh niên leo núi bị lạc,non-clickbait,2,0.062388136982917786,non-clickbait
article_3441,24h,Xe & Vận tải,Giá xe máy điện VinFast mới nhất giữa tháng 6/2025,non-clickbait,1,0.04917643591761589,non-clickbait
article_3401,Thanh Niên,Other,"Mẹo lái xe lên, xuống dốc hầm xoắn ốc tránh bị va quẹt",non-clickbait,1,0.21428008377552032,non-clickbait
article_3798,24h,Giáo dục & Học đường,"Dự đoán top trường điểm chuẩn lớp 10 cao nhất TPHCM 2025, 1 trường mới cao vút",non-clickbait,4,0.4531559944152832,non-clickbait
article_3652,24h,Giải trí & Showbiz,Đại tướng Phan Văn Giang: Hải quân và nhiều lực lượng sẽ diễu binh trên biển,non-clickbait,1,0.039305612444877625,non-clickbait
article_2498,VnExpress,Other,Loạt thí sinh đăng ký vào Bách khoa Hà Nội với điểm chứng chỉ tuyệt đối,non-clickbait,0,0.02838212437927723,non-clickbait
article_2662,SaoStar,Công nghệ & Khoa học,Cha đẻ ChatGPT đưa ra lời khuyên giúp Gen Z không bị mất việc trong thời đại AI,clickbait,4,0.8208287358283997,clickbait
article_1478,Thanh Niên,Sức khỏe & Đời sống,Có nên sử dụng miếng dán mụn?,non-clickbait,0,0.8381505608558655,clickbait
article_2781,VnExpress,Other,Những người trẻ ngơ ngác vì được bảo bọc quá mức,non-clickbait,2,0.9692660570144653,clickbait
article_0205,24h,Tin tức tổng hợp,"Mưa lớn kéo dài, 2 thủy điện ở Nghệ An xả lũ trong đêm",non-clickbait,2,0.038214150816202164,non-clickbait
article_0304,VnExpress,Quốc tế,'Canh bạc lớn' của Tổng thống Trump khi tập kích Iran,clickbait,2,0.9502726793289185,clickbait
article_1778,Thanh Niên,Giáo dục & Học đường,Công bố điểm khảo sát lớp 6 Trường Trần Đại Nghĩa vào chiều nay,non-clickbait,3,0.020864255726337433,non-clickbait
article_2479,Báo Mới,Chính trị & An ninh,"Khởi tố, bắt tạm giam Chủ tịch Công ty nước GMT Sỹ Anh Tuyên",non-clickbait,0,0.030444350093603134,non-clickbait
article_3144,VietNamNet,Other,"Kiên Giang cấp phép đầu tư 3 dự án 'siêu khủng', tổng vốn hơn 90.000 tỷ đồng",clickbait,4,0.3576236069202423,non-clickbait
article_0797,Báo Mới,Other,"Va chạm xe tải và xe đạp điện, 4 em nhỏ thương vong ở Đắk Lắk",non-clickbait,4,0.058507006615400314,non-clickbait
article_1449,Thanh Niên,Sức khỏe & Đời sống,"Vì sao quả vải chín quá, nứt nẻ không nên ăn mà phải vứt đi?",clickbait,3,0.9772191047668457,clickbait
article_1089,Báo Mới,Other,Ra mắt MV nghệ thuật độc đáo 'Nghi thức',non-clickbait,2,0.10447731614112854,non-clickbait
article_0511,Báo Mới,Quốc tế,Căng thẳng Israel-Iran: Cận cảnh máy bay ném bom tàng hình B-2 Spirit,non-clickbait,2,0.33393749594688416,non-clickbait
article_3166,24h,Giải trí & Showbiz,"Cặp đôi đóng mẹ con trên phim nhưng yêu nhau ngoài đời, nhà trai vừa đẹp vừa giỏi nhưng bất hạnh nhất showbiz",clickbait,3,0.9764904975891113,clickbait
article_1120,VnExpress,Other,The Pathway góp phần làm mới diện mạo đô thị biển Sầm Sơn,non-clickbait,3,0.02161533385515213,non-clickbait
article_3019,Báo Mới,Công nghệ & Khoa học,"Chiêm ngưỡng thiên nhiên đa sắc màu từ các loài bướm, côn trùng",non-clickbait,3,0.03167862445116043,non-clickbait
article_1253,VietNamNet,Giáo dục & Học đường,"Điểm chuẩn vào lớp 6 Trường THCS Cầu Giấy, 25,25 điểm mới đỗ",non-clickbait,4,0.04119143635034561,non-clickbait
article_3679,24h,Thể thao,"Video bóng đá Sundowns - Dortmund: Đôi công hấp dẫn, rượt đuổi 7 bàn (FIFA Club World Cup)",non-clickbait,3,0.05276518687605858,non-clickbait
article_1385,VnExpress,Other,Có nên ngủ cùng thú cưng?,clickbait,2,0.9440222382545471,clickbait
article_3622,Báo Mới,Other,Đà Nẵng: Đầu tư 490 tỷ đồng xây dựng không gian đổi mới sáng tạo,non-clickbait,1,0.032466817647218704,non-clickbait
article_0535,Báo Mới,Quốc tế,Đóng cửa eo biển Hormuz là 'hành động tự sát' của Iran?,clickbait,4,0.911337673664093,clickbait
article_0798,Báo Mới,Other,"Một ngày, 3 vụ xe máy đâm vào hàng rào phân cách Võ Chí Công, Phạm Văn Đồng",non-clickbait,0,0.04035123810172081,non-clickbait
article_1015,24h,Kinh doanh & Kinh tế,Tesla của Elon Musk ký kết thỏa thuận xây dựng nhà máy năng lượng pin quy mô lưới điện lớn nhất Trung Quốc,non-clickbait,3,0.020177319645881653,non-clickbait
article_2903,VietNamNet,Xe & Vận tải,4 vật dụng tuyệt đối không để trong xe hơi khi đỗ dưới trời nắng nóng,clickbait,4,0.8434443473815918,clickbait
article_0135,VietNamNet,Chính trị & An ninh,"Dự kiến mã số đơn vị hành chính của 34 tỉnh, thành sau sáp nhập",non-clickbait,4,0.039787810295820236,non-clickbait
article_0291,VnExpress,Quốc tế,Phó tổng thống Vance: Mỹ không ở trong chiến tranh với Iran,non-clickbait,3,0.018404891714453697,non-clickbait
article_0137,VietNamNet,Chính trị & An ninh,Thủ tướng Phạm Minh Chính sắp có chuyến công tác tại Trung Quốc,non-clickbait,4,0.028734320774674416,non-clickbait
article_0542,Báo Mới,Quốc tế,Lượng lớn uranium đã 'biến mất' trước khi Mỹ tấn công Iran,non-clickbait,2,0.7708962559700012,clickbait
article_1466,Thanh Niên,Sức khỏe & Đời sống,"Muốn thận khỏe, thử làm các điều sau",clickbait,0,0.8919052481651306,clickbait
article_3290,VnExpress,Other,Làng chài hoang sơ quanh Mũi Vi Rồng,non-clickbait,2,0.04220600053668022,non-clickbait
article_1176,Tuổi Trẻ,Công nghệ & Khoa học,Robot trị liệu tâm lý: Có thấu hiểu hay chỉ biết lắng nghe?,non-clickbait,3,0.9390807151794434,clickbait
article_3031,VnExpress,Other,Chọn Mercedes C200 hay Toyota Camry HEV?,non-clickbait,3,0.3028548061847687,non-clickbait
article_2064,Thanh Niên,Other,Khi âm nhạc kết hợp với du lịch trong Forestival 2025,non-clickbait,2,0.049958523362874985,non-clickbait
article_2902,VietNamNet,Xe & Vận tải,Mỗi tháng trả 12 triệu đồng thuê mặt tiền chỉ để nhìn ô tô đỗ kín lối vào!,clickbait,1,0.9213575720787048,clickbait
article_1004,SaoStar,Giải trí & Showbiz,"G-Dragon bị một fan lén sờ tay tại sân bay Nội Bài, hoang mang tột độ",clickbait,2,0.9734434485435486,clickbait
article_2251,VnExpress,Other,Công an Cần Thơ có người phụ trách mới,non-clickbait,2,0.02122640050947666,non-clickbait
article_3643,Báo Mới,Other,Tỉnh Gia Lai mới vận hành thử nghiệm mô hình chính quyền địa phương 2 cấp,non-clickbait,0,0.023599296808242798,non-clickbait
article_2839,Thanh Niên,Thể thao,Highlight CLB Bình Dương 1-4 CLB Nam Định | Vòng 9 V-League 2024-2025,non-clickbait,4,0.0468556247651577,non-clickbait
article_2150,24h,Công nghệ & Khoa học,"iPhone bỗng dưng ""treo táo"" và chớp nháy liên tục? Đây là cách ""cấp cứu"" tại nhà",clickbait,3,0.9728049635887146,clickbait
article_1694,VnExpress,Thể thao,Trần Minh Vương: 'Tuổi thanh xuân trụ hạng với HAGL luôn đẹp',non-clickbait,1,0.6620867252349854,clickbait
article_2115,SaoStar,Giáo dục & Học đường,"Bị giáo viên chê không dạy nổi', cô gái nghèo vay 3,3 tỷ đi du học và cái kết",clickbait,1,0.9668514132499695,clickbait
article_2400,SaoStar,Kinh doanh & Kinh tế,Giá xăng dầu hôm nay 9/6: Tiếp tục tăng mạnh,non-clickbait,0,0.04324442148208618,non-clickbait
article_3387,Thanh Niên,Other,"VinFast Fadil giữ giá tốt, được nhiều người chọn mua",non-clickbait,3,0.0629042461514473,non-clickbait
article_0482,24h,Quốc tế,Tiết lộ cách Israel ám sát các nhà khoa học hạt nhân Iran ngay tại nơi ở,clickbait,0,0.6366355419158936,clickbait
article_2869,Thanh Niên,Other,"Cầu thủ nhập tịch Indonesia không muốn về nước thi đấu, thất nghiệp đến bao lâu?",clickbait,1,0.9476239681243896,clickbait
article_1351,Báo Mới,Kinh doanh & Kinh tế,Sóc Trăng tạo đột phá từ các dự án chiến lược,non-clickbait,2,0.025736059993505478,non-clickbait
article_1795,Thanh Niên,Giáo dục & Học đường,Kỹ năng làm bài thi tốt nghiệp THPT đạt kết quả tốt nhất,non-clickbait,1,0.057123973965644836,non-clickbait
article_0650,Thanh Niên,Other,"Chiến sự Ukraine ngày 1.214: UAV thành tâm điểm, ông Putin ra tuyên bố mới",non-clickbait,2,0.6637234091758728,clickbait
article_1469,Thanh Niên,Sức khỏe & Đời sống,"'Truyền thông y tế, truyền thông tinh tế'",non-clickbait,3,0.026708463206887245,non-clickbait
article_0645,Thanh Niên,Quốc tế,"Iran giáng cơn thịnh nộ, Israel thiệt hại nặng",clickbait,3,0.1452365517616272,non-clickbait
article_2505,VnExpress,Other,16 đại học tuyển ngành Y khoa bằng tổ hợp có Tiếng Anh,non-clickbait,3,0.018564347177743912,non-clickbait
article_0350,Thanh Niên,Tin tức tổng hợp,"Bình Thuận: Công bố 45 trưởng công an xã, phường, đặc khu",non-clickbait,3,0.013689476996660233,non-clickbait
article_2425,Báo Mới,Chính trị & An ninh,"VKSND tối cao phê chuẩn khởi tố, bắt tạm giam Chủ tịch HĐQT Công ty cổ phần nước GMT và đồng phạm",non-clickbait,0,0.0313507616519928,non-clickbait
article_1780,Thanh Niên,Giáo dục & Học đường,"Đã có điểm thi lớp 10 của TP.HCM, bạn đọc tra cứu tại đây",non-clickbait,1,0.06435883790254593,non-clickbait
article_0800,Báo Mới,Tin tức tổng hợp,"Triển khai Kế hoạch chuyển đổi số liên thông, đồng bộ đáp ứng yêu cầu sắp xếp tổ chức bộ máy",non-clickbait,2,0.014254463836550713,non-clickbait
article_0279,VnExpress,Quốc tế,Cơ sở hạt nhân Iran thiệt hại thế nào sau đòn tập kích của Mỹ?,non-clickbait,1,0.8442164063453674,clickbait
article_3597,Báo Mới,Other,Bản tin chiều 23/6: TP. Thủ Đức sẽ thí điểm miễn giấy phép xây dựng nhà ở riêng lẻ,non-clickbait,0,0.024492992088198662,non-clickbait
article_2764,VnExpress,Other,Vượt qua nỗi sợ có con,clickbait,3,0.8262916803359985,clickbait
article_3112,Thanh Niên,Other,iOS 26 giúp người dùng iPhone tạo nhạc chuông riêng dễ dàng,non-clickbait,3,0.1264611780643463,non-clickbait
article_2782,VnExpress,Other,Ly hôn vì ngoại tình tài chính,clickbait,0,0.849597156047821,clickbait
article_1143,VnExpress,Other,Vị trí tôn giá trị căn hộ hạng sang Sun Solar Residence,non-clickbait,3,0.0384661927819252,non-clickbait
article_2897,VietNamNet,Xe & Vận tải,"Loạt xe MPV 7 chỗ ngồi đang được giảm giá sâu, dân mua chạy dịch vụ 'mừng thầm'",clickbait,3,0.9669452905654907,clickbait
article_0577,VnExpress,Kinh doanh & Kinh tế,Chấp nhận giảm doanh thu để thử nghiệm AI,non-clickbait,3,0.029035642743110657,non-clickbait
article_2995,Báo Mới,Công nghệ & Khoa học,Ngỡ ngàng đền tang lễ hoàng gia Ai Cập ẩn chứa bí mật lớn,clickbait,1,0.9291195869445801,clickbait
article_2972,Báo Mới,Công nghệ & Khoa học,Con người có thể sống trên sao Hỏa nhờ 'ốc đảo không gian',clickbait,0,0.4471736252307892,non-clickbait
article_3487,Báo Mới,Xe & Vận tải,296 Speciale Piloti: Bản Ferrari cá nhân hóa mang đậm dấu ấn Le Mans,non-clickbait,3,0.020705251023173332,non-clickbait
article_1782,Thanh Niên,Giáo dục & Học đường,"Gần ngày thi tốt nghiệp THPT: Nên học gì, nghỉ ngơi thế nào?",clickbait,3,0.9093450307846069,clickbait
article_2106,VietNamNet,Sức khỏe & Đời sống,Nam thanh niên ở Hà Nội nhập viện khẩn cấp sau buổi tập gym,clickbait,1,0.0972188413143158,non-clickbait
article_0703,SaoStar,Quốc tế,"Cặp vợ chồng ăn sáng bằng thịt chuột bắt trong vườn, ít ngày sau nhiễm bệnh nguy hiểm",non-clickbait,3,0.9793145656585693,clickbait
article_0337,Tuổi Trẻ,Quốc tế,Người Việt ở Mỹ mong ổn định kinh doanh,non-clickbait,1,0.3076179623603821,non-clickbait
article_0785,Báo Mới,Other,"Công an tỉnh Lạng Sơn giúp nhân dân ứng phó với mưa lớn, ngập lụt",non-clickbait,1,0.043042849749326706,non-clickbait
article_3326,VnExpress,Other,Hái mận ở Mộc Châu,clickbait,2,0.09640762209892273,non-clickbait
article_1414,VnExpress,Other,Những điều nên biết về HPV ở nữ giới,non-clickbait,4,0.6850546598434448,clickbait
article_2055,Thanh Niên,Other,Vải trứng Hưng Yên 'siêu hot' giá hơn 200.000 đồng/kg lên thực đơn máy bay,clickbait,2,0.9068183302879333,clickbait
article_2616,VietNamNet,Chính trị & An ninh,"Định cư ở nước ngoài, bằng lái B2 sắp hết hạn có đổi được không?",non-clickbait,3,0.13563229143619537,non-clickbait
article_0053,Tuổi Trẻ,Tin tức tổng hợp,Bộ trưởng Nguyễn Hải Ninh nói về cơ chế miễn trách nhiệm cho cán bộ khi xử lý vấn đề nhạy cảm,non-clickbait,2,0.02416844479739666,non-clickbait
article_0491,24h,Quốc tế,"Vị hoàng đế có tư tưởng ""thoáng"", vĩ đại nhất lịch sử Ấn Độ",non-clickbait,0,0.8892406225204468,clickbait
article_1611,24h,Thể thao,"Chuyển nhượng MU sôi sục: Onana từ chối đến đội dự Cúp C1, Napoli nhắm Hojlund",non-clickbait,1,0.23563562333583832,non-clickbait
article_0648,Thanh Niên,Other,Mỗi ngày có hơn 1.000 người thành triệu phú USD tại Mỹ,clickbait,4,0.21808594465255737,non-clickbait
article_3370,Thanh Niên,Other,Phân biệt biển báo ô tô quay ngang và dọc thế nào để tránh bị phạt?,non-clickbait,1,0.8303879499435425,clickbait
article_0862,VnExpress,Công nghệ & Khoa học,WhatsApp chia sẻ nhầm số điện thoại của người dùng,non-clickbait,1,0.5723344087600708,clickbait
article_3461,24h,Xe & Vận tải,"Clip: Thanh niên bỏ xe đạp ""đổi"" xe máy của người phụ nữ đi chợ nhanh như chớp",clickbait,4,0.9062390327453613,clickbait
article_0877,Tuổi Trẻ,Kinh doanh & Kinh tế,Lý do Công ty Ăn Cùng Bà Tuyết giải thể,clickbait,1,0.09929539263248444,non-clickbait
article_0268,Báo Mới,Thể thao,"Lautaro Martinez ghi tuyệt phẩm, Inter Milan thắng nhọc đội bóng châu Á",non-clickbait,3,0.20729495584964752,non-clickbait
article_2541,Tuổi Trẻ,Thể thao,Làng bóng đá lo Yamal sinh hư khi 'cặp kè' Neymar,clickbait,3,0.9745803475379944,clickbait
article_3259,Báo Mới,Other,7 thực phẩm tốt cho tim bác sĩ khuyên dùng,clickbait,0,0.8339340686798096,clickbait
article_0453,SaoStar,Sức khỏe & Đời sống,"Lịch âm hôm nay 21/6/2025: Dễ thắng kiện, tránh khởi sự lớn",non-clickbait,4,0.1809011697769165,non-clickbait
article_1212,Thanh Niên,Other,Tử vi hằng ngày - Xem tử vi vui 12 con giáp ngày 23.6.2025,non-clickbait,4,0.07821886241436005,non-clickbait
article_3012,Báo Mới,Công nghệ & Khoa học,Lặng người với nghị lực phi thường của 'cô gái người máy' Trung Quốc,clickbait,3,0.9651191234588623,clickbait
article_1411,VnExpress,Other,Làm thế nào phòng rối loạn nhịp tim?,non-clickbait,2,0.7375836372375488,clickbait
article_0314,VnExpress,Quốc tế,"Khí cầu chở 21 người bốc cháy, lao xuống đất ở Brazil",non-clickbait,0,0.09113914519548416,non-clickbait
article_0233,Báo Mới,Thể thao,Vua phá lưới V-League 2024/2025: Tiến Linh làm điều chưa từng có trong lịch sử,clickbait,1,0.9000915288925171,clickbait
article_1980,VnExpress,Other,G-Dragon 'cháy' cùng chục nghìn fan dưới mưa ở Mỹ Đình,non-clickbait,2,0.44280967116355896,non-clickbait
article_2831,Thanh Niên,Thể thao,Minh Vương rời đi: Thế hệ vàng một thời của HAGL giờ ở đâu,clickbait,2,0.8418906927108765,clickbait
article_2930,SaoStar,Du lịch & Ẩm thực,Hội An 2025: Khi phố cổ lên đèn và ký ức bừng sáng,clickbait,4,0.4025976061820984,non-clickbait
article_1271,SaoStar,Giải trí & Showbiz,5 phim đam mỹ 'phá cách': Định hình lại biên giới tình yêu đồng giới,clickbait,3,0.9618575572967529,clickbait
article_0851,VnExpress,Công nghệ & Khoa học,Tòa soạn báo cần dùng AI để giải bài toán sống còn,non-clickbait,2,0.07800789922475815,non-clickbait
article_2460,Báo Mới,Other,Gia đình bị phá sập cửa sắt vì nhắc nhở hàng xóm hát karaoke gây ồn ào,non-clickbait,4,0.4000459909439087,non-clickbait
article_1906,24h,Thể thao,Lịch trực tiếp tennis và link trực tiếp hôm nay: Xem trực tiếp ATP 250 kênh nào?,non-clickbait,3,0.577093243598938,clickbait
article_0835,VnExpress,Công nghệ & Khoa học,Những lầm tưởng phổ biến về sức mạnh của smartphone,non-clickbait,0,0.9414929747581482,clickbait
article_1406,VnExpress,Other,Vì sao người trẻ chủ quan khi thận suy giai đoạn đầu?,non-clickbait,0,0.9362266659736633,clickbait
article_2944,SaoStar,Du lịch & Ẩm thực,Bất ngờ 5 địa điểm du lịch gây thất vọng nhất thế giới,clickbait,2,0.9687971472740173,clickbait
article_1289,SaoStar,Giải trí & Showbiz,5 diễn viên hot nhất Cbiz 2025: Triệu Lệ Dĩnh và Tiêu Chiến cạnh tranh sít sao,clickbait,2,0.9613890647888184,clickbait
article_0854,VnExpress,Công nghệ & Khoa học,Tàu đệm từ Trung Quốc phá kỷ lục tốc độ,non-clickbait,1,0.11466560512781143,non-clickbait
article_0083,Thanh Niên,Chính trị & An ninh,"Tổng Bí thư: Công an nhân dân đi đầu trong sắp xếp, tinh gọn bộ máy",non-clickbait,3,0.01355824526399374,non-clickbait
article_2558,Tuổi Trẻ,Thể thao,HLV Philippe Troussier: U22 Việt Nam có sức ép,non-clickbait,4,0.3081902265548706,non-clickbait
article_3648,24h,Giải trí & Showbiz,Cảng cá 280 tỷ đồng sắp hoạt động nhưng luồng lạch bồi lắng,clickbait,2,0.04764695465564728,non-clickbait
article_0992,SaoStar,Giải trí & Showbiz,"Kpop nửa cuối 2025: Những 'ông lớn' trở lại, thị trường có được hồi sinh?",clickbait,4,0.9325762391090393,clickbait
article_3008,Báo Mới,Công nghệ & Khoa học,Bộ sưu tập côn trùng quý hiếm bậc nhất Việt Nam,clickbait,0,0.40891095995903015,non-clickbait
article_1297,24h,Kinh doanh & Kinh tế,"Khởi nghiệp từ loại rau mọc dại đầy đồng, 9x Quảng Ninh có thu nhập trên 50 triệu đồng/tháng",non-clickbait,3,0.8362205028533936,clickbait
article_2773,VnExpress,Other,Mắc kẹt vì giấc mơ 'an cư lạc nghiệp',clickbait,4,0.8281758427619934,clickbait
article_0357,Thanh Niên,Other,Đề xuất phá dỡ 4 biệt thự cũ để mở rộng Quảng trường Ba Đình,non-clickbait,1,0.04240383207798004,non-clickbait
article_1875,SaoStar,Sức khỏe & Đời sống,4 sai lầm khi ngủ trưa âm thầm khiến sức khỏe tụt dốc,clickbait,3,0.9786719083786011,clickbait
article_2611,Thanh Niên,Chính trị & An ninh,Truyền hình,clickbait,2,0.10424911230802536,non-clickbait
article_3332,VnExpress,Other,Khinh khí cầu chở khách du lịch rơi liên tiếp ở Thổ Nhĩ Kỳ,non-clickbait,4,0.06973154842853546,non-clickbait
article_1163,VnExpress,Other,Dự án gần 1 tỷ USD ở Vân Đồn tìm được nhà đầu tư,non-clickbait,3,0.028571246191859245,non-clickbait
article_1231,Thanh Niên,Other,"Clip cưa bình giữ nhiệt thấy 'viên thuốc': Tiến sĩ hóa học bác bỏ giả thuyết hút ẩm, chống nổ",clickbait,2,0.8715841770172119,clickbait
article_3027,VnExpress,Other,Lada Niva Travel - xe gầm cao giá rẻ,non-clickbait,0,0.05623634159564972,non-clickbait
article_1330,Báo Mới,Kinh doanh & Kinh tế,Khởi sắc qua 3 năm thực hiện Nghị quyết 13 của Tỉnh ủy,non-clickbait,2,0.020884215831756592,non-clickbait
article_1487,Thanh Niên,Other,Bảo chứng về chất lượng sản phẩm ColosBaby Gold 2+ thông qua nghiên cứu khoa học,non-clickbait,4,0.03541072458028793,non-clickbait
article_2885,VietNamNet,Xe & Vận tải,"Chóng mặt, buồn nôn khi đi xe điện: Khoa học nói gì?",clickbait,0,0.9526622891426086,clickbait
article_0850,VnExpress,Công nghệ & Khoa học,Robot tự động in 3D đầu tiên trên thế giới,non-clickbait,0,0.09751924872398376,non-clickbait
article_3519,Tuổi Trẻ,Other,"Vụ ngàn chai nước mắm vứt ven đường: Xử lý nghiêm, khuyên dùng nước mắm truyền thống",non-clickbait,4,0.08321738988161087,non-clickbait
article_1865,Kênh14,Giáo dục & Học đường,"Loạt ""idol tài năng"" với điểm chứng chỉ tuyệt đối đăng ký vào Bách khoa, không sân khấu vẫn chói mắt như thường",clickbait,3,0.9817706942558289,clickbait
article_2044,Thanh Niên,Other,TP.HCM vào top điểm đến thân thiện cộng đồng LGBT thế giới 2025,non-clickbait,1,0.04827118664979935,non-clickbait
article_1803,Thanh Niên,Giáo dục & Học đường,"Tra cứu điểm lớp 10, lớp 6 của TP.HCM trên Thanh Niên vào 8 giờ 30 ngày mai",non-clickbait,0,0.034782394766807556,non-clickbait
article_0836,VnExpress,Công nghệ & Khoa học,Cá heo mạo hiểm kết bạn với cá voi sát thủ,non-clickbait,0,0.151969313621521,non-clickbait
article_0018,VnExpress,Tin tức tổng hợp,Hiểm họa từ máy bay phun thuốc,non-clickbait,0,0.0755847916007042,non-clickbait
article_2450,Báo Mới,Chính trị & An ninh,"Công an Hà Nội khám phá chuyên án lớn với 6 tội danh, xảy ra tại Viện Pháp y tâm thần Trung ương và tỉnh Thanh Hóa",non-clickbait,1,0.037221759557724,non-clickbait
article_3211,24h,Giải trí & Showbiz,"Ảnh hay: MONO lưu lại khoảnh khắc Sơn Tùng M-TP tạo ra hit ""Cơn Mưa Ngang Qua""",non-clickbait,0,0.8947435021400452,clickbait
article_0293,VnExpress,Quốc tế,Mỹ công bố cách tiến hành chiến dịch 'Búa Đêm' nhằm vào Iran,non-clickbait,1,0.11762280017137527,non-clickbait
article_1003,SaoStar,Giải trí & Showbiz,Phương Mỹ Chi vướng tranh cãi vì clip thân thiết với nam đồng nghiệp tai tiếng,clickbait,1,0.9462500810623169,clickbait
article_0716,SaoStar,Quốc tế,Tỷ phú Nga công bố di chúc chia hơn 300 nghìn tỷ đồng cho 100 người con khắp thế giới,clickbait,4,0.9591543078422546,clickbait
article_2060,Thanh Niên,Du lịch & Ẩm thực,"‘Cầu tình yêu’ và ‘Đi cùng mưa’, những điểm check-in mới toanh tại Đà Lạt",non-clickbait,1,0.8847880363464355,clickbait
article_0043,VnExpress,Tin tức tổng hợp,'Người lớn không đánh nhau thì không còn bạo lực học đường',non-clickbait,3,0.044100914150476456,non-clickbait
article_0865,VnExpress,Công nghệ & Khoa học,Sam Altman: Meta đặt mức thưởng 100 triệu USD lôi kéo kỹ sư OpenAI,non-clickbait,3,0.02382536605000496,non-clickbait
article_0819,Báo Mới,Other,"Tuần này Bắc Bộ tiếp tục mưa dông, Trung Bộ nắng nóng, ít mưa",non-clickbait,0,0.052814025431871414,non-clickbait
article_1589,24h,Thể thao,"Video bóng đá Công an Hà Nội - Hải Phòng: Phủ đầu sắc lẹm, định đoạt top 3 (V-League)",non-clickbait,0,0.055515117943286896,non-clickbait
article_3599,Báo Mới,Other,Đà Nẵng bổ sung thêm 69 khu vực xây dựng nhà ở chuẩn bị cho sáp nhập,non-clickbait,2,0.019889742136001587,non-clickbait
article_2208,Báo Mới,Other,"Cuộc sống tuổi 60 của mỹ nhân 'Hồng Lâu Mộng', rời làng giải trí vẫn dính tai tiếng",clickbait,1,0.9451974034309387,clickbait
article_2585,Thanh Niên,Other,"Quang Anh 'Về nhà đi con' bật khóc nức nở, dừng chân ở show âm nhạc",non-clickbait,2,0.9403530955314636,clickbait
article_2210,Báo Mới,Other,Á quân Tiếng hát Việt toàn cầu Đức Thoa: Mong góp giọng hát lan tỏa hình ảnh đất nước,non-clickbait,1,0.12857984006404877,non-clickbait
article_0261,Báo Mới,Thể thao,Bảng xếp hạng Ligue 1 2024/2025 mới nhất,non-clickbait,4,0.05271640419960022,non-clickbait
article_2671,SaoStar,Công nghệ & Khoa học,AI và gánh nặng năng lượng khổng lồ của trí tuệ nhân tạo,non-clickbait,2,0.5159857273101807,clickbait
article_0991,SaoStar,Giải trí & Showbiz,Hoàng Thùy Linh gặp 'kiếp nạn' khi đang ở ẩn,clickbait,0,0.9527063369750977,clickbait
article_3701,24h,Sức khỏe & Đời sống,Người đàn ông 67 tuổi ở Hà Nội phát hiện ung thư đại tràng thừa nhận chủ quan với dấu hiệu báo bệnh này,clickbait,0,0.8451772928237915,clickbait
article_2783,VnExpress,Other,Loạt hoạt động 'tiếp tự tin' cho nam giới từ Romano Gen Z,clickbait,4,0.5417876839637756,clickbait
article_3286,VnExpress,Other,Nha Trang dẫn đầu điểm đến quốc tế của khách Hàn Quốc dịp hè,non-clickbait,1,0.11757213622331619,non-clickbait
article_0833,VnExpress,Công nghệ & Khoa học,Alexandr Wang - thiên tài AI khiến Zuckerberg đặt cược 14 tỷ USD,non-clickbait,3,0.8458787798881531,clickbait
article_3731,24h,Du lịch & Ẩm thực,Cách làm chim bồ câu xào rau răm khử sạch mùi hôi và giữ được vị ngọt tự nhiên,non-clickbait,1,0.5402417182922363,clickbait
article_1873,SaoStar,Sức khỏe & Đời sống,"Không cần tốn tiền triệu hay mỹ phẩm cao cấp, 5 thói quen này mỗi tối sẽ giúp phụ nữ trẻ lâu",clickbait,2,0.9755303859710693,clickbait
article_0191,24h,Tin tức tổng hợp,"Mưa to và rất to ở nhiều địa phương, Thủ tướng chỉ đạo khẩn",non-clickbait,4,0.04119143635034561,non-clickbait
article_1668,Báo Mới,Other,TP Hồ Chí Minh công bố điểm chuẩn lớp 10 chuyên và tích hợp,non-clickbait,1,0.04142347723245621,non-clickbait
article_2812,Tuổi Trẻ,Giáo dục & Học đường,"19h ngày 19-6, Trường đại học Công nghệ TP.HCM lên sóng Khám phá trường học",non-clickbait,2,0.019756920635700226,non-clickbait
article_1379,VnExpress,Other,"'Tiêm sữa' chữa mất ngủ, nữ người mẫu tử vong",clickbait,1,0.7272012233734131,clickbait
article_1236,Thanh Niên,Other,Chuyến xe 18 km không ngờ: Tài xế taxi giúp chở 200 kg vải về tận nhà,clickbait,1,0.9495291709899902,clickbait
article_3477,Báo Mới,Xe & Vận tải,"Gần 200.000 xe Ford Mustang Mach-E lỗi khóa cửa, ngừng bán",non-clickbait,0,0.04153996706008911,non-clickbait
article_0813,Báo Mới,Tin tức tổng hợp,Bệnh viện Chợ Rẫy được vinh danh tại chương trình 'Vinh quang Việt Nam 2025',non-clickbait,4,0.049958523362874985,non-clickbait
article_1909,24h,Thể thao,Nóng nhất thể thao tối 21/6: Tay vợt số 1 nước Anh mơ gây sốc ở Wimbledon,non-clickbait,3,0.9690324664115906,clickbait
article_1368,Báo Mới,Kinh doanh & Kinh tế,"Nâng tầm môi trường đầu tư, thu hút doanh nghiệp khởi sắc",non-clickbait,2,0.023353029042482376,non-clickbait
article_2483,Báo Mới,Chính trị & An ninh,Khởi tố vụ án 'Lừa đảo chiếm đoạt tài sản' xảy ra tại Công ty Cổ phần nước GMT,non-clickbait,2,0.026006782427430153,non-clickbait
article_2034,Thanh Niên,Other,Đường băng ngắn và đáng sợ nhất thế giới nằm ở đâu?,clickbait,3,0.9749406576156616,clickbait
article_1877,SaoStar,Sức khỏe & Đời sống,Căn bệnh ứ mật thai kỳ Ngô Thanh Vân mắc phải nguy hiểm thế nào?,clickbait,2,0.9531443119049072,clickbait
article_0958,VietNamNet,Thể thao,Bảng xếp hạng V-League 2024/25 chung cuộc,non-clickbait,3,0.02446967177093029,non-clickbait
article_2130,SaoStar,Giáo dục & Học đường,Con có 3 dấu hiệu sau chứng tỏ EQ cao khi lớn lên,clickbait,3,0.9473323225975037,clickbait
article_0635,Thanh Niên,Other,Chiến sự Ukraine ngày 1.215: Tổng thống Zelensky đáp trả tuyên bố của Tổng thống Putin,non-clickbait,4,0.06069619953632355,non-clickbait
article_1978,VnExpress,Other,David Beckham mê làm vườn,non-clickbait,4,0.13540348410606384,non-clickbait
article_3517,Tuổi Trẻ,Other,Xác minh clip kéo sập cửa nhà hàng xóm vì bị nhắc nhở hát karaoke gây ồn ào,non-clickbait,1,0.18140818178653717,non-clickbait
article_0174,SaoStar,Giải trí & Showbiz,Gil Lê và Xoài Non sắp về chung nhà?,clickbait,3,0.9707432389259338,clickbait
article_1019,24h,Kinh doanh & Kinh tế,Tội phạm mạng thao túng tâm lý người trẻ như thế nào?,clickbait,4,0.8372876048088074,clickbait
article_2255,VnExpress,Other,Bà chủ tiệm tạp hóa bị cướp sát hại,non-clickbait,4,0.1208532303571701,non-clickbait
article_1621,24h,Thể thao,Lịch thi đấu bóng đá CLB Juventus mới nhất,non-clickbait,1,0.124798484146595,non-clickbait
article_1470,Thanh Niên,Sức khỏe & Đời sống,Thêm nhiều lợi ích bất ngờ từ đu đủ,non-clickbait,0,0.9194257855415344,clickbait
article_0527,Báo Mới,Quốc tế,Ukraine đang đối phó với khoảng 10.000 quân Nga tại vùng Kursk,non-clickbait,1,0.08464395999908447,non-clickbait
article_3617,Báo Mới,Other,Liên danh Đèo Cả - Văn Phú đề xuất Hà Nội cho kiến tạo 'kỳ tích sông Hồng',clickbait,2,0.07309852540493011,non-clickbait
article_3762,24h,Du lịch & Ẩm thực,Tự thưởng cho bản thân chuyến đi dài ngày ở Lý Sơn,non-clickbait,1,0.4802577495574951,non-clickbait
article_2898,VietNamNet,Xe & Vận tải,5 mẫu xe SUV cũ có thể khiến bạn 'khốn khổ' sau khi mua,clickbait,2,0.9746528267860413,clickbait
article_1056,Báo Mới,Văn hóa & Nghệ thuật,Gia Lai: 100 chiến sĩ 'nhí' hoàn thành chương trình Học kỳ trong quân đội,non-clickbait,1,0.05707140266895294,non-clickbait
article_0195,24h,Tin tức tổng hợp,Thời tiết miền Bắc những ngày tới ra sao?,clickbait,3,0.1283065378665924,non-clickbait
article_0839,VnExpress,Công nghệ & Khoa học,Mỹ xây tòa nhà gỗ cao nhất thế giới,non-clickbait,2,0.5749915242195129,clickbait
article_1492,Thanh Niên,Other,"Chuyện thầm kín: Tại sao khi cãi nhau, cặp đôi lại làm lành bằng tình dục?",clickbait,3,0.9763104915618896,clickbait
article_1299,24h,Kinh doanh & Kinh tế,"GenZ kiếm tiền triệu/ngày chỉ nhờ ""đi ăn đi chơi” quanh nhà",clickbait,4,0.9525741338729858,clickbait
article_3646,Báo Mới,Other,Hà Nội giao 22.342m2 đất để mở rộng Bảo tàng phụ nữ Việt Nam,non-clickbait,3,0.01747598871588707,non-clickbait
article_0551,Báo Mới,Quốc tế,"Mỹ không kích nhà máy hạt nhân Bushehr, IAEA cảnh báo nguy cơ phát tán phóng xạ",non-clickbait,2,0.045437220484018326,non-clickbait
article_1386,VnExpress,Other,Suy thận giai đoạn mấy phải chạy thận?,clickbait,2,0.2604835331439972,non-clickbait
article_0778,Báo Mới,Other,"Bộ Y tế khuyến cáo phòng chống bệnh thường gặp trong mưa bão, lũ lụt",non-clickbait,1,0.05926467105746269,non-clickbait
article_0503,Báo Mới,Quốc tế,"Căng như dây đàn: Nga, Trung kêu gọi ngừng bắn, LHQ họp khẩn vì Iran",non-clickbait,0,0.09903368353843689,non-clickbait
article_3687,24h,Tin tức tổng hợp,Chủ tịch UBND TP Đà Nẵng xin nghỉ hưu trước tuổi,non-clickbait,2,0.02186455763876438,non-clickbait
article_1203,Thanh Niên,Sức khỏe & Đời sống,Quản lý thị trường: 'Kinh doanh đàng hoàng thì sao phải đóng cửa',non-clickbait,4,0.1870584338903427,non-clickbait
article_0987,SaoStar,Giải trí & Showbiz,Nam nhạc sĩ ám ảnh vì Hoài Lâm,clickbait,1,0.9145200252532959,clickbait
article_1666,Báo Mới,Giáo dục & Học đường,Chìa khóa chinh phục kỳ thi tốt nghiệp THPT cùng chuyên gia giáo dục hàng đầu,non-clickbait,1,0.15071502327919006,non-clickbait
article_0907,Thanh Niên,Kinh doanh & Kinh tế,Triển khai chuyển đổi số toàn diện kết hợp AI,non-clickbait,1,0.03400405868887901,non-clickbait
article_3099,Thanh Niên,Other,"Mở bán OPPO A5x pin lớn, kháng nước, kết nối NFC thông minh… cùng nhiều ưu đãi",non-clickbait,1,0.16858302056789398,non-clickbait
article_0596,VnExpress,Kinh doanh & Kinh tế,Thủ tướng làm Trưởng ban chỉ đạo quốc gia về phát triển kinh tế tư nhân,non-clickbait,3,0.013848611153662205,non-clickbait
article_3397,Thanh Niên,Other,Má phanh ô tô mòn cỡ nào cần phải thay thế?,clickbait,0,0.8636792898178101,clickbait
article_1870,SaoStar,Sức khỏe & Đời sống,"Bác sĩ cảnh báo sau ca mổ lấy 100 viên sỏi, hãy làm ngay việc này vào buổi sáng",clickbait,2,0.974628746509552,clickbait
article_2615,VietNamNet,Chính trị & An ninh,Công an Quảng Ninh triệt phá đường dây 600kg ma túy cần sa trên không gian mạng,non-clickbait,2,0.032466817647218704,non-clickbait
article_1070,Báo Mới,Other,Đến biển Nhật Lệ thưởng thức canh xương rồng cá đuối,non-clickbait,2,0.17462129890918732,non-clickbait
article_0571,VnExpress,Kinh doanh & Kinh tế,SHB sẽ giúp Vietravel Airlines tăng vốn lên 2.600 tỷ đồng,non-clickbait,0,0.040464840829372406,non-clickbait
article_3266,Báo Mới,Sức khỏe & Đời sống,Kết quả xổ số miền Bắc hôm nay 23/6/2025 - XSMB 23/6/2025 - XSMB,non-clickbait,0,0.047913532704114914,non-clickbait
article_0807,Báo Mới,Other,"Va chạm với xe đầu kéo, 4 cháu nhỏ đi chung trên 1 xe đạp điện thương vong",non-clickbait,3,0.02693789079785347,non-clickbait
article_2626,VietNamNet,Chính trị & An ninh,"Gia đình cựu Chủ tịch Tập đoàn FLC Trịnh Văn Quyết nộp thêm 24,5 tỷ đồng",non-clickbait,1,0.0649493932723999,non-clickbait
article_2672,SaoStar,Công nghệ & Khoa học,Cảnh báo bảo mật nghiêm trọng với hơn 4 triệu người dùng Google Chrome,non-clickbait,2,0.5576345324516296,clickbait
article_3363,Tuổi Trẻ,Sức khỏe & Đời sống,"Tăng cân, mặt tròn như mặt trăng, da mỏng đi, có thể bạn đã mắc hội chứng Cushing",non-clickbait,3,0.47749897837638855,non-clickbait
article_3380,Thanh Niên,Other,"Audi, Mercedes xem xét lại thời điểm ngừng xe xăng, chỉ bán ô tô điện",non-clickbait,0,0.04252295196056366,non-clickbait
article_2454,Báo Mới,Chính trị & An ninh,Khởi tố 40 bị can liên quan đến vụ án xảy ra tại Viện Pháp y tâm thần Trung ương thành phố Hà Nội,non-clickbait,1,0.03381211310625076,non-clickbait
article_0147,SaoStar,Giải trí & Showbiz,Tình trạng của chồng Khánh Thi sau chấn thương ngoài ý muốn,clickbait,0,0.6773673295974731,clickbait
article_2100,VietNamNet,Sức khỏe & Đời sống,Thu hồi toàn bộ Siro ăn ngon Hải Bé là hàng giả của TikToker Gia đình Hải Sen,non-clickbait,4,0.0799255222082138,non-clickbait
article_0248,Báo Mới,Thể thao,Bảng xếp hạng Ngoại Hạng Anh - Premier League 2025/2026 mới nhất,non-clickbait,2,0.03120281547307968,non-clickbait
article_1972,VnExpress,Other,Đàm Vĩnh Hưng: 'Tôi mong sống lâu bên con',clickbait,1,0.7789857983589172,clickbait
article_0317,VnExpress,Quốc tế,Thủ tướng Phạm Minh Chính sắp công tác tại Trung Quốc,non-clickbait,4,0.03302355483174324,non-clickbait
article_3352,Tuổi Trẻ,Sức khỏe & Đời sống,Thu hồi toàn quốc đối với lô thuốc viên nén Alfachim 4.2,non-clickbait,3,0.02145073190331459,non-clickbait
article_2416,24h,Other,"iPhone đỉnh một thời nay có giá rẻ, camera zoom quang không kém iPhone mới",clickbait,0,0.8353492617607117,clickbait
article_2231,VnExpress,Other,Người đánh bảo vệ bất tỉnh ở phố đi bộ Nguyễn Huệ sắp hầu tòa,non-clickbait,4,0.09392703324556351,non-clickbait
article_2637,VietNamNet,Chính trị & An ninh,"Ông Trịnh Văn Quyết vắng mặt tại tòa, nguy cơ tử vong rất cao",non-clickbait,0,0.04020024463534355,non-clickbait
article_2720,Báo Mới,Công nghệ & Khoa học,Bệnh viện Chợ Rẫy lên tiếng về lò cyclotron duy nhất ở miền Nam ngừng hoạt động,non-clickbait,4,0.046378206461668015,non-clickbait
article_1370,Báo Mới,Kinh doanh & Kinh tế,Một đơn vị hải quan mới quản lý sân bay Tân Sơn Nhất và Long Thành,non-clickbait,1,0.0466814786195755,non-clickbait
article_1086,Báo Mới,Other,Cà phê cuối tuần: Truyền cảm hứng về văn nghệ truyền thống,non-clickbait,4,0.09679113328456879,non-clickbait
article_3082,Tuổi Trẻ,Other,The Ocean Resort Quy Nhon: An yên giữa thiên nhiên,non-clickbait,2,0.4308955669403076,non-clickbait
article_0493,24h,Quốc tế,Chiến tranh khốc liệt giữa Ấn Độ và Pakistan: Ra đời một quốc gia mới,clickbait,4,0.16667540371418,non-clickbait
article_2718,Báo Mới,Other,Giá điều hòa Samsung Inverter tháng 6: Giảm kịch cỡ 15 triệu đồng,non-clickbait,3,0.027690257877111435,non-clickbait
article_1030,24h,Other,"Nhờ tuyệt chiêu này, căn hộ sang trọng giữa phố vẫn bình yên",clickbait,2,0.9730108976364136,clickbait
article_1021,24h,Kinh doanh & Kinh tế,Bitcoin cắm đầu lao dốc do căng thẳng Mỹ - Iran,clickbait,4,0.171963170170784,non-clickbait
article_1447,Thanh Niên,Sức khỏe & Đời sống,Chuyên gia: 5 thực phẩm bổ sung tưởng tốt không ngờ có thể gây hại thận,clickbait,4,0.9515940546989441,clickbait
article_3318,VnExpress,Other,10 món bánh mì kẹp thịt ngon nhất thế giới,non-clickbait,2,0.8541562557220459,clickbait
article_2821,Tuổi Trẻ,Giáo dục & Học đường,Để đại học không là 'ốc đảo tri thức',clickbait,3,0.6966810822486877,clickbait
article_1749,VnExpress,Thể thao,Hướng dẫn dùng kem chống nắng đúng cách khi chạy bộ mùa hè,non-clickbait,2,0.28373175859451294,non-clickbait
article_3460,24h,Xe & Vận tải,Clip: Thót tim người đàn ông liều lĩnh phóng xe máy vượt qua cây cầu bị hỏng,clickbait,3,0.9431908130645752,clickbait
article_3510,Báo Mới,Xe & Vận tải,Vespa 'Officina 8' ra mắt nhằm tôn vinh di sản kỹ thuật của thương hiệu,non-clickbait,2,0.03659692034125328,non-clickbait
article_1790,Thanh Niên,Giáo dục & Học đường,"Không có ‘khiếu’ vẽ tay, học thiết kế đồ họa được không?",clickbait,0,0.9396923184394836,clickbait
article_0803,Báo Mới,Tin tức tổng hợp,Phát huy vai trò người đứng đầu trong thúc đẩy chuyển đổi số liên thông,non-clickbait,3,0.015603532083332539,non-clickbait
article_2554,Tuổi Trẻ,Thể thao,Vì sao Ronaldo sơn móng chân màu đen?,clickbait,1,0.9626730680465698,clickbait
article_1871,SaoStar,Sức khỏe & Đời sống,Nữ sinh bị hủy hoại gương mặt vì mua kem chống nắng trên mạng với giá 95.000 đồng,clickbait,1,0.6885731220245361,clickbait
article_1580,24h,Thể thao,"Nóng bảng xếp hạng Club World Cup: Juventus và Man City chắc vé, đấu lượt cuối để tránh Real Madrid",non-clickbait,3,0.14312781393527985,non-clickbait
article_2189,Báo Mới,Other,"Bị chê 'thiếu sắc sảo', Quang Anh 'Về nhà đi con' bật khóc rời chương trình",clickbait,0,0.8478417992591858,clickbait
article_0134,VietNamNet,Chính trị & An ninh,Tổng Bí thư: Đảng không bao giờ từ bỏ vũ khí chiến đấu của mình là báo chí,non-clickbait,3,0.023021256551146507,non-clickbait
article_2916,SaoStar,Du lịch & Ẩm thực,Phú Quý - Một lần bỏ phố về đảo để tìm thấy chính mình,non-clickbait,4,0.7120319604873657,clickbait
article_0001,VnExpress,Tin tức tổng hợp,Sân bay Vinh đóng cửa 6 tháng để nâng cấp,non-clickbait,4,0.03058881126344204,non-clickbait
article_2048,Thanh Niên,Other,Vì sao có những lỗ hổng lớn trên bầu trời thế giới?,clickbait,0,0.9248914122581482,clickbait
article_1504,VietNamNet,Quốc tế,Tác động thực sự từ chiến dịch không kích của Mỹ với các cơ sở hạt nhân Iran,non-clickbait,1,0.12205154448747635,non-clickbait
article_1862,Kênh14,Giáo dục & Học đường,Phổ điểm thi lớp 10 TP.HCM: Hơn 28.000 thí sinh dưới trung bình môn Toán,non-clickbait,1,0.04894861951470375,non-clickbait
article_3750,24h,Du lịch & Ẩm thực,Bằng Kiều nấu 'bún chửi' đầy ắp nhân,clickbait,0,0.8106288909912109,clickbait
article_3573,24h,Xe & Vận tải,"Đây là 20 mẫu SUV giá rẻ, đáng mua nhất hiện nay",non-clickbait,1,0.8588370084762573,clickbait
article_2110,SaoStar,Giáo dục & Học đường,Điểm chuẩn lớp 10 thấp kỷ lục: Hơn 1 điểm/môn cũng đậu trường công,non-clickbait,2,0.9770664572715759,clickbait
article_2929,SaoStar,Du lịch & Ẩm thực,Đà Nẵng - Thành phố không ngủ: Hè này có gì khác?,clickbait,3,0.9275604486465454,clickbait
article_0743,24h,Giải trí & Showbiz,Bắt giữ kẻ trộm xe máy giữa ban ngày ở TP Thủ Đức,non-clickbait,2,0.05122493579983711,non-clickbait
article_2459,Báo Mới,Chính trị & An ninh,Bắt Chủ tịch Công ty cổ phần nước GMT Sỹ Anh Tuyên,non-clickbait,4,0.0413459949195385,non-clickbait
article_0215,24h,Tin tức tổng hợp,"Bắt người đàn ông ""tung cước"" làm nữ tài xế xe ôm công nghệ ngã nhào",non-clickbait,2,0.826641857624054,clickbait
article_1809,Thanh Niên,Giáo dục & Học đường,Học cách vượt qua áp lực cuộc sống,non-clickbait,1,0.09773432463407516,non-clickbait
article_2628,VietNamNet,Chính trị & An ninh,"Cắt ghép ảnh khiêu dâm, hạ nhục con nợ chỉ để đòi hơn 13 triệu đồng",clickbait,3,0.32402145862579346,non-clickbait
article_3695,24h,Sức khỏe & Đời sống,Liên tiếp 4 người trong 1 gia đình nhập viện cấp cứu vì mắc sai lầm này khi ăn món thịt bò 'đại bổ',clickbait,4,0.9537081718444824,clickbait
article_1691,Báo Mới,Giáo dục & Học đường,Bộ GD&ĐT thông tin về cách tính lương mới của giáo viên từ 1/1/2026,non-clickbait,3,0.013848611153662205,non-clickbait
article_1640,Báo Mới,Giáo dục & Học đường,Cần Thơ hỗ trợ học bổng cho gần 300 thí sinh thi tốt nghiệp trung học phổ thông,non-clickbait,0,0.026105916127562523,non-clickbait
article_2534,VnExpress,Other,Cú đúp điểm 10 của nữ thủ khoa chuyên Toán,non-clickbait,0,0.10530251264572144,non-clickbait
article_1608,24h,Thể thao,"UEFA đòi phạt Barcelona 60 triệu euro, đòn giáng mạnh vào kế hoạch mua Rashford",non-clickbait,4,0.21766994893550873,non-clickbait
article_1215,Thanh Niên,Other,"Người đàn ông Tây Ninh trúng độc đắc: Cho các con mỗi người 1 tỉ, gửi tiết kiệm",non-clickbait,1,0.7308664917945862,clickbait
article_1827,Thanh Niên,Giáo dục & Học đường,"Trước ngày thi tốt nghiệp THPT, hiệu trưởng nhắn học sinh đừng chủ quan, giữ bình tĩnh",non-clickbait,3,0.0500977598130703,non-clickbait
article_2422,24h,Công nghệ & Khoa học,Dùng nhiều ChatGPT khiến trí não con người trở nên ngốc nghếch hơn?,clickbait,3,0.976802408695221,clickbait
article_2678,24h,Other,Nguyễn Hoàng Phương Linh chính thức đăng quang Hoa hậu Hoàn vũ Việt Nam 2025!,non-clickbait,2,0.9519526958465576,clickbait
article_0383,Thanh Niên,Tin tức tổng hợp,Thông tin bé trai 4 tuổi nghi bị bắt cóc trước cổng trường là sai sự thật,non-clickbait,0,0.18513554334640503,non-clickbait
article_0846,VnExpress,Công nghệ & Khoa học,Loạt smartphone được chờ đón nửa cuối 2025,non-clickbait,3,0.7671669721603394,clickbait
article_1045,24h,Kinh doanh & Kinh tế,"Loại cá ở quê xưa cho lợn ăn nay hóa ""mỏ vàng"", phơi khô bán 150.000 đồng/kg thành đặc sản",clickbait,1,0.9410611987113953,clickbait
article_0786,Báo Mới,Tin tức tổng hợp,Lời cảm ơn nhân Ngày Báo chí Cách mạng Việt Nam 21/6/2025,non-clickbait,3,0.022074388340115547,non-clickbait
article_2362,VietNamNet,Công nghệ & Khoa học,"Hơn 7.500 cán bộ, chiến sĩ Công an Hà Nội làm chủ tri thức số",non-clickbait,2,0.020904194563627243,non-clickbait
article_2514,VnExpress,Other,19 sinh viên ngành Trí tuệ nhân tạo tốt nghiệp sớm một năm,non-clickbait,2,0.023419944569468498,non-clickbait
article_2955,24h,Other,"10 ""nữ thần mặt mộc"" của Vbiz: Da trắng sáng không chút khuyết điểm, choáng nhất khoảnh khắc khi vừa ngủ dậy",clickbait,3,0.9809125065803528,clickbait
article_2141,24h,Công nghệ & Khoa học,"Nvidia chấp nhận ""tự phế võ công"", tung bản RTX 5090DD siêu rút gọn",clickbait,2,0.9005298018455505,clickbait
article_3379,Thanh Niên,Other,Đại lý BYD tại Việt Nam đồng loạt giảm giá xe cả trăm triệu đồng,non-clickbait,1,0.20362836122512817,non-clickbait
article_3542,VietNamNet,Other,Bạn đọc giúp đỡ bà Nguyễn Ngọc Mai mắc bệnh nặng hơn 96 triệu đồng,non-clickbait,2,0.04004979506134987,non-clickbait
article_3697,24h,Sức khỏe & Đời sống,4 thói quen ăn uống tăng nguy cơ ung thư gan,clickbait,0,0.7604727745056152,clickbait
article_2011,Tuổi Trẻ,Văn hóa & Nghệ thuật,Ngày hội văn hóa áo dài TP.HCM,non-clickbait,2,0.03853849321603775,non-clickbait
article_2841,Thanh Niên,Other,"Độc đáo giải marathon quốc tế VTV 2025, tiền thưởng 500 triệu đồng",non-clickbait,4,0.05541279539465904,non-clickbait
article_3345,VnExpress,Other,Kinh nghiệm cho người lần đầu du lịch tàu hỏa,non-clickbait,3,0.06267436593770981,non-clickbait
article_0867,VnExpress,Công nghệ & Khoa học,Vì sao cần làm giàu uranium để sản xuất bom hạt nhân?,non-clickbait,2,0.8640238642692566,clickbait
article_2598,Thanh Niên,Other,Vẻ nóng bỏng của cô gái có vòng eo nhỏ nhất Hoa hậu Hoàn vũ Việt Nam,clickbait,1,0.5130757093429565,clickbait
article_0634,Thanh Niên,Quốc tế,Phát hiện nhóm máu mới,clickbait,4,0.10172321647405624,non-clickbait
article_3284,VnExpress,Other,Khách tố bị từ chối nhập cảnh vì xăm mặt,non-clickbait,4,0.39555731415748596,non-clickbait
article_0206,24h,Tin tức tổng hợp,Hé lộ nguyên nhân nam thanh niên tử vong trong quán karaoke bị cháy,clickbait,3,0.2650236189365387,non-clickbait
article_2892,VietNamNet,Xe & Vận tải,Xe tiền tỷ 'hờn dỗi' không cho chủ xe vào trong: Khi người giàu cũng khóc,clickbait,0,0.967777669429779,clickbait
article_2083,VietNamNet,Sức khỏe & Đời sống,Thu hồi 20 mỹ phẩm chăm sóc da do một công ty đưa ra thị trường,non-clickbait,0,0.05561761558055878,non-clickbait
article_1733,VnExpress,Thể thao,Tiến Linh lần đầu đoạt Vua phá lưới V-League,non-clickbait,3,0.02578507922589779,non-clickbait
article_1732,VnExpress,Thể thao,Đà Nẵng muốn đổi sân đá play-off với đội bóng của Công Phượng,non-clickbait,1,0.057705316692590714,non-clickbait
article_0484,24h,Quốc tế,Iran tuyên bố tên lửa đạn đạo tấn công nơi Israel đặt trụ sở đơn vị tình báo bí ẩn 8200,non-clickbait,3,0.024539699777960777,non-clickbait
article_2117,SaoStar,Giáo dục & Học đường,Chính thức: TP.HCM có lịch công bố điểm thi vào lớp 10,non-clickbait,2,0.030444350093603134,non-clickbait
article_1717,VnExpress,Thể thao,Real 3-1 Pachuca,non-clickbait,1,0.09081608802080154,non-clickbait
article_3630,Báo Mới,Other,TP HCM lập đường dây nóng 24/7 bảo đảm thủ tục hành chính thông suốt,non-clickbait,0,0.03102618083357811,non-clickbait
article_0070,Tuổi Trẻ,Other,Giúp hộ kinh doanh mê chuyển đổi số,non-clickbait,0,0.057918086647987366,non-clickbait
article_1098,Báo Mới,Other,Đi chợ vải thiều Bắc Giang,non-clickbait,2,0.09995236992835999,non-clickbait
article_3347,Tuổi Trẻ,Sức khỏe & Đời sống,"Vào viện xin cấp cứu, chưa kịp chuyển viện theo ý muốn đã ra tay đấm điều dưỡng",clickbait,3,0.020081009715795517,non-clickbait
article_1942,Báo Mới,Thể thao,Tân binh tỏa sáng trong chiến thắng 6-0 của Man City,non-clickbait,2,0.04150110110640526,non-clickbait
article_3729,24h,Du lịch & Ẩm thực,"'Món ăn quốc dân' có trong mọi kỳ thi, giúp sĩ tử thêm phần may mắn",clickbait,0,0.9462003111839294,clickbait
article_0060,Tuổi Trẻ,Other,Yêu nhau lắm,clickbait,1,0.909826934337616,clickbait
article_3147,VietNamNet,Other,"Bán chung cư mua đất vùng ven ‘lướt sóng’, vợ chồng trẻ nhận cái kết đắng",clickbait,4,0.93475341796875,clickbait
article_0539,Báo Mới,Quốc tế,Phong tỏa eo biển Hormuz dễ trở thành tự sát kinh tế,non-clickbait,3,0.052862897515296936,non-clickbait
article_2868,Thanh Niên,Other,Gần 800 vận động viên tranh tài tại giải bơi biển SeaStar Nha Trang Bay 2025,non-clickbait,2,0.022499971091747284,non-clickbait
article_3348,Tuổi Trẻ,Kinh doanh & Kinh tế,Vụ ngàn chai nước mắm vứt ven đường: Đã xác định được người liên quan,clickbait,2,0.06572467088699341,non-clickbait
article_2040,Thanh Niên,Du lịch & Ẩm thực,Rừng Thông Núi Voi - Điểm du lịch sinh thái mới giữa lòng Đà Lạt,non-clickbait,4,0.11486402899026871,non-clickbait
article_1688,Báo Mới,Other,"Sở GD&ĐT TPHCM công bố điểm chuẩn vào lớp 10 chuyên, tích hợp năm 2025",non-clickbait,3,0.01374232117086649,non-clickbait
article_2887,VietNamNet,Xe & Vận tải,"Lái xe đi nghỉ mát, cả gia đình được buổi 'xông hơi' vì điều hòa ô tô giở chứng",clickbait,1,0.952397346496582,clickbait
article_1488,Thanh Niên,Other,Nghiên cứu lâm sàng: Sự khẳng định chất lượng sản phẩm bằng khoa học,non-clickbait,2,0.03598218038678169,non-clickbait
article_3167,24h,Giải trí & Showbiz,"Sau cậu cả Beckham, ""công chúa"" nhà Michael Jackson cũng bất hiếu với bố?",clickbait,0,0.9674102663993835,clickbait
article_3499,Báo Mới,Xe & Vận tải,"Xe máy điện E3 Mobility Deux7 sắp bán tại Việt Nam, giá dự kiến 100 triệu đồng",non-clickbait,3,0.01572399027645588,non-clickbait
article_1076,Báo Mới,Văn hóa & Nghệ thuật,Người 'tiếp lửa' gia phong cho các thế hệ con cháu,clickbait,4,0.2339687943458557,non-clickbait
article_2254,VnExpress,Other,Tài xế tông chết 6 người trong cùng gia đình bị phạt 8 năm tù,non-clickbait,2,0.07107366621494293,non-clickbait
article_1017,24h,Kinh doanh & Kinh tế,"Trở thành cầu thủ đắt giá nhất Premier League, tiền vệ Florian Wirtz của Liverpool giàu thế nào?",clickbait,3,0.9794721603393555,clickbait
article_2992,Báo Mới,Công nghệ & Khoa học,Vì sao con người sợ hãi khi sở hữu nhiều tài sản?,clickbait,2,0.9581087231636047,clickbait
article_2716,Báo Mới,Other,Herbalife Việt Nam thông báo,non-clickbait,4,0.13586142659187317,non-clickbait
article_1317,24h,Kinh doanh & Kinh tế,"Cỏ dại người thường không ai hái, ai tinh mắt đem bán bỗng vớ được ""mỏ tiền”",clickbait,4,0.9616780281066895,clickbait
article_0995,SaoStar,Giải trí & Showbiz,G-Dragon kết show gây hụt hẫng,clickbait,0,0.9374975562095642,clickbait
article_1968,VnExpress,Other,Johnny Depp nói 'bị chơi xấu' trong vụ kiện Amber Heard,non-clickbait,2,0.8939591646194458,clickbait
article_0415,VietNamNet,Tin tức tổng hợp,Nguyên nhân nam thanh niên ở Hà Nội mất 145 triệu đồng trong tài khoản?,non-clickbait,1,0.8866168856620789,clickbait
article_2758,VnExpress,Other,Có an toàn khi nấu thịt không rã đông?,clickbait,0,0.8357518315315247,clickbait
article_0705,SaoStar,Quốc tế,"Xuất hiện chiêu thức xác minh khuôn mặt từ xa, bà cụ bị lừa chuyển khoản 13 tỷ đồng",clickbait,2,0.9669764637947083,clickbait
article_0922,Thanh Niên,Kinh doanh & Kinh tế,Bỏ giấy phép xây dựng ngay được không?,clickbait,1,0.5431662201881409,clickbait
article_0805,Báo Mới,Tin tức tổng hợp,"Chống tham nhũng, lãng phí và 'củng cố tổ chức bộ máy của hệ thống chính trị' trong kỷ nguyên mới",non-clickbait,0,0.12194692343473434,non-clickbait
article_2466,Báo Mới,Other,Cảnh sát bắn chỉ thiên 10 phát súng AK để trấn áp nhóm đối tượng trên đường phố Đà Nẵng,non-clickbait,2,0.04193052276968956,non-clickbait
article_0250,Báo Mới,Thể thao,Bảng xếp hạng LaLiga 2024/2025 mới nhất,non-clickbait,4,0.04193052276968956,non-clickbait
article_1949,Báo Mới,Thể thao,MU gây bất ngờ với Moise Kean,clickbait,4,0.7954198122024536,clickbait
article_2627,VietNamNet,Chính trị & An ninh,Cựu giao dịch viên ACB thành kẻ tham ô vì hoa mắt món tiền hoa hồng,clickbait,3,0.5106261372566223,clickbait
article_3066,VnExpress,Other,Doanh số xe cỡ A xuống đáy,non-clickbait,1,0.22465024888515472,non-clickbait
article_1936,Báo Mới,Thể thao,Lý do kỳ lạ khiến Leicester City vẫn chờ sa thải Van Nistelrooy,clickbait,3,0.9763330817222595,clickbait
article_2738,Báo Mới,Other,Redmi K90 Pro sẽ có camera tele tiềm vọng chất lượng hàng đầu,non-clickbait,0,0.07828931510448456,non-clickbait
article_0639,Thanh Niên,Quốc tế,Tướng Mỹ hé lộ chiến dịch tấn công Iran với 125 máy bay quân sự,non-clickbait,0,0.10539454966783524,non-clickbait
article_1237,Thanh Niên,Other,"Tưởng bị phạt nguội, tài xế vượt đèn đỏ nhận thông báo không ngờ từ CSGT",clickbait,4,0.9441254138946533,clickbait
article_2415,24h,Other,Đây là những smartphone nhỏ gọn đáng mua năm 2025,non-clickbait,0,0.7970833778381348,clickbait
article_3744,24h,Du lịch & Ẩm thực,Bí mật về loại phô mai đắt nhất thế giới,clickbait,0,0.9482024908065796,clickbait
article_1975,VnExpress,Other,Ngô Thanh Vân mở tiệc đón con sắp chào đời,non-clickbait,4,0.3415825068950653,non-clickbait
article_3535,VietNamNet,Other,Bác sĩ kêu gọi giúp người đàn ông bị bỏng nặng không có bảo hiểm nuôi 5 con nhỏ,non-clickbait,2,0.673567533493042,clickbait
article_2463,Báo Mới,Other,Cảnh sát nổ gần 10 phát súng chỉ thiên trấn áp nhóm 'quái xế' manh động,non-clickbait,0,0.1626458764076233,non-clickbait
article_2035,Thanh Niên,Chính trị & An ninh,"Chơi gì, ăn đâu, đi thế nào?",clickbait,0,0.6705543398857117,clickbait
article_3300,VnExpress,Other,Mang ruốc thịt lợn khi đi du lịch Đài Loan có được không?,non-clickbait,1,0.774284839630127,clickbait
article_1856,VietNamNet,Sức khỏe & Đời sống,"Chàng trai Tiền Giang cắt sầu riêng nhanh như chớp, nghe tiếng là biết quả già",non-clickbait,4,0.8940516710281372,clickbait
article_2314,Thanh Niên,Other,Nhạc sĩ Hoài An và hơn 20 năm viết tiếp giai điệu từ trang sử nước non,non-clickbait,3,0.34488460421562195,non-clickbait
article_3271,Báo Mới,Other,Thoát chết trong gang tấc sau khi nhồi máu cơ tim cấp,non-clickbait,3,0.12189465016126633,non-clickbait
article_0722,SaoStar,Quốc tế,"Phát hiện thằn lằn nguyên con trong bánh tiramisu, một gia đình bị ngộ độc",clickbait,1,0.6970936059951782,clickbait
article_1792,Thanh Niên,Giáo dục & Học đường,Cơ hội sở hữu bằng cử nhân Anh quốc tại Trường Đại học Kinh tế - Luật,non-clickbait,3,0.020023440942168236,non-clickbait
article_0998,SaoStar,Giải trí & Showbiz,Thiện Nhân gay gắt khi bị so sánh với Phương Mỹ Chi,clickbait,4,0.6908199191093445,clickbait
article_0724,SaoStar,Quốc tế,"Cô gái bị liệt mặt vì bật quạt máy ngủ trưa, bác sĩ đưa ra lời cảnh báo",clickbait,4,0.9477207660675049,clickbait
article_2146,24h,Công nghệ & Khoa học,Chấn động với vụ rỉ mật khẩu lớn nhất trong lịch sử,clickbait,0,0.9037198424339294,clickbait
article_3702,24h,Sức khỏe & Đời sống,5 biểu hiện sớm ung thư tuyến giáp dễ bị bỏ qua,clickbait,0,0.6968358159065247,clickbait
article_0680,VietNamNet,Kinh doanh & Kinh tế,Vì sao giá vàng thế giới được dự báo giảm mạnh về mốc 96 triệu đồng/lượng,non-clickbait,2,0.9247556924819946,clickbait
article_0358,Thanh Niên,Other,Trụ sở P.Xuân Hương - Đà Lạt rộn ràng trước giờ vận hành thử nghiệm,non-clickbait,1,0.04940524697303772,non-clickbait
article_1083,Báo Mới,Văn hóa & Nghệ thuật,Gia Lai: Bổ nhiệm trụ trì chùa Minh Trí (H.Ia Pa),non-clickbait,2,0.022955454885959625,non-clickbait
article_0322,VnExpress,Quốc tế,Nga sẵn sàng trao trả thêm 3.000 thi thể binh sĩ cho Ukraine,non-clickbait,3,0.026810193434357643,non-clickbait
article_2535,VnExpress,Other,"Tỉnh, thành mới nào có hệ thống cảng biển lớn nhất cả nước?",clickbait,2,0.8866168856620789,clickbait
article_1725,VnExpress,Thể thao,Bayern Munich 2-1 Boca Juniors,non-clickbait,3,0.026105916127562523,non-clickbait
article_3649,24h,Giải trí & Showbiz,"Gà 'leo' mái nhà, heo được người dân hối hả 'bế' đi chạy lũ",clickbait,1,0.246714785695076,non-clickbait
article_1336,Báo Mới,Other,Ngân hàng nào đang cho vay mua nhà lãi suất thấp nhất tháng 6?,clickbait,2,0.8759993314743042,clickbait
article_0659,Thanh Niên,Other,Tăng xác suất tiểu hành tinh tấn công mặt trăng,clickbait,4,0.08632348477840424,non-clickbait
article_0794,Báo Mới,Tin tức tổng hợp,Lời cảm ơn của Báo Kinh tế & Đô thị,non-clickbait,0,0.029201293364167213,non-clickbait
article_1490,Thanh Niên,Other,"Top 6 kem trị nám chân sâu hiệu quả tại nhà, ngừa tái phát, không bong tróc",clickbait,1,0.7550504803657532,clickbait
article_1325,Báo Mới,Other,Giá trị hàng hóa từ cây nghệ Bắc Kạn,non-clickbait,0,0.04945112764835358,non-clickbait
article_0176,SaoStar,Giải trí & Showbiz,'Tất cả là tại Phương Mỹ Chi',clickbait,3,0.9558166265487671,clickbait
article_2052,Thanh Niên,Other,Du lịch Thái Lan liên tiếp chịu tổn thất nặng nề,non-clickbait,4,0.11138611286878586,non-clickbait
article_1689,Báo Mới,Other,TPHCM công bố điểm chuẩn trúng tuyển vào lớp 10 chuyên và tích hợp,non-clickbait,2,0.01630876585841179,non-clickbait
article_1058,Báo Mới,Văn hóa & Nghệ thuật,Chuyện về những nhà báo không chuyên,non-clickbait,3,0.05910154804587364,non-clickbait
article_2888,VietNamNet,Xe & Vận tải,"Gặp mưa to bất chợt, lái xe cần nằm lòng 6 quy tắc sống còn sau để đảm bảo an toàn",clickbait,2,0.969613254070282,clickbait
article_0006,VnExpress,Tin tức tổng hợp,Tổng Bí thư trao quyết định thành lập Cơ quan Ủy ban Trung ương MTTQ Việt Nam,non-clickbait,4,0.026963500306010246,non-clickbait
article_1904,24h,Thể thao,"Lịch thi đấu ĐT bóng chuyền nữ Việt Nam, lịch thi đấu giải bóng chuyền quốc tế VTV Cup 2025",non-clickbait,4,0.028898300603032112,non-clickbait
article_1020,24h,Kinh doanh & Kinh tế,"Thế giới chờ đợi phản ứng của Iran, đồng USD tăng vọt",non-clickbait,3,0.28552135825157166,non-clickbait
article_2375,SaoStar,Kinh doanh & Kinh tế,Giá xăng dầu hôm nay 21/6: Tiếp tục tăng,non-clickbait,1,0.06872475892305374,non-clickbait
article_1861,Kênh14,Giáo dục & Học đường,"Học tiếng Việt chục năm nhưng bạn chưa chắc đọc đúng từ này, người nước ngoài nhìn xong chỉ thốt lên: Chịu thua!",clickbait,1,0.9590777158737183,clickbait
article_0767,Báo Mới,Tin tức tổng hợp,Cơ chế tháo gỡ 'điểm nghẽn' pháp luật - quy trình xử lý theo hướng rút gọn,non-clickbait,0,0.0874079167842865,non-clickbait
article_1429,Tuổi Trẻ,Xe & Vận tải,"Skoda Kushaq sản xuất ở Việt Nam đã xuất xưởng, giá dự kiến từ dưới 600 triệu đồng",non-clickbait,1,0.05915588140487671,non-clickbait
article_1585,24h,Thể thao,"Real Madrid mất người từ sớm: Asencio ""non nớt"", nhận ngay thẻ đỏ trực tiếp",non-clickbait,1,0.9149770140647888,clickbait
article_0152,SaoStar,Giải trí & Showbiz,Ngô Thanh Vân và Huy Trần sắp đón con đầu lòng?,clickbait,2,0.8668103814125061,clickbait
article_3101,Thanh Niên,Other,Galaxy S25 FE trông sẽ ra sao?,clickbait,4,0.7305302619934082,clickbait
article_2038,Thanh Niên,Other,"Du khách hóa thành nghệ nhân thêu ren, dệt cói mà không mất tiền",non-clickbait,0,0.08874128758907318,non-clickbait
article_0055,Tuổi Trẻ,Other,Đà Nẵng dành những khu đất vàng nào cho Trung tâm tài chính quốc tế?,non-clickbait,0,0.9224823713302612,clickbait
article_2969,Báo Mới,Công nghệ & Khoa học,AI - Một góc nhìn khác từ truyền thống Do Thái,non-clickbait,4,0.36590972542762756,non-clickbait
article_1590,24h,Thể thao,"Video bóng đá Bình Định - Hà Nội: Cơn mưa 6 bàn, ngày chia tay ngậm ngùi (V-League)",non-clickbait,4,0.21198724210262299,non-clickbait
article_2880,Thanh Niên,Other,"Lần đầu tiên Trà Vinh tổ chức giải marathon, thu hút hàng nghìn vận động viên",non-clickbait,3,0.025516601279377937,non-clickbait
article_0384,Thanh Niên,Tin tức tổng hợp,Phú Quốc: Thông tin di dời chợ đêm là không đúng,non-clickbait,1,0.1487877517938614,non-clickbait
article_3015,Báo Mới,Công nghệ & Khoa học,Báo động 90% chim cánh cụt hoàng đế có thể biến mất trong thế kỷ này,non-clickbait,2,0.22118240594863892,non-clickbait
article_3633,Báo Mới,Other,Rà soát công tác chuẩn bị cho việc sáp nhập tỉnh,non-clickbait,4,0.026861201971769333,non-clickbait
article_3228,24h,Giải trí & Showbiz,"Đội hình co-ed của Teddy: Tài phiệt đời thứ 4, một thành viên bị yêu cầu loại",clickbait,2,0.9146726131439209,clickbait
article_0924,Thanh Niên,Other,"'Ông lớn' xăng dầu, cao su... mạnh tay chia cổ tức",clickbait,1,0.4270326495170593,non-clickbait
article_1993,VnExpress,Other,'Một tháng ở Nam kỳ' của nhà báo Phạm Quỳnh,non-clickbait,0,0.3217795789241791,non-clickbait
article_0340,Tuổi Trẻ,Other,Video một hành khách thoát chết vì trễ chuyến bay của Air India là tin giả,non-clickbait,2,0.4109039902687073,non-clickbait
article_3360,Tuổi Trẻ,Sức khỏe & Đời sống,"Uống thuốc tránh thai kéo dài, tăng nguy cơ u màng não",non-clickbait,3,0.03673489764332771,non-clickbait
article_0831,VnExpress,Công nghệ & Khoa học,Nguyên nhân tên lửa Starship phát nổ trong thử nghiệm,non-clickbait,4,0.12549345195293427,non-clickbait
article_1233,Thanh Niên,Other,"Đường hoa xuân Tiền Giang: Điểm đến hấp dẫn phục vụ nhân dân vui xuân, đón tết",non-clickbait,4,0.03901166468858719,non-clickbait
article_1036,24h,Kinh doanh & Kinh tế,"Du học dang dở, 9x về quê làm nông nghiệp thu tiền tỷ",clickbait,4,0.8846385478973389,clickbait
article_1784,Thanh Niên,Giáo dục & Học đường,Thi tốt nghiệp THPT: Chiến thuật làm bài môn tiếng Anh,non-clickbait,2,0.5393168926239014,clickbait
article_2264,VnExpress,Other,Án mạng sau khi tông xe vào chó,non-clickbait,3,0.12273333966732025,non-clickbait
article_2298,Thanh Niên,Other,Hạt cơm rơi - Truyện ngắn dự thi của Phà Ca,non-clickbait,0,0.16317857801914215,non-clickbait
article_1319,24h,Kinh doanh & Kinh tế,"Bất ngờ cây vải cho quả đắt nhất thế giới, giá một quả lên tới gần 2 tỷ đồng mà không đủ bán",clickbait,2,0.9768908023834229,clickbait
article_2507,VnExpress,Other,DTP cùng trường ĐH Hoa Sen triển khai chứng chỉ tiếng Anh LanguageCert,non-clickbait,1,0.03194934129714966,non-clickbait
article_0502,Báo Mới,Quốc tế,Lãnh đạo tối cao Iran có phản ứng đầu tiên sau đợt không kích của Mỹ,non-clickbait,1,0.19368058443069458,non-clickbait
article_2537,VnExpress,Other,Học sinh Việt Nam đạt thành tích chưa từng có tại Olympic Vật lý châu Âu,clickbait,0,0.1370120346546173,non-clickbait
article_2334,VietNamNet,Công nghệ & Khoa học,Một bệnh viện cầu cứu khi bị hacker đe dọa tung dữ liệu bệnh nhân lên mạng,non-clickbait,3,0.9446893334388733,clickbait
article_3324,VnExpress,Other,10 hãng hàng không tốt nhất thế giới 2025,non-clickbait,4,0.10692350566387177,non-clickbait
article_0506,Báo Mới,Quốc tế,Mỹ báo động nguy cơ khủng bố trong nước sau vụ tấn công Iran,non-clickbait,1,0.07510852813720703,non-clickbait
article_0537,Báo Mới,Quốc tế,Hãng hàng không Israel nhận 25.000 đơn xin rời khỏi đất nước trong một ngày,non-clickbait,3,0.02806074172258377,non-clickbait
article_0691,VietNamNet,Kinh doanh & Kinh tế,Vinamilk nâng tầm sữa Việt tại Hội nghị Sữa Toàn cầu 2025,non-clickbait,3,0.016689060255885124,non-clickbait
article_2614,VietNamNet,Chính trị & An ninh,Ồn ào tranh chấp tài sản giữa em và con gái nghệ sỹ Vũ Linh vẫn chưa dứt,non-clickbait,0,0.659514844417572,clickbait
article_2657,SaoStar,Công nghệ & Khoa học,Cận cảnh mẫu xe phiên bản giới hạn do 'anh trai' JSOL lên ý tưởng thiết kế,non-clickbait,0,0.8375535607337952,clickbait
article_0912,Thanh Niên,Other,Hai triệu doanh nghiệp đã lộ diện,non-clickbait,0,0.1881747543811798,non-clickbait
article_3434,VietNamNet,Du lịch & Ẩm thực,"Cung đường đẹp như tranh cách Hà Nội 3 giờ lái xe, du khách 'đội nắng' săn ảnh",non-clickbait,1,0.8487215638160706,clickbait
article_0330,Tuổi Trẻ,Other,Ông Trump có phạm luật khi ra lệnh đánh bom Iran?,clickbait,2,0.9114164710044861,clickbait
article_1584,24h,Thể thao,Trực tiếp chuyển nhượng chiều 23/6: MU sẽ chỉ bán Onana nếu mua được Diogo Costa,non-clickbait,2,0.12043881416320801,non-clickbait
article_3013,Báo Mới,Công nghệ & Khoa học,Số người trên Trái Đất có thể bị đếm thiếu rất nhiều?,clickbait,3,0.9666317105293274,clickbait
article_2542,Tuổi Trẻ,Thể thao,Toan tính của FIFA,clickbait,4,0.4609106183052063,non-clickbait
article_0519,Báo Mới,Quốc tế,Ukraine tuyên bố tăng quy mô và chiều sâu của các cuộc tấn công nhằm vào Nga,non-clickbait,0,0.06435883790254593,non-clickbait
article_1540,SaoStar,Thể thao,Thủ môn Bùi Tiến Dũng quyết thắng Công Phượng,non-clickbait,4,0.19034747779369354,non-clickbait
article_0228,Báo Mới,Thể thao,MU đừng bán Amad,clickbait,3,0.5766313672065735,clickbait
article_1282,SaoStar,Giải trí & Showbiz,Chuyện gì xảy ra trong 2 tập đầu 'Đêm Đầu Tiên Với Hoàng Tử' mà ai cũng bàn tán?,clickbait,4,0.9480584859848022,clickbait
article_2408,24h,Other,"Giá điều hòa Aqua Inverter tháng 6: Giảm đồng loạt, từ 7,79 triệu đồng",non-clickbait,0,0.03527754545211792,non-clickbait
article_3234,Báo Mới,Other,Bác sĩ cảnh báo 3 nhóm người nếu nhuộm tóc có thể gây ung thư bàng quang: Đừng chủ quan,clickbait,0,0.9138304591178894,clickbait
article_2636,VietNamNet,Chính trị & An ninh,Chuyến bay giải cứu giai đoạn 2: Cựu PGĐ Sở ngoại vụ Thái Nguyên được giảm án,non-clickbait,2,0.01829933375120163,non-clickbait
article_1857,VietNamNet,Sức khỏe & Đời sống,Cha 75 tuổi lặn lội đi xe máy hàng trăm km tìm bố mẹ đẻ cho con gái nuôi,non-clickbait,2,0.6334669589996338,clickbait
article_2528,VnExpress,Other,Giành học bổng trường top 3 Hàn Quốc sau câu hỏi 'đứng hình' về kinh tế,clickbait,3,0.9647224545478821,clickbait
article_1634,Báo Mới,Other,Điểm chuẩn lớp 10 vào 2 trường chuyên 'hot' ở TP.HCM biến động bất ngờ,clickbait,3,0.8641958832740784,clickbait
article_1505,VietNamNet,Quốc tế,"Mỹ tấn công cơ sở hạt nhân Iran, thế khó của cả ông Trump lẫn Tehran",non-clickbait,1,0.7681685090065002,clickbait
article_3364,Tuổi Trẻ,Sức khỏe & Đời sống,Cẩn trọng trong lựa chọn sử dụng dịch vụ nha khoa,non-clickbait,4,0.10669060051441193,non-clickbait
article_2206,Báo Mới,Other,G-Dragon cảm ơn Hà Nội,non-clickbait,2,0.05582313984632492,non-clickbait
article_1158,VnExpress,Other,Dự án Phố Hiến City tổ chức ra quân,non-clickbait,4,0.03132111579179764,non-clickbait
article_0517,Báo Mới,Quốc tế,Giá dầu tăng vọt khi xung đột Trung Đông tăng nhiệt,clickbait,3,0.11027936637401581,non-clickbait
article_0179,24h,Tin tức tổng hợp,"Cảnh tượng hàng trăm hộ dân bị cô lập, ngập trong biển nước sau mưa trắng trời ở Lạng Sơn",non-clickbait,0,0.195901557803154,non-clickbait
article_2199,Báo Mới,Other,Câu chuyện điện ảnh: 'Bí kíp luyện rồng' tiếp tục mê hoặc khán giả Bắc Mỹ - Pixar bất ngờ 'sẩy chân',non-clickbait,0,0.9095059633255005,clickbait
article_0437,SaoStar,Sức khỏe & Đời sống,Người phụ nữ Quảng ngãi bị lừa đảo 2.7 tỷ đồng: Chiêu thức khiến ai cũng có thể mắc bẫy,clickbait,0,0.9207897186279297,clickbait
article_1393,VnExpress,Other,Triệu chứng nào cảnh báo mắc chứng cuồng ăn?,clickbait,2,0.8860759139060974,clickbait
article_0567,VnExpress,Kinh doanh & Kinh tế,Bộ trưởng Tài chính: Giải ngân 100% vốn đầu tư công là 'thách thức rất lớn',non-clickbait,2,0.050283972173929214,non-clickbait
article_1506,VietNamNet,Quốc tế,"Ukraine đáp trả tuyên bố của ông Putin, Nga kiểm soát thêm khu định cư ở Kharkiv",non-clickbait,0,0.046638038009405136,non-clickbait
article_1905,24h,Thể thao,Lịch thi đấu thể thao hôm nay mới nhất,non-clickbait,4,0.09955772757530212,non-clickbait
article_2098,VietNamNet,Sức khỏe & Đời sống,Hành trình sống còn của cô gái suy thận giai đoạn cuối ở tuổi 25,non-clickbait,2,0.6786465048789978,clickbait
article_2294,Thanh Niên,Văn hóa & Nghệ thuật,Siêu nhân Ultraman Nhật Bản đến TP.HCM,non-clickbait,2,0.10176784545183182,non-clickbait
article_3465,24h,Xe & Vận tải,Thúc đẩy chuyển đổi số với đề xuất bỏ tem thu phí sử dụng đường bộ,non-clickbait,4,0.035544395446777344,non-clickbait
article_3422,VietNamNet,Du lịch & Ẩm thực,Xuất hiện hình ảnh dù lượn húc vào du khách tại bãi biển Hạ Long,non-clickbait,1,0.1060408279299736,non-clickbait
article_2516,VnExpress,Other,"Đề, đáp án khảo sát lớp 6 trường THCS-THPT Trần Đại Nghĩa",non-clickbait,4,0.03035799227654934,non-clickbait
article_2468,Báo Mới,Other,"Hải Phòng nỗ lực phòng chống buôn lậu, hàng giả, gian lận thương mại",non-clickbait,0,0.040426939725875854,non-clickbait
article_0265,Báo Mới,Thể thao,Tiến Linh giành danh hiệu Vua phá lưới V-League 2024/25,non-clickbait,2,0.021145395934581757,non-clickbait
article_1503,VietNamNet,Quốc tế,Israel tung video không kích bệ phóng tên lửa đạn đạo Khorramshahr của Iran,non-clickbait,3,0.01962496154010296,non-clickbait
article_3385,Thanh Niên,Other,Nhu cầu tiêu thụ xe máy toàn cầu sẽ tăng kỷ lục trong năm 2025,non-clickbait,4,0.054048750549554825,non-clickbait
article_3651,24h,Giải trí & Showbiz,Khách tháo chạy khi lửa bốc cháy trước quán ăn ở TP HCM,non-clickbait,3,0.05414869263768196,non-clickbait
article_3079,Tuổi Trẻ,Other,Bình Định giới thiệu gần 1.500 nhà ở xã hội cho cán bộ Gia Lai,non-clickbait,4,0.027611490339040756,non-clickbait
article_0887,Tuổi Trẻ,Other,Ống Nhựa Bình Minh đạt tiêu chuẩn xanh SGBP về thân thiện môi trường,non-clickbait,0,0.05315703526139259,non-clickbait
article_0013,VnExpress,Tin tức tổng hợp,Tuần tới miền Bắc giảm mưa,non-clickbait,0,0.055977754294872284,non-clickbait
article_0472,24h,Quốc tế,"HĐBA họp khẩn vụ Mỹ tấn công Iran, Nga-Trung Quốc-Pakistan trình dự thảo nghị quyết ngừng bắn",non-clickbait,1,0.0501442514359951,non-clickbait
article_1868,SaoStar,Sức khỏe & Đời sống,Uống cà phê trước 8h sáng: Thói quen phổ biến nhưng tiềm ẩn nhiều nguy hại cho sức khỏe,clickbait,2,0.9660599827766418,clickbait
article_2256,VnExpress,Other,"Đánh ghen, ép viết giấy nợ khiến nạn nhân tự tử",clickbait,4,0.17802512645721436,non-clickbait
article_1479,Thanh Niên,Sức khỏe & Đời sống,Béo phì có phải là bệnh?,non-clickbait,4,0.8645965456962585,clickbait
article_0286,VnExpress,Quốc tế,Mỹ lo ngại về 'đặc vụ nằm vùng' Iran,non-clickbait,1,0.5699124932289124,clickbait
article_0344,Thanh Niên,Tin tức tổng hợp,"Hết thời học mẹo, học tủ khi thi bằng lái xe",non-clickbait,0,0.7455373406410217,clickbait
article_3078,Tuổi Trẻ,Other,"Đã thu hồi 7.400m² đất của lô biệt thự L09 Sơn Trà, còn 5.000m² xử lý sao?",clickbait,2,0.25298336148262024,non-clickbait
article_2124,SaoStar,Giáo dục & Học đường,"Học sinh viết văn 'bóc trần' anh trai tên Sơn Tùng, dân mạng đọc đến đâu cười lăn đến đó",clickbait,4,0.9584988951683044,clickbait
article_3014,Báo Mới,Công nghệ & Khoa học,Đã tìm ra 'vật chất còn thiếu' của vũ trụ nhờ tín hiệu radio?,clickbait,0,0.9541800618171692,clickbait
article_1180,Tuổi Trẻ,Công nghệ & Khoa học,Bạn trẻ khởi nghiệp thời 4.0 và câu hỏi dữ liệu lấy từ đâu,clickbait,4,0.454093873500824,non-clickbait
article_3584,24h,Xe & Vận tải,"Hãng xe chơi ""ngông"" khi giới thiệu xe ga giống SH160i nhưng giá chỉ bằng 1/2",clickbait,0,0.9500414729118347,clickbait
article_2477,Báo Mới,Chính trị & An ninh,"Quỹ tín dụng nhân dân xã Hưng Khánh thông báo sửa đổi, bổ sung Giấy phép hoạt động",non-clickbait,1,0.06008664518594742,non-clickbait
article_3752,24h,Du lịch & Ẩm thực,Đĩa dồi 6 miếng được bán với giá 500.000 đồng tại lễ hội hoa anh đào Hàn Quốc,non-clickbait,0,0.7629542946815491,clickbait
article_0398,VietNamNet,Tin tức tổng hợp,"Loạt giám đốc sở, bí thư huyện dự kiến làm bí thư phường ở Nam Định",non-clickbait,1,0.04954301565885544,non-clickbait
article_1081,Báo Mới,Văn hóa & Nghệ thuật,Kệ truyền pháp của Thiền phái Trúc Lâm - Lâm Tế thời Lê Trung Hưng (P.1),non-clickbait,1,0.0974762812256813,non-clickbait
article_0066,Tuổi Trẻ,Other,Những giấc ngủ trưa trên hè phố,non-clickbait,4,0.15482273697853088,non-clickbait
article_2635,VietNamNet,Chính trị & An ninh,Cựu phó phòng chi nhánh ngân hàng lừa đảo chiếm đoạt hơn 11 tỷ đồng,non-clickbait,3,0.02806074172258377,non-clickbait
article_0266,Báo Mới,Thể thao,Đội bóng của Công Phượng có thể phải đổi sân đá play-off với Đà Nẵng,non-clickbait,3,0.02964750863611698,non-clickbait
article_3189,24h,Giải trí & Showbiz,Chuyện tình Trung Ruồi và diễn viên múa,non-clickbait,1,0.6507724523544312,clickbait
article_3650,24h,Giải trí & Showbiz,"Dân mạng ""phát sốt"" với clip cô gái chở con gà trống phía sau yên xe máy",clickbait,2,0.9674102663993835,clickbait
article_3523,Tuổi Trẻ,Other,Nhiều nhà chờ xe buýt bị bỏ bê,non-clickbait,2,0.19064868986606598,non-clickbait
article_2699,24h,Other,Doublet tổ chức Lễ hội Anime Nhật Bản cho SS25,non-clickbait,1,0.09001296758651733,non-clickbait
article_1863,Kênh14,Giáo dục & Học đường,"19 năm trước, từng có 1 Á hậu gây sốt với câu trả lời ứng xử quá thông minh: Soi lại ""thị phi"" về học hành mới bất ngờ!",clickbait,3,0.9831660985946655,clickbait
article_1642,Báo Mới,Giáo dục & Học đường,"Tổng kết công tác đoàn, hội, đội và phong trào thanh thiếu nhi trường học năm học 2024 - 2025.",non-clickbait,3,0.01662507839500904,non-clickbait
article_2103,VietNamNet,Sức khỏe & Đời sống,Phát hiện nhà thuốc bán lô dầu gội đầu dược liệu vi phạm quy định,non-clickbait,3,0.028843538835644722,non-clickbait
article_1657,Báo Mới,Other,Điểm chuẩn lớp 10 chuyên Sư phạm cao nhất chỉ 7 điểm/môn,non-clickbait,3,0.017543187364935875,non-clickbait
article_1515,VietNamNet,Quốc tế,"Iran tấn công dồn dập, Israel hứng 'mưa tên lửa' chưa từng thấy",non-clickbait,4,0.8277585506439209,clickbait
article_2890,VietNamNet,Xe & Vận tải,10 thói quen lái xe tưởng vô hại nhưng âm thầm 'phá hỏng' xe bạn,clickbait,0,0.9590393900871277,clickbait
article_0177,24h,Tin tức tổng hợp,"Đề xuất mã số đơn vị hành chính của 34 tỉnh, thành phố sau sáp nhập",non-clickbait,3,0.022672437131404877,non-clickbait
article_0808,Báo Mới,Tin tức tổng hợp,Ông Lê Thanh Nam giữ chức Chánh Văn phòng UBND TP Hà Nội,non-clickbait,0,0.024053553119301796,non-clickbait
article_0651,Thanh Niên,Other,Quyết định của Chủ tịch Fed,clickbait,4,0.20593424141407013,non-clickbait
article_1047,24h,Kinh doanh & Kinh tế,Giá dầu tăng vọt sau các cuộc không kích của Mỹ vào Iran,non-clickbait,1,0.1283065378665924,non-clickbait
article_1625,24h,Thể thao,Lịch thi đấu bóng đá CLB Borussia Dortmund mới nhất,non-clickbait,2,0.0749729722738266,non-clickbait
article_0791,Báo Mới,Other,"Xe đạp điện va chạm xe đầu kéo, 4 cháu nhỏ thương vong",non-clickbait,0,0.042285025119781494,non-clickbait
article_2066,Thanh Niên,Other,Courtyard by Marriott khai trương khách sạn đầu tiên tại Đà Nẵng,non-clickbait,3,0.024260742589831352,non-clickbait
article_2884,Thanh Niên,Other,"Thùy Linh thắng ngược ngoạn mục đối thủ mạnh Đan Mạch, vào tứ kết giải cầu lông Malaysia Masters",non-clickbait,4,0.059866417199373245,non-clickbait
article_1614,24h,Thể thao,"Lịch thi đấu V-League, Lịch bóng đá Việt Nam hôm nay mới nhất",non-clickbait,1,0.10352183878421783,non-clickbait
article_3060,VnExpress,Other,"Hyundai Tucson N Line ra mắt Việt Nam, giá 989 triệu đồng",non-clickbait,4,0.05037733167409897,non-clickbait
article_3792,24h,Giáo dục & Học đường,Bộ trưởng Giáo dục phản hồi lo ngại về tuyển sinh ồ ạt,non-clickbait,2,0.18914636969566345,non-clickbait
article_3780,24h,Du lịch & Ẩm thực,Về Kon Tu Rằng ngắm mùa lúa chín đẹp như tranh vẽ,non-clickbait,2,0.2575782835483551,non-clickbait
article_2655,SaoStar,Công nghệ & Khoa học,Lineage2M chính thức ra mắt và những trải nghiệm mới lạ dành cho game thủ,non-clickbait,2,0.10627248138189316,non-clickbait
article_2224,VnExpress,Other,Lời khai gian dối của kẻ quấn thi thể vợ vào mỏ neo dưới hồ,non-clickbait,3,0.8597815036773682,clickbait
article_2207,Báo Mới,Giải trí & Showbiz,Hồng Nhung bật khóc vì không thể hát sau ca mổ ung thư,non-clickbait,0,0.6154634952545166,clickbait
article_0725,SaoStar,Quốc tế,Xúc động nữ sinh gánh hành lý trở về nhà sau kỳ thi bằng chiếc sào tre,clickbait,2,0.9270336627960205,clickbait
article_0071,Thanh Niên,Chính trị & An ninh,Hồ Chí Minh và nền báo chí cách mạng,non-clickbait,4,0.10026028007268906,non-clickbait
article_3482,Báo Mới,Xe & Vận tải,"BMW X5 2027 hé lộ diện mạo mới, sẵn sàng bước vào kỷ nguyên xe điện",non-clickbait,0,0.10539454966783524,non-clickbait
article_0925,Thanh Niên,Other,"VNG đặt mục tiêu đạt doanh thu 10.773 tỉ đồng, tập trung AI và Go Global",non-clickbait,2,0.026886742562055588,non-clickbait
article_0626,Thanh Niên,Quốc tế,Triều Tiên lên tiếng về vụ Mỹ tấn công Iran,non-clickbait,0,0.08299414813518524,non-clickbait
article_3489,Báo Mới,Xe & Vận tải,Hàng triệu tài xế nên nắm rõ quy định mới về sử dụng biển số xe khi tham gia giao thông,non-clickbait,1,0.45731091499328613,non-clickbait
article_1421,VnExpress,Other,7 bước xây dựng thói quen ăn uống lành mạnh,non-clickbait,4,0.39858198165893555,non-clickbait
article_1099,Báo Mới,Other,Tu viện Chúa Quan Phòng – công trình kiến trúc Pháp giữa cù lao ở An Giang,non-clickbait,3,0.03258974477648735,non-clickbait
article_0888,Tuổi Trẻ,Kinh doanh & Kinh tế,Choáng vì hàng giả tinh vi như hàng thật,non-clickbait,2,0.9658674597740173,clickbait
article_1168,VnExpress,Other,Vinhomes lần thứ 10 được vinh danh tại Hubexo Asia Awards,non-clickbait,4,0.036390893161296844,non-clickbait
article_0349,Thanh Niên,Tin tức tổng hợp,"Tổng Bí thư: 'Tinh gọn bộ máy, nhân dân đồng tình, cán bộ lại tâm tư'",non-clickbait,0,0.1550784707069397,non-clickbait
article_2051,Thanh Niên,Du lịch & Ẩm thực,Sức hút của nhà cổ Huỳnh Thủy Lê và Khu du lịch văn hóa Phương Nam,non-clickbait,0,0.08086409419775009,non-clickbait
article_0982,SaoStar,Giải trí & Showbiz,Quang Hùng MasterD và sự thành công 'đi ngược' trong showbiz Việt,clickbait,3,0.967348575592041,clickbait
article_0561,VnExpress,Kinh doanh & Kinh tế,Đại gia xăng dầu miền Tây dự tính doanh thu tăng 21 lần,non-clickbait,0,0.04165676608681679,non-clickbait
article_1569,24h,Thể thao,Man City thắng đậm đội bóng châu Á: HLV Guardiola nói gì về sao trẻ Echeverri?,non-clickbait,4,0.8809507489204407,clickbait
article_0011,VnExpress,Tin tức tổng hợp,Nguy cơ mất an toàn hàng không từ vật thể bay không người lái,non-clickbait,3,0.024964015930891037,non-clickbait
article_0193,24h,Giải trí & Showbiz,Người Hà Nội bất ngờ khi 2 tuyến đường có dải phân cách cứng,non-clickbait,1,0.8888552784919739,clickbait
article_2345,VietNamNet,Công nghệ & Khoa học,"B-2 Spirit + GBU-57, bộ đôi sát thủ công nghệ cao khiến cơ sở hạt nhân Iran ‘bay màu’",non-clickbait,0,0.8283147811889648,clickbait
article_2120,SaoStar,Giáo dục & Học đường,Tuyển sinh 2025: Những mốc thời gian 'vàng' thí sinh không thể bỏ lỡ,non-clickbait,2,0.9386884570121765,clickbait
article_1685,Báo Mới,Giáo dục & Học đường,"Tuyên dương, khen thưởng giáo viên bồi dưỡng và học sinh đoạt Huy chương Vàng Olympic Hóa học quốc tế Abu Rayhan Biruni năm 2025",non-clickbait,4,0.0247509703040123,non-clickbait
article_0941,VietNamNet,Thể thao,"Man City 'đánh tennis', đoạt vé sớm vào vòng 1/8 FIFA Club World Cup",non-clickbait,0,0.5933000445365906,clickbait
article_0789,Báo Mới,Tin tức tổng hợp,Ông Lê Thanh Nam giữ chức Chánh Văn phòng UBND TP.Hà Nội,non-clickbait,2,0.01630876585841179,non-clickbait
article_3327,VnExpress,Other,Bí mật về món cá mùi thối nhất thế giới,clickbait,1,0.9529695510864258,clickbait
article_1132,VnExpress,Other,Giỏ hàng đầu tiên Hồng Hạc City thu hút hàng trăm khách hàng,non-clickbait,3,0.02482178807258606,non-clickbait
article_1646,Báo Mới,Giáo dục & Học đường,"Công tác chuẩn bị Kỳ thi tốt nghiệp THPT năm 2025 ở Phú Thọ đầy đủ, chu đáo",non-clickbait,3,0.01581493206322193,non-clickbait
article_2369,Kênh14,Sức khỏe & Đời sống,"""Giải trí ban đêm"", nam thanh niên 20 tuổi nhồi máu cơ tim suýt chết",clickbait,4,0.8175744414329529,clickbait
article_2190,Báo Mới,Giải trí & Showbiz,Hot face sao Việt: Con gái út Quyền Linh khoe dáng ở Paris,non-clickbait,0,0.7822469472885132,clickbait
article_2043,Thanh Niên,Du lịch & Ẩm thực,Langfarm - Hành trình từ đặc sản Đà Lạt đến trải nghiệm bản sắc Việt,non-clickbait,0,0.11935680359601974,non-clickbait
article_1407,VnExpress,Other,Ai không nên ăn yến sào?,clickbait,4,0.9122018218040466,clickbait
article_0496,Báo Mới,Quốc tế,Triều Tiên lên tiếng vụ Mỹ tấn công Iran,non-clickbait,1,0.10185714811086655,non-clickbait
article_3077,Tuổi Trẻ,Tin tức tổng hợp,Bộ Quốc phòng công bố chi tiết quy hoạch mở rộng Quảng trường Ba Đình,non-clickbait,4,0.028625505045056343,non-clickbait
article_0843,VnExpress,Công nghệ & Khoa học,Tác nghiệp báo chí thời AI,non-clickbait,0,0.04858620837330818,non-clickbait
article_3560,24h,Xe & Vận tải,"Giá xe Mitsubishi Outlander tháng 6/2025, crossover 7 chỗ từ 825 triệu đồng",non-clickbait,2,0.020884215831756592,non-clickbait
article_1340,Báo Mới,Kinh doanh & Kinh tế,Tăng cường hợp tác chuyển dịch cơ cấu công nghiệp Việt Nam - Sơn Đông (Trung Quốc),non-clickbait,0,0.027716564014554024,non-clickbait
article_2061,Thanh Niên,Du lịch & Ẩm thực,4 trải nghiệm nhất định phải thử nếu bạn chỉ có một ngày ở Brisbane,clickbait,2,0.9074352979660034,clickbait
article_1854,VietNamNet,Sức khỏe & Đời sống,"Chi hơn 1 tỷ đồng làm đám cưới, 13 ngày sau người vợ biến mất gây phẫn nộ",clickbait,4,0.9509603977203369,clickbait
article_3091,Thanh Niên,Other,iPhone 17 Pro sẽ làm 'nức lòng' game thủ,clickbait,0,0.9270336627960205,clickbait
article_2020,Tuổi Trẻ,Văn hóa & Nghệ thuật,"Kim Tử Long, Ngọc Huyền tái ngộ hát Xử án Phi Giao",non-clickbait,1,0.20331178605556488,non-clickbait
article_0735,24h,Chính trị & An ninh,Đường dây đánh bạc hơn 350 tỷ đồng bị triệt phá,non-clickbait,2,0.030646776780486107,non-clickbait
article_0012,VnExpress,Tin tức tổng hợp,"Dùng ma túy khi lái xe, tài xế gây tai nạn liên hoàn",non-clickbait,3,0.025613917037844658,non-clickbait
article_3229,24h,Giải trí & Showbiz,Anh Tài Quốc Thiên bị kiện,clickbait,2,0.046119749546051025,non-clickbait
article_2019,Tuổi Trẻ,Văn hóa & Nghệ thuật,Linh Huyền dạy ca cải lương trong triển lãm tranh của mình,non-clickbait,3,0.44907552003860474,non-clickbait
article_2448,Báo Mới,Chính trị & An ninh,"Bảo vệ tốt hơn quyền, lợi ích hợp pháp của tổ chức, cá nhân tại nước ngoài",non-clickbait,2,0.014254463836550713,non-clickbait
article_0518,Báo Mới,Quốc tế,'Đồng minh bất đắc dĩ': Jordan - Saudi Arabia và thế khó trong cuộc chiến Iran - Israel,clickbait,0,0.9596109390258789,clickbait
article_2036,Thanh Niên,Other,Nhiều món Việt trong top 100 món ngon đường phố châu Á,non-clickbait,4,0.3785165250301361,non-clickbait
article_2651,SaoStar,Công nghệ & Khoa học,"Mở hộp tai nghe JBL Live Beam 3: Màn hình cảm ứng xịn xò, âm thanh chất, pin “trâu”",non-clickbait,4,0.6899849772453308,clickbait
article_1561,SaoStar,Thể thao,Nguyễn Xuân Son hạnh phúc tột cùng,clickbait,2,0.9257014989852905,clickbait
article_1664,Báo Mới,Other,"Thành phố Hồ Chí Minh công bố điểm chuẩn lớp 10 chuyên, tích hợp",non-clickbait,3,0.014063626527786255,non-clickbait
article_1460,Thanh Niên,Sức khỏe & Đời sống,4 nguyên nhân khiến bạn không bao giờ giảm mỡ bụng được,clickbait,0,0.9421884417533875,clickbait
article_3513,Báo Mới,Xe & Vận tải,"Mô tô bản giới hạn, gần 2 tỷ đồng của MV Agusta",non-clickbait,3,0.1885479837656021,non-clickbait
article_2859,Thanh Niên,Other,"Đua trụ hạng V-League kịch tính hơn phim: Đà Nẵng đá play-off với Bình Phước, Quảng Nam thoát hiểm",non-clickbait,3,0.04001227021217346,non-clickbait
article_0049,VnExpress,Tin tức tổng hợp,'Báo chí tiếp tục sứ mệnh xây đắp niềm tin xã hội',non-clickbait,3,0.024656854569911957,non-clickbait
article_0979,SaoStar,Giải trí & Showbiz,Năm 2025: Cơn khủng hoảng của ngành lưu diễn toàn cầu,non-clickbait,3,0.09219619631767273,non-clickbait
article_2586,Thanh Niên,Other,Midu tiết lộ câu chuyện đặc biệt của mình và ông xã doanh nhân,clickbait,4,0.9013143181800842,clickbait
article_1110,VnExpress,Other,Kon Tum chấp thuận ba dự án đô thị hơn 700 ha tại Măng Đen,non-clickbait,1,0.04252295196056366,non-clickbait
article_0223,Báo Mới,Thể thao,"Nhận định trận đấu Seattle Sounders vs PSG, 2h00 ngày 24.6: Không cân sức!",clickbait,0,0.2707211375236511,non-clickbait
article_2331,Thanh Niên,Other,Báo Thanh Niên tổng kết và trao giải cuộc thi viết Hào khí miền Đông,non-clickbait,1,0.03541072458028793,non-clickbait
article_2411,24h,Other,Những điện thoại Android độc đáo đáng nhớ nhất trong lịch sử,clickbait,0,0.9267690181732178,clickbait
article_3168,24h,Giải trí & Showbiz,"Phải đến khi ""anh Long” sang Việt Nam, nhiều người mới gật gù: Sơn Tùng quá giống G-Dragon!",clickbait,0,0.9576753973960876,clickbait
article_3116,Thanh Niên,Other,Những lợi ích của cổng USB trên ô tô,clickbait,1,0.5775549411773682,clickbait
article_0614,Tuổi Trẻ,Chính trị & An ninh,"Tổng giám đốc bỏ trốn sang Mỹ, căn cứ nào để viện kiểm sát buộc tội chủ mưu?",non-clickbait,0,0.8431217074394226,clickbait
article_3145,VietNamNet,Other,"Mua đất nông nghiệp, phải làm gì khi sổ đỏ 'hết hạn sử dụng'?",clickbait,0,0.9402433633804321,clickbait
article_2487,VnExpress,Other,"Lọt top xét tuyển tài năng Bách khoa với SAT tuyệt đối, IELTS 8.0",non-clickbait,1,0.052667658776044846,non-clickbait
article_0015,VnExpress,Tin tức tổng hợp,"Cả nước sẽ hoàn thành xóa 277.400 nhà tạm, dột nát vào ngày 25/8",non-clickbait,3,0.01609087362885475,non-clickbait
article_3546,VietNamNet,Other,Bạn đọc giúp đỡ em Nguyễn Thị Trà My mắc ung thư xương gần 90 triệu đồng,non-clickbait,0,0.04414209723472595,non-clickbait
article_0439,SaoStar,Sức khỏe & Đời sống,Dự báo thời tiết thành phố Hà Nội trong ngày 22/6,non-clickbait,1,0.6873676776885986,clickbait
article_2063,Thanh Niên,Chính trị & An ninh,Tin tức - Sự kiện,clickbait,3,0.10266400873661041,non-clickbait
article_2592,Thanh Niên,Other,G-Dragon giàu có đến mức độ nào?,clickbait,1,0.9470391869544983,clickbait
article_1359,Báo Mới,Other,Trà thảo dược chăm sóc gan của nhóm bạn trẻ đoạt giải Nhất cuộc thi khởi nghiệp,non-clickbait,2,0.02615562081336975,non-clickbait
article_3317,VnExpress,Other,Nhà hàng sao xanh Michelin chọn phong cách ẩn mình,non-clickbait,1,0.17426970601081848,non-clickbait
article_0540,Báo Mới,Quốc tế,Toàn cảnh chiến dịch 'Nhát búa lúc nửa đêm' và chiến thuật nghi binh của Mỹ với Iran,non-clickbait,2,0.21313142776489258,non-clickbait
article_1468,Thanh Niên,Sức khỏe & Đời sống,Phiên chợ 0 đồng tại Bệnh viện TP.Thủ Đức: 'Trao yêu thương - Gieo mầm hạnh phúc',non-clickbait,1,0.09309922158718109,non-clickbait
article_2882,Thanh Niên,Other,"Billiards: Thiên tài Caudron tung sê-ri lớn, tái xuất ấn tượng tại World Cup TP.HCM",non-clickbait,2,0.17252008616924286,non-clickbait
article_1954,Báo Mới,Thể thao,Khởi tranh Giải Vô địch Taekwondo các lứa tuổi trẻ quốc gia năm 2025,non-clickbait,4,0.027143435552716255,non-clickbait
article_3230,24h,Giải trí & Showbiz,Trường Giang bị Trấn Thành thay thế ở Running Man phiên bản Việt vì lý do gì?,clickbait,2,0.972908079624176,clickbait
article_3751,24h,Du lịch & Ẩm thực,"Vương quốc kem với vị cá thu, than củi",clickbait,3,0.09396860003471375,non-clickbait
article_0376,Thanh Niên,Tin tức tổng hợp,Bán hàng online phải nộp những loại thuế gì?,non-clickbait,3,0.8357518315315247,clickbait
article_1997,VnExpress,Other,'Đám cưới thế kỷ' của tỷ phú Jeff Bezos,clickbait,3,0.9523086547851562,clickbait
article_1228,Thanh Niên,Sức khỏe & Đời sống,Tin tức đặc biệt trên báo in Thanh Niên 22.6.2025,non-clickbait,0,0.07551658153533936,non-clickbait
article_2434,Báo Mới,Other,Thu hồi 20 mỹ phẩm chăm sóc da do công ty Đại Cát Á đưa ra thị trường,non-clickbait,1,0.06687324494123459,non-clickbait
article_1080,Báo Mới,Văn hóa & Nghệ thuật,Tuổi trẻ cảnh sát cơ động Hà Tĩnh ra quân bảo vệ môi trường biển,non-clickbait,4,0.04569203406572342,non-clickbait
article_0694,Kênh14,Giải trí & Showbiz,"Trưởng nhóm dancer Việt nhảy cùng DPR IAN: Được casting qua Instagram, tiết lộ 1 sự thật bất ngờ sau set diễn ""ướt át""",clickbait,0,0.9670388102531433,clickbait
article_3243,Báo Mới,Other,Sương mù não: tín hiệu cảnh báo sức khỏe trí não,non-clickbait,3,0.08555635064840317,non-clickbait
article_1348,Báo Mới,Other,"Chi bộ Trường THPT Cao Bình (Thành phố) Đại hội lần thứ VIII, nhiệm kỳ 2025 - 2030",non-clickbait,2,0.018264278769493103,non-clickbait
article_0654,Thanh Niên,Other,Mossad - lực lượng tình báo khét tiếng của Israel,non-clickbait,3,0.07100921869277954,non-clickbait
article_0311,VnExpress,Quốc tế,Cách Mossad xây dựng mạng lưới gián điệp ở Iran,non-clickbait,4,0.230919748544693,non-clickbait
article_0821,Báo Mới,Tin tức tổng hợp,Hội nghị lần thứ 2 BCH Đảng bộ các cơ quan Đảng tỉnh,non-clickbait,3,0.014090735465288162,non-clickbait
article_2309,Thanh Niên,Văn hóa & Nghệ thuật,'Khoảnh khắc Trường Sa' qua góc nhìn của nghệ sĩ nhiếp ảnh,non-clickbait,4,0.0874079167842865,non-clickbait
article_1761,Tuổi Trẻ,Du lịch & Ẩm thực,Phú Quốc có gì mà khách Trung Quốc nhộn nhịp đến chơi?,clickbait,3,0.9466953873634338,clickbait
article_1270,SaoStar,Giải trí & Showbiz,Hoàng Hậu Tái Hôn gây 'bão' với phiên bản live-action cùng dàn cast 'khủng',clickbait,0,0.914290726184845,clickbait
article_0207,24h,Tin tức tổng hợp,"Mưa lớn khiến 1 người chết, nhiều nơi bị ngập nặng",non-clickbait,2,0.06693421304225922,non-clickbait
article_1564,SaoStar,Thể thao,Dấu chấm hết cho Lương Xuân Trường,clickbait,3,0.9214990139007568,clickbait
article_3252,Báo Mới,Other,5 loại trái cây nhất định phải ăn để giải nhiệt mùa hè,clickbait,3,0.9622142910957336,clickbait
article_2643,SaoStar,Công nghệ & Khoa học,Nhà sáng lập Tesla đánh giá Grok: Quá nhiều nội dung vô dụng,non-clickbait,3,0.24894478917121887,non-clickbait
article_1636,Báo Mới,Giáo dục & Học đường,Bộ trưởng Bộ Giáo dục và Đào tạo kiểm tra công tác chuẩn bị Kỳ thi tốt nghiệp THPT tại Thái Bình,non-clickbait,1,0.030733926221728325,non-clickbait
article_1250,VietNamNet,Giáo dục & Học đường,Đại học Bách khoa Hà Nội phỏng vấn thí sinh 'tài năng’ những gì?,clickbait,1,0.8626990914344788,clickbait
article_2240,VnExpress,Other,"Vụ án mạng bị biến thành tai nạn, che giấu 24 năm",non-clickbait,0,0.7782282829284668,clickbait
article_1382,VnExpress,Other,Ai có nguy cơ mắc ung thư tuyến giáp?,non-clickbait,2,0.7427950501441956,clickbait
article_2333,VietNamNet,Công nghệ & Khoa học,iPhone 17 Pro Max có thêm xác nhận tính năng cao cấp,non-clickbait,4,0.3059046268463135,non-clickbait
article_1133,VnExpress,Other,SkyM tăng giá trị nhờ tầm nhìn hướng vịnh và hồ nhạc nước,non-clickbait,1,0.08366550505161285,non-clickbait
article_1146,VnExpress,Other,Căn hộ 270 m2 phong cách Á Đông cho ba thế hệ,non-clickbait,2,0.042642395943403244,non-clickbait
article_2801,VnExpress,Other,Phụ nữ căng thẳng vì chồng hơn con cái,clickbait,2,0.5957865715026855,clickbait
article_2049,Thanh Niên,Du lịch & Ẩm thực,Đến Puppy Farm Đà Lạt khám phá vườn nhiệt đới,non-clickbait,0,0.07668379694223404,non-clickbait
article_2268,Tuổi Trẻ,Giải trí & Showbiz,Út Lan: Oán linh giữ của soán ngôi Bí kíp luyện rồng; Lilo & Stitch tiến tới doanh thu tỉ đô,non-clickbait,1,0.45864611864089966,non-clickbait
article_3053,VnExpress,Other,Sạc ôtô điện tại Việt Nam tốn bao nhiêu tiền?,clickbait,0,0.784071147441864,clickbait
article_0845,VnExpress,Công nghệ & Khoa học,8 công dụng của ChatGPT,non-clickbait,3,0.5819045901298523,clickbait
article_2564,Thanh Niên,Other,"Hồng Nhung: Khi được chẩn đoán mắc ung thư, tôi nghĩ đến 2 con đầu tiên",non-clickbait,3,0.7359263896942139,clickbait
article_1532,Kênh14,Other,Xác định người thuê vứt bỏ cả nghìn chai nước mắm ở Quảng Nam,non-clickbait,0,0.16132023930549622,non-clickbait
article_0638,Thanh Niên,Quốc tế,"Thủ tướng Campuchia ra lệnh dừng nhập khẩu nhiên liệu, khí đốt từ Thái Lan",non-clickbait,1,0.0443899892270565,non-clickbait
article_2080,VietNamNet,Sức khỏe & Đời sống,Chiêu trò khiến sữa HIUP giả vẫn bán chạy dù giá cao ngất ngưởng,clickbait,1,0.9377260208129883,clickbait
article_0936,Thanh Niên,Other,Noble Palace Tay Thang Long hút nhà đầu tư nhờ 8 lợi thế cho người dùng cuối,clickbait,2,0.8751482367515564,clickbait
article_2470,Báo Mới,Chính trị & An ninh,Cựu bí thư Vĩnh Phúc Hoàng Thị Thúy Lan cùng Hậu 'pháo' và 39 đồng phạm hầu tòa,non-clickbait,1,0.10697013884782791,non-clickbait
article_1994,VnExpress,Other,Chuyên viên công nghệ đăng quang Hoa hậu Hoàn vũ Việt Nam,non-clickbait,3,0.022328782826662064,non-clickbait
article_3185,24h,Giải trí & Showbiz,"Giá vé show có G-Dragon giảm sâu, phe vé ế khách",non-clickbait,3,0.10814185440540314,non-clickbait
article_1224,Thanh Niên,Other,"Tìm thấy cụ ông đi đám giỗ mất liên lạc, gia đình phát hiện điều bất ngờ",clickbait,3,0.969613254070282,clickbait
article_2659,SaoStar,Công nghệ & Khoa học,Chuyên gia bảo mật khuyến cáo cách đặt mật khẩu an toàn,non-clickbait,0,0.10320505499839783,non-clickbait
article_2631,VietNamNet,Chính trị & An ninh,"Bắt đầu thi hành án, bồi thường cho hơn 43.000 bị hại trong vụ Trương Mỹ Lan",non-clickbait,0,0.033431366086006165,non-clickbait
article_1418,VnExpress,Other,Làm gì để kiểm soát trầm cảm?,non-clickbait,3,0.8127187490463257,clickbait
article_1091,Báo Mới,Văn hóa & Nghệ thuật,Hè ý nghĩa với lớp học gói bánh chưng,non-clickbait,0,0.06091928482055664,non-clickbait
article_0886,Tuổi Trẻ,Other,Đồng hành cùng đối tác tài xế không chỉ ở lượng đơn hàng,non-clickbait,0,0.1696120947599411,non-clickbait
article_2807,Tuổi Trẻ,Giáo dục & Học đường,"Đã có điểm thi lớp 10 TP.HCM, mời tra cứu điểm trên Tuổi Trẻ Online",non-clickbait,0,0.032161448150873184,non-clickbait
article_3140,VietNamNet,Other,"Lợi thế dự án The Gió Riverside gần 2 nhà ga Metro Bình Dương, Đồng Nai",non-clickbait,0,0.03718677535653114,non-clickbait
article_2563,Tuổi Trẻ,Thể thao,Tin tức thể thao sáng 10-5: Djokovic chỉ giải nghệ sau tuổi 40,non-clickbait,4,0.15096519887447357,non-clickbait
article_3725,24h,Sức khỏe & Đời sống,Bộ Y tế vào cuộc vụ người đàn ông hành hung nhân viên y tế,non-clickbait,1,0.12069767713546753,non-clickbait
article_2096,VietNamNet,Sức khỏe & Đời sống,Hơn chục y bác sĩ cứu người phụ nữ nguy kịch khi tự phá thai ở nhà,non-clickbait,4,0.1823527216911316,non-clickbait
article_1174,Tuổi Trẻ,Công nghệ & Khoa học,Bước chân vào thế giới gaming với màn hình LG UltraGear OLED 2025,non-clickbait,1,0.1771693229675293,non-clickbait
article_0562,VnExpress,Kinh doanh & Kinh tế,EVNHCMC đảm bảo cấp điện ổn định cho kỳ thi tốt nghiệp THPT,non-clickbait,0,0.02525085024535656,non-clickbait
article_2886,VietNamNet,Xe & Vận tải,Nghiên cứu mới hé lộ sự thật bất ngờ về tuổi thọ pin xe điện,clickbait,3,0.9785903096199036,clickbait
article_3713,24h,Sức khỏe & Đời sống,"Những cách khắc phục rối loạn cương dương ngay tại nhà, không hề dùng thuốc",non-clickbait,4,0.8422802090644836,clickbait
article_0904,Thanh Niên,Other,Lâm Đồng ‘chốt’ nhà thầu xây dựng cao tốc Bảo Lộc - Liên Khương,non-clickbait,4,0.05141511559486389,non-clickbait
article_2580,Thanh Niên,Other,Nghệ sĩ Hoàng Sơn nói về tin đồn lấy vợ giàu nên bỏ nghề diễn,clickbait,3,0.8995634317398071,clickbait
article_0926,Thanh Niên,Other,TCBS tung ưu đãi lớn: Tặng 100 chỉ vàng nhẫn cùng hàng triệu phần quà hấp dẫn,non-clickbait,3,0.05839952081441879,non-clickbait
article_2574,Thanh Niên,Giải trí & Showbiz,"Ngô Kiến Huy 'xịt keo' vì Cris Phan, HURRYKNG thể hiện khả năng toán học | ON TRENDING",non-clickbait,0,0.9473810195922852,clickbait
article_1678,Báo Mới,Giáo dục & Học đường,Gặp gỡ thủ khoa trường chuyên,non-clickbait,2,0.030243217945098877,non-clickbait
article_2745,Báo Mới,Công nghệ & Khoa học,EVNHCMC được vinh danh Top Công nghiệp 4.0 Việt Nam năm 2025,non-clickbait,2,0.014985890127718449,non-clickbait
article_1390,VnExpress,Other,Điều trị đau thần kinh tọa do thoát vị đĩa đệm,non-clickbait,2,0.0385746993124485,non-clickbait
article_0059,Tuổi Trẻ,Other,Mùa mưa bão đến rồi,clickbait,2,0.6406920552253723,clickbait
article_2648,SaoStar,Công nghệ & Khoa học,MONO khẳng định dấu ấn trong Showmatch khởi động hợp tác Liên Minh Huyền Thoại,non-clickbait,1,0.38832804560661316,non-clickbait
article_0769,Báo Mới,Tin tức tổng hợp,Thúc đẩy chuyển đổi số trong sắp xếp tổ chức bộ máy của hệ thống chính trị,non-clickbait,0,0.022977370768785477,non-clickbait
article_2623,VietNamNet,Chính trị & An ninh,Chuyện 'xài' 47 tỷ tiền hối lộ của cựu Viện trưởng Viện Y dược học dân tộc TPHCM,non-clickbait,0,0.7494083046913147,clickbait
article_3638,Báo Mới,Other,TP.Tân An thông tin về việc xử lý nhà máy xả thải ra kênh gây ô nhiễm,non-clickbait,1,0.06471256911754608,non-clickbait
article_1815,Thanh Niên,Giáo dục & Học đường,Đào tạo báo chí trong kỷ nguyên AI,non-clickbait,0,0.05113009363412857,non-clickbait
article_3787,24h,Giáo dục & Học đường,"TP.HCM công bố điểm chuẩn vào lớp 10 chuyên, tích hợp",non-clickbait,1,0.04476431757211685,non-clickbait
article_2798,VnExpress,Other,Tôm nõn rim thịt ba chỉ,non-clickbait,0,0.2221933901309967,non-clickbait
article_0094,Thanh Niên,Chính trị & An ninh,"Báo chí đưa hơi thở cuộc sống, tâm nguyện của cử tri đến với nghị trường",non-clickbait,4,0.07843036204576492,non-clickbait
article_0723,SaoStar,Quốc tế,"Hai thanh niên ngồi vắt vẻo trên ban công tòa nhà cao tầng trò chuyện, người đi đường thót tim",clickbait,2,0.9634374976158142,clickbait
article_2961,24h,Other,NanoMD và Bộ môn Da liễu - Đại học Y Dược TP.HCM đồng hành tổ chức hội thảo khoa học,non-clickbait,0,0.03164868429303169,non-clickbait
article_0403,VietNamNet,Tin tức tổng hợp,Kinh hoàng phát hiện bộ xương người trong bồn nước tại nhà dân,clickbait,2,0.701201856136322,clickbait
article_1430,Tuổi Trẻ,Xe & Vận tải,"Tin tức giá xe: Volkswagen Viloran, Teramont X 'ngược dòng' tăng giá tới 110 triệu đồng",non-clickbait,4,0.29436710476875305,non-clickbait
article_1094,Báo Mới,Other,Bàu Trúc - Hơi thở nghệ thuật gốm Chăm trên vùng đất nắng gió,non-clickbait,2,0.13916222751140594,non-clickbait
article_0997,SaoStar,Giải trí & Showbiz,Phát ngôn làm 'dậy sóng' của Sabrina Carpenter,clickbait,2,0.9750834703445435,clickbait
article_1810,Thanh Niên,Giáo dục & Học đường,Trường ĐH Sư phạm kỹ thuật Vĩnh Long đạt chuẩn kiểm định chất lượng chu kỳ 2,non-clickbait,0,0.026455776765942574,non-clickbait
article_1500,VietNamNet,Quốc tế,"Israel tấn công một loạt sân bay Iran, phá hủy 15 chiến đấu cơ",non-clickbait,4,0.049681156873703,non-clickbait
article_3113,Thanh Niên,Other,"Huawei phát triển công nghệ pin xe điện sạc 5 phút, đi 3.000 km",non-clickbait,3,0.11446747183799744,non-clickbait
article_1172,Tuổi Trẻ,Công nghệ & Khoa học,"20 cơ quan nhà nước, doanh nghiệp và trường đại học 'bắt tay' làm AI",non-clickbait,2,0.07081619650125504,non-clickbait
article_2804,Tuổi Trẻ,Giáo dục & Học đường,Tuyển sinh lớp 10 ở TP.HCM: Bất ngờ điểm thi môn toán,clickbait,3,0.18061193823814392,non-clickbait
article_1814,Thanh Niên,Giáo dục & Học đường,"Trường CĐ Kinh tế đối ngoại công bố điểm chuẩn học bạ, tiếp tục nhận hồ sơ",non-clickbait,1,0.03886548429727554,non-clickbait
article_0307,VnExpress,Quốc tế,Khoảnh khắc ông Trump tuyên bố xóa sổ cơ sở hạt nhân Iran,clickbait,2,0.41193121671676636,non-clickbait
article_0814,Báo Mới,Other,Người dân chật vật di chuyển qua 'ngõ đau khổ' ở Thủ đô,clickbait,1,0.7879312038421631,clickbait
article_2937,SaoStar,Du lịch & Ẩm thực,Mùa xê dịch: Đi để thấy mình rộng hơn mọi giới hạn,clickbait,3,0.47932085394859314,non-clickbait
article_1651,Báo Mới,Other,Thời sự Truyền hình Báo Gia Lai trưa 23-6-2025,non-clickbait,4,0.03825005888938904,non-clickbait
article_2480,Báo Mới,Chính trị & An ninh,Chủ tịch tỉnh có thẩm quyền cấp giấy phép lao động cho người nước ngoài từ 1/7/2025,non-clickbait,4,0.028761589899659157,non-clickbait
article_3097,Thanh Niên,Other,Messenger trên Android gặp lỗi sau bản cập nhật mới,non-clickbait,0,0.07613248378038406,non-clickbait
article_0935,Thanh Niên,Other,Giá trị hiện hữu - 'lợi thế cạnh tranh' của The Infinity Dĩ An,clickbait,0,0.5130738019943237,clickbait
article_3358,Tuổi Trẻ,Sức khỏe & Đời sống,Hàng trăm trẻ sinh ra từ kỹ thuật hỗ trợ sinh sản được khám sức khỏe miễn phí,non-clickbait,3,0.02722090296447277,non-clickbait
article_0938,VietNamNet,Thể thao,"Tin tức về chuyển nhượng 23/6: MU lấy Watkins, Liverpool chốt Isak",non-clickbait,2,0.024845436215400696,non-clickbait
article_2165,24h,Other,Redmi K90 Pro sẽ có camera tele tiềm vọng chất lượng hàng đầu,non-clickbait,0,0.07828931510448456,non-clickbait
article_2157,24h,Công nghệ & Khoa học,Khoa học cuối cùng đã tìm ra câu trả lời cho bí ẩn của Sao Diêm Vương,clickbait,0,0.9235923886299133,clickbait
article_2817,Tuổi Trẻ,Quốc tế,Mỹ sẽ kiểm tra toàn diện và kỹ lưỡng mạng xã hội khi cấp visa cho sinh viên quốc tế,non-clickbait,4,0.032961245626211166,non-clickbait
article_1248,VietNamNet,Giáo dục & Học đường,BIS Hà Nội tổ chức lễ tốt nghiệp cho học sinh khóa 2025,non-clickbait,2,0.018176933750510216,non-clickbait
article_3624,Báo Mới,Other,Hải Phòng hoàn thành 'KPI' xây dựng nông thôn mới trước giờ sáp nhập,non-clickbait,3,0.021512310951948166,non-clickbait
article_3188,24h,Giải trí & Showbiz,Phùng Thiệu Phong hẹn hò người yêu mới,non-clickbait,0,0.2433725893497467,non-clickbait
article_2321,Thanh Niên,Other,Sách vở là thế giới mở,clickbait,3,0.06069619953632355,non-clickbait
article_0688,VietNamNet,Kinh doanh & Kinh tế,"Sau sáp nhập cấp tỉnh, chi nhánh NHNN thay đổi thế nào từ 1/7?",non-clickbait,2,0.8258707523345947,clickbait
article_1259,Kênh14,Giải trí & Showbiz,"Đình Tú và Ngọc Huyền cưới gấp để ""chạy bầu""?",clickbait,1,0.9503188729286194,clickbait
article_3412,VietNamNet,Du lịch & Ẩm thực,"Phố nhỏ từng là thương cảng sầm uất ở Thanh Hoá, giờ ra sao?",clickbait,0,0.9471371173858643,clickbait
article_2609,Thanh Niên,Other,Sôi động thị trường gameshow hè,non-clickbait,0,0.12173795700073242,non-clickbait
article_2042,Thanh Niên,Du lịch & Ẩm thực,Phim trường Mongo Land điểm du lịch ‘ngàn góc sống ảo’,non-clickbait,4,0.6782203912734985,clickbait
article_0260,Báo Mới,Thể thao,Chuyển nhượng Ligue 1 mới nhất,non-clickbait,0,0.07055959850549698,non-clickbait
article_1499,Thanh Niên,Other,Alo bác sĩ nghe: Đau mỏi vai gáy khi ngủ dậy cảnh báo điều gì?,non-clickbait,3,0.9528381824493408,clickbait
article_1441,Tuổi Trẻ,Other,"Rò điện khi mưa, hiểu nhầm tai hại về xe điện ở Trung Quốc",non-clickbait,3,0.9685006141662598,clickbait
article_2818,Tuổi Trẻ,Giáo dục & Học đường,Chính quyền Trump rà soát kỹ mọi hồ sơ xin visa liên quan Đại học Harvard,non-clickbait,1,0.13195426762104034,non-clickbait
article_0477,24h,Quốc tế,Thế giới 24h: Lãnh tụ tối cao Iran lên tiếng sau đòn tập kích bất ngờ của Mỹ,non-clickbait,4,0.23014023900032043,non-clickbait
article_1502,VietNamNet,Quốc tế,Mỹ ban bố 'cảnh báo toàn cầu' với công dân sau vụ tấn công Iran,non-clickbait,1,0.24346253275871277,non-clickbait
article_0175,SaoStar,Giải trí & Showbiz,Thúy Nga mang bầu lần hai?,clickbait,3,0.9784876704216003,clickbait
article_0893,Thanh Niên,Other,Lãnh đạo doanh nghiệp bất động sản ồ ạt bán cổ phiếu,non-clickbait,4,0.2623690962791443,non-clickbait
article_0110,VietNamNet,Chính trị & An ninh,"Sau sáp nhập, tên 29 tỉnh được lưu giữ bằng tên phường như thế nào?",non-clickbait,1,0.2082594335079193,non-clickbait
article_1603,24h,Thể thao,Tin mới nhất bóng đá chiều 23/6: Filipe Luis được Atletico nhắm kế tục HLV Diego Simeone,non-clickbait,4,0.08441724628210068,non-clickbait
article_2750,Báo Mới,Công nghệ & Khoa học,Doanh nghiệp Việt Nam vận chuyển và hạ thủy thành công trạm biến áp ngoài khơi nặng kỷ lục gần 4.000 tấn,non-clickbait,1,0.07178616523742676,non-clickbait
article_1218,Thanh Niên,Other,Hương vị quê hương: Thơm thảo còng dầu,non-clickbait,0,0.14360755681991577,non-clickbait
article_1913,24h,Thể thao,"Bóng chuyền nữ Trung Quốc soán ngôi số 1 châu Á, ngôi sao 1m96 dứt điểm bị chấn thương",non-clickbait,3,0.056600261479616165,non-clickbait
article_0008,VnExpress,Tin tức tổng hợp,Hà Nội kiện toàn bốn chức danh lãnh đạo cấp sở,non-clickbait,1,0.033431366086006165,non-clickbait
article_0392,VietNamNet,Tin tức tổng hợp,Cảnh sát Đà Nẵng nổ gần 10 phát súng chỉ thiên trấn áp nhóm đối tượng manh động,non-clickbait,0,0.0409606471657753,non-clickbait
article_2023,Tuổi Trẻ,Other,Báo Tuổi Trẻ: Người thầy của đứa trẻ nghèo năm ấy,non-clickbait,3,0.20922721922397614,non-clickbait
article_2307,Thanh Niên,Văn hóa & Nghệ thuật,Hoạt động ấn tượng của Báo Thanh Niên tại Hội Báo toàn quốc 2025,non-clickbait,3,0.016121823340654373,non-clickbait
article_1462,Thanh Niên,Sức khỏe & Đời sống,Uống nước chanh dừa có thật sự là phương pháp giảm cân an toàn?,clickbait,1,0.8987665772438049,clickbait
article_3430,VietNamNet,Du lịch & Ẩm thực,Thót tim cảnh dù lượn chao đảo rồi rơi xuống biển ở Hạ Long,non-clickbait,0,0.8571115136146545,clickbait
article_2495,VnExpress,Other,TP HCM công bố điểm thi lớp 10,non-clickbait,4,0.03004336915910244,non-clickbait
article_2719,Báo Mới,Other,Đồng Nai chờ kết nối dữ liệu Trung ương vận hành chính quyền số 2 cấp,non-clickbait,0,0.025083141401410103,non-clickbait
article_0544,Báo Mới,Quốc tế,"Iran tổn thất nặng, nhưng chương trình hạt nhân có thực sự bị xóa sổ?",non-clickbait,3,0.9641867876052856,clickbait
article_3693,24h,Sức khỏe & Đời sống,Người mẹ mất con vì mắc hội chứng hiếm gặp,clickbait,1,0.31462937593460083,non-clickbait
article_0276,VnExpress,Quốc tế,Mỹ không biết kho uranium của Iran đang ở đâu,non-clickbait,1,0.25921574234962463,non-clickbait
article_2155,24h,Công nghệ & Khoa học,"Apple khiến hàng tá iPhone bị hôi của biến thành ""cục gạch""",clickbait,0,0.9219921231269836,clickbait
article_1173,Tuổi Trẻ,Công nghệ & Khoa học,Công nghệ đang âm thầm 'thuê' bạn mỗi ngày mà không trả đồng nào,clickbait,2,0.9717789888381958,clickbait
article_0861,VnExpress,Công nghệ & Khoa học,Honda thử nghiệm thành công tên lửa tái sử dụng,non-clickbait,3,0.020606474950909615,non-clickbait
article_3178,24h,Giải trí & Showbiz,"""Anh Long"" G-Dragon đội nón lá che kín mặt, lên đường ra sân bay về Hàn Quốc!",non-clickbait,2,0.32279276847839355,non-clickbait
article_1153,VnExpress,Other,Sân golf nghìn tỷ ở Quảng Ninh dự kiến vận hành từ 2030,non-clickbait,1,0.05037733167409897,non-clickbait
article_2286,Thanh Niên,Văn hóa & Nghệ thuật,Sống và yêu ở 'Miền cỏ tranh',clickbait,3,0.04381363466382027,non-clickbait
article_3711,24h,Sức khỏe & Đời sống,Dấu hiệu cảnh báo ung thư dương vật - nam giới nên chú ý,clickbait,2,0.8299059271812439,clickbait
article_3194,24h,Giải trí & Showbiz,Nghệ sĩ Chí Tâm 73 tuổi ngồi không cũng có hơn 30 triệu/tháng,clickbait,4,0.890960156917572,clickbait
article_0536,Báo Mới,Quốc tế,Đòn không kích Iran kéo theo rủi ro cho kinh tế Mỹ,non-clickbait,3,0.05227921903133392,non-clickbait
article_0582,VnExpress,Kinh doanh & Kinh tế,"Bổ sung quy định để bán được tín chỉ carbon rừng cho Amazon, Eni",non-clickbait,1,0.05165378749370575,non-clickbait
article_1915,24h,Thể thao,"Mã Minh Cẩm thắng ""ngựa ô bi-a” Hàn Quốc, vào tứ kết đua giải 1,9 tỷ đồng",non-clickbait,3,0.24256429076194763,non-clickbait
article_2591,Thanh Niên,Giải trí & Showbiz,Hai giờ đồng hồ 'tắm mưa' cùng G-Dragon,clickbait,1,0.6573734879493713,clickbait
article_0770,Báo Mới,Tin tức tổng hợp,"Hội Cựu chiến binh tỉnh phối hợp xóa 355 nhà tạm, nhà dột nát",non-clickbait,1,0.03803509473800659,non-clickbait
article_3587,Báo Mới,Other,"Danh sách chủ tịch, phó chủ tịch UBND 39 xã, phường mới của tỉnh Hưng Yên",non-clickbait,0,0.025589553639292717,non-clickbait
article_1419,VnExpress,Other,"Suy thận bởi thói quen thức khuya, uống nước tăng lực",non-clickbait,4,0.15739570558071136,non-clickbait
article_2549,Tuổi Trẻ,Thể thao,Hành trình kỳ diệu tại Giải bóng rổ học sinh THPT Hà Nội,non-clickbait,4,0.1290181577205658,non-clickbait
article_3393,Thanh Niên,Other,BMW hé lộ vật liệu mới nhẹ hơn sợi carbon để trang bị trên ô tô,clickbait,2,0.8509646654129028,clickbait
article_1235,Thanh Niên,Other,Sạp báo núp hẻm 'độc lạ Cần Thơ': Mỗi ngày chỉ bán 60 - 70 tờ,non-clickbait,4,0.9252974390983582,clickbait
article_1759,VnExpress,Thể thao,Kane tỏa sáng giúp Bayern giành vé sớm,non-clickbait,2,0.09401018917560577,non-clickbait
article_2851,Thanh Niên,Other,Đội tuyển Việt Nam đánh rơi chiến thắng tại giải bóng chuyền AVC Nations Cup 2025,non-clickbait,2,0.02822098508477211,non-clickbait
article_0829,VnExpress,Công nghệ & Khoa học,"Siêu nhà máy Xiaomi vắng bóng người, tự động 91%",non-clickbait,0,0.1557835340499878,non-clickbait
article_2742,Báo Mới,Công nghệ & Khoa học,Thêm một tạp chí của Việt Nam kết nối với cơ sở dữ liệu học thuật danh giá thế giới,non-clickbait,1,0.04076926410198212,non-clickbait
article_1745,VnExpress,Thể thao,Rashford muốn thi đấu cùng Yamal,non-clickbait,0,0.16572807729244232,non-clickbait
article_2741,Báo Mới,Other,Không phải iPhone nào cũng được hưởng trọn tính năng iOS 26,non-clickbait,2,0.9450454711914062,clickbait
article_0329,Tuổi Trẻ,Quốc tế,Xung đột Israel - Iran trưa 23-6: Lãnh tụ Iran lần đầu lên tiếng sau đợt không kích của Mỹ,non-clickbait,0,0.06916356831789017,non-clickbait
article_2143,24h,Công nghệ & Khoa học,"Lô hàng Nintendo Switch 2 trị giá hơn 36 tỷ đồng ""bốc hơi"" trên đường tới tay game thủ",clickbait,1,0.7201715111732483,clickbait
article_1159,VnExpress,Other,Lợi thế giúp khu Đông TP HCM hút đầu tư sau sáp nhập,non-clickbait,3,0.09543372690677643,non-clickbait
article_1298,24h,Other,"Quả dại trong rừng thành đặc sản mùa hè đắt hơn nho Mỹ, đến mùa dân hái bán ""hốt bạc""",clickbait,0,0.9566342234611511,clickbait
article_0132,VietNamNet,Chính trị & An ninh,Thủ tướng yêu cầu đẩy nhanh chi trả chế độ cho người nghỉ việc theo Nghị định 178,non-clickbait,1,0.041037436574697495,non-clickbait
article_1755,VnExpress,Thể thao,FIFA Club World Cup 2025 tôn vinh sức mạnh bóng đá Nam Mỹ,non-clickbait,3,0.10567109286785126,non-clickbait
article_0113,VietNamNet,Chính trị & An ninh,"Dù có cơ chế miễn trách nhiệm, cán bộ xử lý việc phức tạp, nhạy cảm vẫn lo lắng",non-clickbait,2,0.06779313832521439,non-clickbait
article_0024,VnExpress,Tin tức tổng hợp,"Vượt gác chắn, người đàn ông bị tàu tông tử vong",non-clickbait,1,0.08064661920070648,non-clickbait
article_1082,Báo Mới,Văn hóa & Nghệ thuật,Bảo tàng Lịch sử Quân sự Việt Nam: Nơi quá khứ dẫn lối tương lai,non-clickbait,1,0.5221260190010071,clickbait
article_1427,Tuổi Trẻ,Xe & Vận tải,Tesla ra mắt Robotaxi: Canh bạc tỉ đô của tỉ phú Musk,non-clickbait,1,0.46515971422195435,non-clickbait
article_1279,SaoStar,Giải trí & Showbiz,"Rating giờ vàng: Dịu Dàng Màu Nắng tăng nhanh, Mặt Trời Lạnh cháy đều",non-clickbait,1,0.378947377204895,non-clickbait
article_3025,VnExpress,Other,Volkswagen làm robotaxi đấu Tesla,non-clickbait,1,0.05365069955587387,non-clickbait
article_1631,24h,Thể thao,"""Tiền, vợt, khoai tây"": Phía sau bí quyết thành công không ngờ của Alcaraz",clickbait,2,0.967348575592041,clickbait
article_1267,SaoStar,Giải trí & Showbiz,5 phim Hoa ngữ cổ trang đại bạo: Triệu Lệ Dĩnh đóng góp 2 phim,clickbait,4,0.723504900932312,clickbait
article_0395,VietNamNet,Tin tức tổng hợp,"Làm rõ nguyên nhân vụ nam thanh niên loã thể, kêu cứu rồi gục chết ở TPHCM",clickbait,0,0.09451042860746384,non-clickbait
article_0747,24h,Chính trị & An ninh,"Nhóm bị cáo đánh ghen, đòi nợ khiến người phụ nữ tự tử lãnh án",non-clickbait,0,0.1056249588727951,non-clickbait
article_2222,VnExpress,Other,Kẻ đâm nhân viên quán karaoke lĩnh án tử hình,non-clickbait,4,0.08882028609514236,non-clickbait
article_3373,Thanh Niên,Other,"Thêm mẫu mới, lượng tiêu thụ ô tô hybrid tại Việt Nam vẫn ở mức cầm chừng",non-clickbait,3,0.029340026900172234,non-clickbait
article_0130,VietNamNet,Chính trị & An ninh,"Giải thể 44 Bộ chỉ huy Bộ đội Biên phòng các tỉnh, thành phố",non-clickbait,0,0.024869104847311974,non-clickbait
article_1881,SaoStar,Sức khỏe & Đời sống,3 nguyên tắc ăn tối giúp giảm mỡ bụng hiệu quả và bền vững,clickbait,3,0.9624266624450684,clickbait
article_0124,VietNamNet,Chính trị & An ninh,"Trình Thường trực Ban Bí thư ký quyết định chỉ định nhân sự 23 tỉnh, thành mới",non-clickbait,2,0.015365342609584332,non-clickbait
article_3500,Báo Mới,Xe & Vận tải,"Chiếc xe cũ của Trung Quốc bán giá 1,5 triệu USD",non-clickbait,0,0.4188454747200012,non-clickbait
article_3263,Báo Mới,Sức khỏe & Đời sống,Lịch cúp điện Long An hôm nay ngày 24/6/2025,non-clickbait,2,0.023219766095280647,non-clickbait
article_0495,Báo Mới,Quốc tế,"Sau một cuộc gọi, ông Trump hạ lệnh ném bom Iran ngay trên trực thăng",non-clickbait,0,0.3743903338909149,non-clickbait
article_3179,24h,Giải trí & Showbiz,Thất bại của Miu Lê,clickbait,1,0.3534281849861145,non-clickbait
article_1276,SaoStar,Giải trí & Showbiz,Huyền thoại Denzel Washington sẽ có vai diễn 'đo ni đóng giày' trong Black Panther 3,non-clickbait,4,0.8719663023948669,clickbait
article_1741,VnExpress,Thể thao,Giải mật thể thao: Vì sao Alexander-Arnold đổi thành 'Trent' trên áo đấu Real?,clickbait,1,0.9378399848937988,clickbait
article_0510,Báo Mới,Quốc tế,Mỹ kêu gọi Trung Quốc ngăn Iran đóng eo biển Hormuz,non-clickbait,3,0.024703869596123695,non-clickbait
article_1995,VnExpress,Other,Váy áo đơn sắc của 'Tay đua quyến rũ nhất hành tinh',clickbait,1,0.8914335370063782,clickbait
article_1923,Báo Mới,Other,Carlos Alcaraz có chức vô địch thứ năm trong mùa giải,non-clickbait,2,0.03448852524161339,non-clickbait
article_3309,VnExpress,Other,Đơn vị dù lượn lao vào khách ở Bãi Cháy bị phạt 21 triệu đồng,non-clickbait,0,0.03004336915910244,non-clickbait
article_2727,Báo Mới,Công nghệ & Khoa học,Nghiên cứu mới hé lộ sự thật bất ngờ về tuổi thọ pin xe điện,clickbait,3,0.978569746017456,clickbait
article_3598,Báo Mới,Other,"Hướng dẫn mới nhất về số lượng Phó Chủ tịch UBND cấp tỉnh, xã",non-clickbait,2,0.02498779445886612,non-clickbait
article_0391,VietNamNet,Tin tức tổng hợp,"Va chạm với xe đầu kéo, 4 cháu nhỏ đi chung trên 1 xe đạp điện thương vong",non-clickbait,3,0.02693789079785347,non-clickbait
article_0949,VietNamNet,Thể thao,Khoảnh khắc Xuân Son cùng Nam Định nâng Cúp vô địch V-League,non-clickbait,1,0.09683381766080856,non-clickbait
article_3447,24h,Xe & Vận tải,"Những mẫu xe máy ""đi mãi không hỏng"" được ưa chuộng ở Việt Nam",clickbait,2,0.9711564779281616,clickbait
article_2539,Tuổi Trẻ,Thể thao,Iran và khả năng dự World Cup 2026,non-clickbait,1,0.3010537326335907,non-clickbait
article_1566,SaoStar,Thể thao,Chốt lịch trận play-off V.League 2024/25: Công Phượng sẽ đá ở đâu?,clickbait,1,0.40221598744392395,non-clickbait
article_3594,Báo Mới,Other,Đề xuất xây dựng đại lộ và cảnh quan ven sông Hồng,non-clickbait,1,0.0817393809556961,non-clickbait
article_0267,Báo Mới,Thể thao,Bảng xếp hạng V-League 2024/2025 mới nhất,non-clickbait,0,0.04142347723245621,non-clickbait
article_3452,24h,Xe & Vận tải,"Cận cảnh Honda Dream Thái 1997 còn nguyên bản có thể ""hóa rồng” khi tái xuất",clickbait,1,0.6042091846466064,clickbait
article_0765,Báo Mới,Tin tức tổng hợp,BĐBP Quảng Trị đón nhận Huân chương Chiến công hạng Nhì,non-clickbait,2,0.01640303246676922,non-clickbait
article_0962,VietNamNet,Thể thao,Nhận định bóng đá Real Madrid vs Pachuca: Đến lúc chiến thắng,non-clickbait,4,0.23440666496753693,non-clickbait
article_3268,Báo Mới,Other,Gia đình là điểm tựa,non-clickbait,2,0.5872035622596741,clickbait
article_0530,Báo Mới,Quốc tế,"Israel bắt đầu cho phép bay quốc tế, hạn chế 50 hành khách một máy bay",non-clickbait,4,0.0385746993124485,non-clickbait
article_1268,SaoStar,Giải trí & Showbiz,Doãn Quốc Đam trở lại,clickbait,0,0.5886175632476807,clickbait
article_1481,Thanh Niên,Sức khỏe & Đời sống,Chuyên gia chia sẻ lượng vitamin C cần tiêu thụ mỗi ngày,non-clickbait,3,0.6294329762458801,clickbait
article_0032,VnExpress,Tin tức tổng hợp,"69 xã, phường của Hà Tĩnh sau sắp xếp",non-clickbait,0,0.03963884338736534,non-clickbait
article_0289,VnExpress,Quốc tế,Ông Netanyahu: Israel sắp đạt mục tiêu ở Iran,non-clickbait,4,0.06675146520137787,non-clickbait
article_2999,Báo Mới,Công nghệ & Khoa học,"Phát hiện nhóm máu mới, chỉ có một người sở hữu",clickbait,2,0.9535785913467407,clickbait
article_1859,Kênh14,Giáo dục & Học đường,488 thí sinh đạt điểm tuyệt đối môn Ngoại ngữ thi lớp 10 TP.HCM,non-clickbait,0,0.03365296125411987,non-clickbait
article_0693,Kênh14,Giải trí & Showbiz,"Tranh cãi chuyện mời nam ca sĩ top 1 showbiz về nhà mở concert riêng, netizen chốt “đúng là không có gì ngoài tiền”",clickbait,2,0.9765800833702087,clickbait
article_3096,Thanh Niên,Other,Grab tổ chức chuỗi sự kiện gia đình thường niên dành cho đối tác,non-clickbait,3,0.023531880229711533,non-clickbait
article_1623,24h,Thể thao,"Video bóng đá Inter Milan - Urawa Red Diamonds: Vỡ òa phút bù giờ, ngược dòng ngoạn mục (FIFA Club World Cup)",clickbait,1,0.17231106758117676,non-clickbait
article_2308,Thanh Niên,Văn hóa & Nghệ thuật,Đan Trường lên tiếng làm rõ về clip quảng cáo vay nặng lãi,clickbait,4,0.4794656038284302,non-clickbait
article_2381,SaoStar,Kinh doanh & Kinh tế,Có nên đầu tư vàng lúc này? Chuyên gia nói gì khi vàng liên tục biến động?,clickbait,0,0.9583821892738342,clickbait
article_1069,Báo Mới,Other,Rực rỡ sắc màu thể thao biển,non-clickbait,1,0.08269733935594559,non-clickbait
article_0102,Thanh Niên,Other,"Vận hành hai hệ thống giám sát, tiếp nhận kiến nghị thực hiện Nghị quyết 57",non-clickbait,1,0.026556573808193207,non-clickbait
article_3071,VnExpress,Other,Infinite Machine Olto - xe máy điện phong cách tương lai,non-clickbait,1,0.06754669547080994,non-clickbait
article_0411,VietNamNet,Tin tức tổng hợp,"Tài xế gây tai nạn liên hoàn rồi bất tỉnh, trên tay vẫn cầm kim tiêm",non-clickbait,4,0.268749475479126,non-clickbait
article_0445,SaoStar,Sức khỏe & Đời sống,Cô gái trẻ ở Hà Nội mất trắng 1.6 tỷ đồng: Chiêu lừa nhiều người đã gặp phải,clickbait,3,0.977022647857666,clickbait
article_2119,SaoStar,Giáo dục & Học đường,Thi tốt nghiệp THPT trên máy tính: Địa phương nào sẽ thí điểm đầu tiên?,clickbait,3,0.801159143447876,clickbait
article_3184,24h,Giải trí & Showbiz,Hàng chục nghìn khán giả 'quẩy' cùng G-Dragon dưới mưa như trút,non-clickbait,3,0.8028648495674133,clickbait
article_0883,Tuổi Trẻ,Kinh doanh & Kinh tế,"Mỹ phẩm giá rẻ 'tận đáy', công dụng 'thần kỳ', coi chừng bôi hàng giả lên người",clickbait,3,0.9829055070877075,clickbait
article_0061,Tuổi Trẻ,Other,Nhà giàu cũng khóc,clickbait,0,0.7902066707611084,clickbait
article_3639,Báo Mới,Other,Gói thầu xây lắp hơn 42 tỷ đồng tại Đồng Nai: Nhà thầu nào vượt qua tiêu chí khó,non-clickbait,0,0.05232762172818184,non-clickbait
article_0170,SaoStar,Giải trí & Showbiz,Xôn xao hình ảnh Ninh Dương Lan Ngọc phải ngồi xe lăn,clickbait,4,0.8411743640899658,clickbait
article_0097,Thanh Niên,Chính trị & An ninh,Quốc hội 'chốt' áp thuế thu nhập 10% với tất cả loại hình báo chí,non-clickbait,0,0.3237541615962982,non-clickbait
article_2482,Báo Mới,Other,Phát hiện công ty kinh doanh lọc nhớt không rõ nguồn gốc xuất xứ,non-clickbait,3,0.029423581436276436,non-clickbait
article_1695,VnExpress,Thể thao,Man City thắng CLB châu Á 6-0 ở FIFA Club World Cup,non-clickbait,4,0.04646466672420502,non-clickbait
article_1010,24h,Kinh doanh & Kinh tế,"Giá vàng hôm nay 22-6: Vàng SJC ""hạ nhiệt"", vàng quốc tế giảm sâu",non-clickbait,2,0.4823376536369324,non-clickbait
article_2724,Báo Mới,Công nghệ & Khoa học,Vietnam Airlines được vinh danh tại Vinh quang Việt Nam 2025,non-clickbait,3,0.02456308715045452,non-clickbait
article_1529,VietNamNet,Quốc tế,"Israel hạ chỉ huy đặc nhiệm Quds, không kích khu hạt nhân Isfahan của Iran",non-clickbait,0,0.03799937665462494,non-clickbait
article_1764,Tuổi Trẻ,Văn hóa & Nghệ thuật,Khách đổ xô về Hà Tiên nhân kỷ niệm 290 năm ngày mất Đức khai trấn Mạc Cửu,non-clickbait,0,0.0468556247651577,non-clickbait
article_1107,VnExpress,Other,"Khu du lịch Bà Nà, Đà Nẵng sẽ có hàng nghìn căn biệt thự, liền kề",non-clickbait,3,0.018038028851151466,non-clickbait
article_2153,24h,Công nghệ & Khoa học,"Microsoft lại ""phế võ công"" của tính năng thân thuộc với hàng triệu người dùng Windows",clickbait,3,0.9800149202346802,clickbait
article_2883,Thanh Niên,Other,Trần Quyết Chiến nói gì trước ngày xuất trận tại World Cup billiards TP.HCM?,clickbait,1,0.852874219417572,clickbait
article_3691,24h,Sức khỏe & Đời sống,5 loại thực phẩm có thể giúp giảm nguy cơ ung thư,clickbait,0,0.7825794219970703,clickbait
article_3294,VnExpress,Other,"7 món ăn 'ngon, giá hợp lý' được Michelin gợi ý",non-clickbait,4,0.7185943722724915,clickbait
article_2433,Báo Mới,Other,Báo động: Hàng loạt cơ sở dược liệu cổ truyền vi phạm chất lượng,non-clickbait,3,0.06441766023635864,non-clickbait
article_2641,VietNamNet,Chính trị & An ninh,Mạo danh cục phó tình báo để lừa đảo và lời khai về chiếc xe được Vũ 'Nhôm' tặng,non-clickbait,4,0.21198724210262299,non-clickbait
article_0442,SaoStar,Sức khỏe & Đời sống,Vụ chủ tiệm tạp hoá ở Đồng Nai bị sát hại: Nguyên nhân khiến nghi phạm xuống tay?,clickbait,0,0.843766450881958,clickbait
article_2965,Báo Mới,Công nghệ & Khoa học,"Phát hiện nhóm máu mới, cả thế giới chỉ một người mang",clickbait,1,0.9349913001060486,clickbait
article_3149,VietNamNet,Other,"Mạo hiểm vay 2 tỷ để mua căn hộ 3 tỷ, vợ chồng trẻ hối hận không kịp",clickbait,2,0.9528381824493408,clickbait
article_2164,24h,Công nghệ & Khoa học,Chiêm ngưỡng những video thật đến khó tin được tạo ra bởi AI Veo 3 của Google,clickbait,1,0.9126699566841125,clickbait
article_3361,Tuổi Trẻ,Sức khỏe & Đời sống,Loại trái cây cực tốt cho phụ nữ sau mãn kinh,clickbait,4,0.908048689365387,clickbait
article_3406,VietNamNet,Du lịch & Ẩm thực,"Hải sản kỳ dị ở Thanh Hóa ăn giòn như bào ngư, bắt vài tiếng được cả cân",clickbait,4,0.9314625263214111,clickbait
article_1087,Báo Mới,Văn hóa & Nghệ thuật,"Hơn 70 ngàn du khách tham quan Tuần lễ Văn hóa, du lịch và ẩm thực Đồng Nai",non-clickbait,4,0.02784845046699047,non-clickbait
article_3016,Báo Mới,Công nghệ & Khoa học,Kỳ bí thế giới tự nhiên tại Triển lãm 'Đa dạng sắc màu côn trùng Việt Nam',non-clickbait,0,0.3046102523803711,non-clickbait
article_1307,24h,Kinh doanh & Kinh tế,Vì sao nhiều người đua nhau săn lùng dưa hấu táo mini?,clickbait,2,0.9755303859710693,clickbait
article_2300,Thanh Niên,Văn hóa & Nghệ thuật,Nhàn đàm: Đường cày và con chữ,clickbait,0,0.26123666763305664,non-clickbait
article_0984,SaoStar,Giải trí & Showbiz,DPR IAN: Cái tên khiến mạng xã hội 'dậy sóng' sau đêm nhạc tại Mỹ Đình,clickbait,3,0.9711838364601135,clickbait
article_2009,VnExpress,Other,Thân Thúy Hà: 'Không muốn là gánh nặng cho con lúc về già',clickbait,1,0.6531268954277039,clickbait
article_3654,24h,Giải trí & Showbiz,"Hoảng hồn cảnh xe máy phóng như 'bay', va chạm xe tải khiến 3 người thương vong ở Hải Phòng",clickbait,1,0.739563524723053,clickbait
article_0687,VietNamNet,Kinh doanh & Kinh tế,"Bầu Đức tung trăm tỷ 'gom hàng', Hoàng Anh Gia Lai sức khỏe ra sao?",clickbait,3,0.9755536317825317,clickbait
article_3288,VnExpress,Other,50 nhà hàng tốt nhất thế giới,clickbait,4,0.21958844363689423,non-clickbait
article_3391,Thanh Niên,Other,"Rầm rộ giảm giá, ô tô nhập khẩu hút khách hơn xe lắp ráp trong nước",non-clickbait,0,0.29310092329978943,non-clickbait
article_1116,VnExpress,Other,Tân Hoàng Minh được thí điểm làm dự án 1.800 tỷ ở Nha Trang,non-clickbait,0,0.035111747682094574,non-clickbait
article_3199,24h,Giải trí & Showbiz,Diva Thanh Lam sắp cưới,non-clickbait,0,0.2868180274963379,non-clickbait
article_1757,VnExpress,Thể thao,Florian Wirtz - viên ngọc trên vương miện của Liverpool,non-clickbait,4,0.5893323421478271,clickbait
article_0105,Thanh Niên,Other,Xây dựng không gian văn hóa Hồ Chí Minh ở Đà Lạt,non-clickbait,3,0.020332353189587593,non-clickbait
article_3576,24h,Xe & Vận tải,Trên dưới 500 triệu đồng mua xe SUV cũ chọn xe nào?,non-clickbait,3,0.818591833114624,clickbait
article_0811,Báo Mới,Tin tức tổng hợp,Yên Khánh: Nhiệm kỳ 2020-2025 nhiều thành tựu nổi bật,non-clickbait,3,0.012624949216842651,non-clickbait
article_3777,24h,Du lịch & Ẩm thực,Say đắm sắc xanh mùa lúa non ở Y Tý,non-clickbait,2,0.1782395839691162,non-clickbait
article_0792,Báo Mới,Tin tức tổng hợp,Agribank khẳng định vị thế trụ cột trong sự nghiệp phát triển 'Tam nông',non-clickbait,3,0.018142107874155045,non-clickbait
article_1013,24h,Kinh doanh & Kinh tế,Vì sao giá vàng thế giới được dự báo giảm mạnh về mốc 96 triệu đồng/lượng?,clickbait,3,0.9476723670959473,clickbait
article_1329,Báo Mới,Kinh doanh & Kinh tế,Bãi bỏ toàn bộ 16 Thông tư liên quan đến lĩnh vực giá,non-clickbait,4,0.03314851596951485,non-clickbait
article_2983,Báo Mới,Công nghệ & Khoa học,5 loài vật có tuổi thọ vượt xa con người,clickbait,1,0.9531880021095276,clickbait
article_3225,24h,Giải trí & Showbiz,Cảnh phim ngoại tình gây tranh cãi của Lương Thu Trang,clickbait,3,0.9433475732803345,clickbait
article_2025,Tuổi Trẻ,Văn hóa & Nghệ thuật,"Chiều mưa dạo chợ Lạc Quang ăn đồ Phan Rang: Bánh canh, căn, xèo, chả cá gợi vị quê nhà",non-clickbait,2,0.18528291583061218,non-clickbait
article_3159,24h,Giải trí & Showbiz,Quyết định quá tàn bạo của Hồng Nhung,clickbait,2,0.9446382522583008,clickbait
article_3416,VietNamNet,Du lịch & Ẩm thực,"Đặc sản 'dưới bùn' ở Quảng Ninh nhìn kỳ dị, xào su hào ăn ngọt, ngon",clickbait,2,0.9709092378616333,clickbait
article_0038,VnExpress,Tin tức tổng hợp,Cháy trước quán ăn ở trung tâm TP HCM,non-clickbait,1,0.06835070252418518,non-clickbait
article_0386,Thanh Niên,Other,LiveVô sinh thứ phát: Hiểu đúng và điều trị sớm để đón con lần nữa,non-clickbait,2,0.07716921716928482,non-clickbait
article_1365,Báo Mới,Other,"Lịch chốt trả cổ tức, tuần từ ngày 23 đến 27/6",non-clickbait,4,0.0378924235701561,non-clickbait
article_0064,Tuổi Trẻ,Other,Gia đình 5 người đặt xe công nghệ 4 chỗ gây tranh cãi: Không thể biện minh 'cả nhà lên xe cho tiện',clickbait,1,0.9545204043388367,clickbait
article_1559,SaoStar,Thể thao,"Chia tay HAGL, Minh Vương nghẹn ngào gửi lời đến bầu Đức",non-clickbait,2,0.9020932912826538,clickbait
article_3439,24h,Xe & Vận tải,"Giá Honda Vario 160 mới nhất hiện nay, giảm 6 triệu đồng",non-clickbait,0,0.049681156873703,non-clickbait
article_0122,VietNamNet,Chính trị & An ninh,"Thủ tướng chỉ đạo sắp xếp trụ sở, tài sản công để bộ máy mới vận hành thông suốt",non-clickbait,3,0.01662507839500904,non-clickbait
article_3501,Báo Mới,Xe & Vận tải,"Ra mắt Land Rover Defender đặc biệt Trophy từ 2,9 tỷ đồng",non-clickbait,3,0.06536578387022018,non-clickbait
article_2471,Báo Mới,Other,Bố nghèo ôm con bỏng nặng vượt hơn 300 km tìm sự sống,non-clickbait,4,0.2975209653377533,non-clickbait
article_2756,VnExpress,Other,Lý do những người chỉ thích nhắn tin thay vì gọi điện,clickbait,3,0.9777350425720215,clickbait
article_1126,VnExpress,Other,Khánh Hòa siết quản lý môi giới và sàn giao dịch bất động sản,non-clickbait,2,0.01788301020860672,non-clickbait
article_3004,Báo Mới,Công nghệ & Khoa học,Người phụ nữ mang nhóm máu 'độc nhất vô nhị' trên thế giới,clickbait,3,0.9777350425720215,clickbait
article_2114,SaoStar,Giáo dục & Học đường,3 câu cửa miệng của con mà phụ huynh phải đặc biệt chú ý,clickbait,1,0.9495291709899902,clickbait
article_0981,SaoStar,Giải trí & Showbiz,Quang Lê hé lộ cát-xê 'khủng' của Lệ Quyên,clickbait,3,0.9770883321762085,clickbait
article_0375,Thanh Niên,Tin tức tổng hợp,"Thấy người khác gặp tai nạn nguy kịch nhưng không cứu giúp, phạm tội gì?",non-clickbait,3,0.7539651393890381,clickbait
article_1308,24h,Kinh doanh & Kinh tế,"Sữa HIUP giả: Giá xuất xưởng 87.800 đồng/lon, bán ra cao gấp 7 lần, bất ngờ thành phần thực tế",clickbait,1,0.8350804448127747,clickbait
article_0457,24h,Quốc tế,Thế giới 24h: Quốc hội Iran thông qua biện pháp đóng cửa Eo biển Hormuz,non-clickbait,0,0.059701740741729736,non-clickbait
article_2383,SaoStar,Kinh doanh & Kinh tế,Giá vàng hôm nay (18/6): Vàng nhẫn có mức giá gây bất ngờ,clickbait,2,0.9353464841842651,clickbait
article_2694,24h,Other,"Nhan sắc quá khứ trái ngược của Tân Hoa, Á hậu Hoàn vũ Việt Nam: Người ngây thơ, người quyến rũ, cá tính",non-clickbait,1,0.9466953873634338,clickbait
article_1537,Kênh14,Other,Bán hàng trên sàn online nộp thuế thế nào từ ngày 1-7?,non-clickbait,3,0.22354651987552643,non-clickbait
article_3514,Báo Mới,Xe & Vận tải,Xe máy điện 'lai' xe đạp có giá hơn 90 triệu đồng,non-clickbait,2,0.3380771279335022,non-clickbait
article_1184,Tuổi Trẻ,Công nghệ & Khoa học,Học ngoại ngữ qua app: Coi chừng chỉ là 'học cho có',clickbait,3,0.8840392827987671,clickbait
article_0993,SaoStar,Giải trí & Showbiz,"Fan cuồng lao lên sân khấu lúc đang biểu diễn, G-Dragon phản ứng gây xôn xao",clickbait,3,0.9776285290718079,clickbait
article_0052,Tuổi Trẻ,Tin tức tổng hợp,"Ông Trần Lưu Quang kiểm tra công tác chuẩn bị vận hành chính quyền 2 cấp tại Ninh Thuận, Khánh Hòa",non-clickbait,0,0.020119478926062584,non-clickbait
article_0825,VnExpress,Công nghệ & Khoa học,Elon Musk nói AI Grok 'quá nhiều rác',non-clickbait,4,0.5650737285614014,clickbait
article_0857,VnExpress,Công nghệ & Khoa học,Tiến bộ về tốc độ của robot hình người Figure 02,non-clickbait,0,0.059976447373628616,non-clickbait
article_0985,SaoStar,Giải trí & Showbiz,Đoạn clip làm rõ thái độ gây tranh cãi của G-Dragon trong đêm nhạc Hà Nội,clickbait,3,0.933612585067749,clickbait
article_0548,Báo Mới,Quốc tế,Vụ rơi máy bay ở Ấn Độ: Trên 250 nạn nhân đã được nhận dạng,non-clickbait,1,0.0627892017364502,non-clickbait
article_0975,SaoStar,Giải trí & Showbiz,Sốc với album mới của aespa,clickbait,4,0.911337673664093,clickbait
article_2917,SaoStar,Du lịch & Ẩm thực,"Nữ YouTuber Hàn Quốc khám phá Ấn Độ theo cách khác lạ, doanh thu khiến ai cũng trầm trồ",clickbait,3,0.9799765348434448,clickbait
article_2072,Thanh Niên,Chính trị & An ninh,Câu chuyện du lịch,clickbait,2,0.6760320067405701,clickbait
article_2428,Báo Mới,Chính trị & An ninh,Bắt tạm giam Chủ tịch Công ty nước GMT Sỹ Anh Tuyên,non-clickbait,4,0.05094091221690178,non-clickbait
article_0553,VnExpress,Kinh doanh & Kinh tế,'Lợi nhuận nhiều công ty địa ốc chưa thể bứt phá',non-clickbait,2,0.10365785658359528,non-clickbait
article_2522,VnExpress,Other,Loạt đại học Việt Nam nhảy vọt trên bảng xếp hạng thế giới,non-clickbait,0,0.0676698088645935,non-clickbait
article_3196,24h,Giải trí & Showbiz,Bích Phương - Tăng Duy Tân bối rối khi bị hỏi chuyện tình cảm,non-clickbait,0,0.8249559998512268,clickbait
article_1072,Báo Mới,Văn hóa & Nghệ thuật,Sẵn sàng làm mới thương hiệu du lịch sau khi sáp nhập tỉnh,non-clickbait,0,0.04130730405449867,non-clickbait
article_1508,VietNamNet,Quốc tế,Ukraine nêu cách ngăn Nga sản xuất tên lửa Oreshnik ‘bất khả chiến bại’,non-clickbait,3,0.23318210244178772,non-clickbait
article_0166,SaoStar,Giải trí & Showbiz,13 nghìn người bất ngờ trước động thái mới nhất của Minh Hằng,clickbait,1,0.9658352136611938,clickbait
article_1204,Thanh Niên,Sức khỏe & Đời sống,Sabah – thiên đường bí mật của Malaysia dành cho người yêu thiên nhiên,non-clickbait,0,0.7988937497138977,clickbait
article_2092,VietNamNet,Sức khỏe & Đời sống,"Bật báo động đỏ cứu người đàn ông ngừng tuần hoàn, cơ hội sống rất thấp",non-clickbait,0,0.17645862698554993,non-clickbait
article_0607,Tuổi Trẻ,Chính trị & An ninh,"Cận cảnh kho hàng hơn 10.000 chai nước hoa Chanel, Bvlgari, Dior... giả, Công an TP.HCM vừa thu giữ",non-clickbait,2,0.04220600053668022,non-clickbait
article_0426,SaoStar,Sức khỏe & Đời sống,"Cậu bé đi thả diều bị kéo lên lơ lửng giữa trời, cảnh tượng khiến nhiều người 'thót tim'",clickbait,4,0.9446893334388733,clickbait
article_2732,Báo Mới,Other,Tắt các thiết lập này sẽ giúp tăng tốc Windows 11 nhanh hơn rất nhiều,clickbait,1,0.865962564945221,clickbait
article_2010,Tuổi Trẻ,Văn hóa & Nghệ thuật,Bảo tàng Chăm ở Huế bao giờ thành hiện thực khi cổ vật vẫn nằm rải rác trong quán cà phê?,non-clickbait,4,0.7873594760894775,clickbait
article_0820,Báo Mới,Tin tức tổng hợp,"HĐND TP Đà Nẵng họp kỳ cuối, bàn giải pháp phát triển sau hợp nhất Quảng Nam",non-clickbait,3,0.015588540583848953,non-clickbait
article_0483,24h,Quốc tế,Iran tuyên bố tấn công kết hợp UAV và tên lửa đạn đạo gây nổ lớn dồn dập ở Israel,non-clickbait,0,0.08028533309698105,non-clickbait
article_2519,VnExpress,Other,Khoảng 1/3 sinh viên Luật làm đúng ngành sau tốt nghiệp,non-clickbait,1,0.05429894104599953,non-clickbait
article_1352,Báo Mới,Other,"VCBS: Áp lực giá dầu giảm và tồn kho giá cao, lợi nhuận quý II của Petrolimex và BSR có thể giảm 2 chữ số",non-clickbait,3,0.023043233901262283,non-clickbait
article_0382,Thanh Niên,Other,Đại tướng Phan Văn Giang tiết lộ lực lượng diễu binh trên biển dịp Quốc khánh 2.9,non-clickbait,4,0.08071905374526978,non-clickbait
article_2810,Tuổi Trẻ,Giáo dục & Học đường,"Đã có điểm thi, điểm chuẩn vào lớp 6 Trường Trần Đại Nghĩa",non-clickbait,3,0.018264278769493103,non-clickbait
article_0868,VnExpress,Công nghệ & Khoa học,Người Việt chi hơn 300.000 đồng mỗi tháng để gọi xe máy qua app,non-clickbait,4,0.07751765847206116,non-clickbait
article_1970,VnExpress,Other,Người đẹp được yêu thích nhất Hoa hậu Hoàn vũ Việt Nam 2025,non-clickbait,3,0.0286798607558012,non-clickbait
article_3700,24h,Sức khỏe & Đời sống,"Một loại ký sinh có thể cắt đứt tinh trùng của con người, nguyên nhân gây vô sinh toàn cầu?",clickbait,2,0.9611709713935852,clickbait
article_2142,24h,Công nghệ & Khoa học,"Kiếm triệu USD từ sáng tạo game, ứng dụng",clickbait,2,0.8926560878753662,clickbait
article_0520,Báo Mới,Quốc tế,"Lãnh tụ tối cao Iran cảnh báo 'sai lầm to lớn' của Israel, tránh đề cập đến Mỹ",clickbait,2,0.7945444583892822,clickbait
article_3075,Tuổi Trẻ,Other,TP Thủ Đức sẽ thí điểm miễn giấy phép xây dựng nhà ở riêng lẻ,non-clickbait,0,0.026708463206887245,non-clickbait
article_1399,VnExpress,Other,Phẫu thuật '2 trong 1' cho bé trai mắc đa dị tật,non-clickbait,4,0.3264324367046356,non-clickbait
article_2431,Báo Mới,Chính trị & An ninh,"Hà Nội: Khởi tố 36 bị can là lãnh đạo, cán bộ Viện Pháp y tâm thần Trung ương",non-clickbait,0,0.03521113842725754,non-clickbait
article_2149,24h,Công nghệ & Khoa học,Thủ thuật vô cùng tiện lợi mà người dùng Gmail nên biết,clickbait,1,0.9488224983215332,clickbait
article_3269,Báo Mới,Other,Sản phụ mất con vì hội chứng Budd–Chiari hiếm gặp,non-clickbait,1,0.1588255912065506,non-clickbait
article_2494,VnExpress,Other,Chàng trai tốt nghiệp Sư phạm Hà Nội với điểm gần tuyệt đối,non-clickbait,3,0.05000489577651024,non-clickbait
article_2736,Báo Mới,Công nghệ & Khoa học,Lãnh đạo tỉnh Khánh Hòa khảo sát Nhà máy điện rác Seraphin - Hà Nội,non-clickbait,1,0.028843538835644722,non-clickbait
article_3085,Tuổi Trẻ,Other,Chưa bán được tài sản để thi hành 2 bản án tại dự án K-Homes ở Nha Trang,non-clickbait,0,0.04296246916055679,non-clickbait
article_0047,VnExpress,Tin tức tổng hợp,Ngày đầu vận hành thử nghiệm chính quyền hai cấp ở Bình Định,non-clickbait,4,0.02539546974003315,non-clickbait
article_0665,VietNamNet,Kinh doanh & Kinh tế,"Động thái bất ngờ của ông Trump: Giá vàng và dầu có thể tăng vọt, toàn cầu náo động",clickbait,0,0.8862236142158508,clickbait
article_2326,Thanh Niên,Other,Trao giải Món ngon Hà Nội: ‘Bản đồ’ ẩm thực Hà Nội trong lòng công chúng,non-clickbait,4,0.10008423030376434,non-clickbait
article_1786,Thanh Niên,Giáo dục & Học đường,"Những lưu ý để tham gia quy trình xét tuyển đại học, cao đẳng",non-clickbait,2,0.04535257816314697,non-clickbait
article_0198,24h,Tin tức tổng hợp,"Vụ sữa giả HIUP: Mỗi lon giá gốc 87.000 đồng, bán ra 546.000 đồng",non-clickbait,2,0.12603028118610382,non-clickbait
article_2215,VnExpress,Other,Kịch bản băng tội phạm 'giăng bẫy' hàng trăm nghìn người già,non-clickbait,2,0.7932661771774292,clickbait
article_1643,Báo Mới,Giáo dục & Học đường,AI có đang làm thui chột nhiều kỹ năng của các em học sinh?,non-clickbait,0,0.8694931268692017,clickbait
article_1185,Tuổi Trẻ,Công nghệ & Khoa học,"AI tiến bộ từng ngày, làm gì để không ai bị bỏ lại phía sau?",clickbait,3,0.9720985889434814,clickbait
article_2904,VietNamNet,Xe & Vận tải,6 món phụ kiện hữu ích giúp bảo vệ xế cưng trong mùa hè nắng nóng,clickbait,2,0.9586926698684692,clickbait
article_1864,Kênh14,Giáo dục & Học đường,"Sáng nay, TP.HCM công bố điểm thi lớp 10",non-clickbait,4,0.02898062951862812,non-clickbait
article_3343,VnExpress,Other,Hà Nội xác minh vụ khách Tây suýt gặp tai nạn ở phố đường tàu,non-clickbait,1,0.10771873593330383,non-clickbait
article_1195,Thanh Niên,Sức khỏe & Đời sống,Tờ vé số không ngờ mang lại giải độc đắc 4 tỉ cho 2 người bán cá ở Tây Ninh,clickbait,2,0.9703805446624756,clickbait
article_0237,Báo Mới,Thể thao,Khởi động chiến dịch bảo vệ ngôi vương,clickbait,4,0.047337718307971954,non-clickbait
article_2951,24h,Other,3 việc làm sau 17h tăng hiệu quả giảm cân không cần tập luyện nhiều,clickbait,1,0.9270997643470764,clickbait
article_0100,Thanh Niên,Tin tức tổng hợp,Ông Nguyễn Thanh Nghị mong báo chí TP.HCM lan tỏa khát vọng và niềm tin,non-clickbait,2,0.021287351846694946,non-clickbait
article_3037,VnExpress,Other,"Xe đầu kéo húc vỡ trụ cứu hỏa, nước phun cao chục mét",non-clickbait,0,0.2247353047132492,non-clickbait
article_0844,VnExpress,Công nghệ & Khoa học,Camera lớn nhất thế giới hứa hẹn thay đổi ngành thiên văn,non-clickbait,2,0.8794577121734619,clickbait
article_0332,Tuổi Trẻ,Quốc tế,"Ngoại trưởng Iran tới Nga 'tham vấn', Liên hợp quốc họp khẩn",non-clickbait,0,0.12362989783287048,non-clickbait
article_1977,VnExpress,Other,Hoa hậu Phương Linh: 'Tôi không ngại xăm mình',clickbait,3,0.2974189221858978,non-clickbait
article_3781,24h,Du lịch & Ẩm thực,Ba Vì hút du khách với cảnh mây bồng bềnh mùa hè,non-clickbait,0,0.2757631540298462,non-clickbait
article_0890,Tuổi Trẻ,Kinh doanh & Kinh tế,Những kịch bản kinh tế sau khi Mỹ tấn công Iran,non-clickbait,3,0.06828853487968445,non-clickbait
article_1134,VnExpress,Other,Nhiều ưu đãi tại sự kiện ra mắt dự án Happy One Sora,non-clickbait,2,0.021368887275457382,non-clickbait
article_0615,Tuổi Trẻ,Chính trị & An ninh,"Tưởng đang 'thay trời hành đạo', nhóm 'bà chủ' truy hỏi, cưỡng đoạt tiền nhân viên",non-clickbait,2,0.9490118622779846,clickbait
article_2825,Thanh Niên,Other,"Nỗi buồn bóng đá miền Trung: Bình Định và Huế xuống hạng, đội Đà Nẵng lung lay",non-clickbait,4,0.09653530269861221,non-clickbait
article_0345,Thanh Niên,Tin tức tổng hợp,CSGT vừa sát hạch vừa cấp đổi GPLX: Người dân được lợi gì?,non-clickbait,2,0.8529967665672302,clickbait
article_3448,24h,Xe & Vận tải,"Xe tay ga 150cc thiết kế hầm hố, nhiều công nghệ xịn, giá dễ tiếp cận",non-clickbait,4,0.07510852813720703,non-clickbait
article_3565,24h,Xe & Vận tải,"Ở phân khúc dưới 700 triệu đồng, Xpander không phải là 7 chỗ duy nhất",non-clickbait,3,0.07956718653440475,non-clickbait
article_1633,Báo Mới,Other,Lịch thi tốt nghiệp THPT năm 2025 chính thức,non-clickbait,1,0.04069295525550842,non-clickbait
article_0726,SaoStar,Quốc tế,"Người đàn ông chơi dù lượn bị hút vào đám mây cao 8500 mét, toàn bộ cơ thể bị đông cứng",clickbait,3,0.9308992624282837,clickbait
article_2339,VietNamNet,Công nghệ & Khoa học,AK-308 'sát thủ mới của Kalashnikov’ với loạt công nghệ siêu hiện đại,clickbait,0,0.6174838542938232,clickbait
article_0449,SaoStar,Sức khỏe & Đời sống,"Lật tẩy đường dây lừa đảo nhắm vào người già, chiếm đoạt hàng trăm tỷ đồng",non-clickbait,1,0.546117901802063,clickbait
article_0460,24h,Quốc tế,"Quốc hội Iran duyệt đóng cửa eo biển Hormuz, Mỹ nhờ đến Trung Quốc",non-clickbait,1,0.09756223112344742,non-clickbait
article_0793,Báo Mới,Tin tức tổng hợp,Tinh thần 'học tập suốt đời' cần sự đột phá như cuộc cách mạng về tổ chức bộ máy,non-clickbait,0,0.07043161243200302,non-clickbait
article_2258,VnExpress,Other,Chủ chung cư mini Khương Hạ được giảm 2 năm 6 tháng tù,non-clickbait,0,0.03079216368496418,non-clickbait
article_1679,Báo Mới,Giáo dục & Học đường,Gần 1.000 tình nguyện viên hỗ trợ thí sinh thi tốt nghiệp THPT ở Hà Giang,non-clickbait,4,0.03504563868045807,non-clickbait
article_1119,VnExpress,Other,Hơn 1.600 căn hộ cao cấp Sun Feliza Suites ra mắt tại Hà Nội,non-clickbait,1,0.048316068947315216,non-clickbait
article_3743,24h,Du lịch & Ẩm thực,"Tôm bán đầy chợ nhưng có 4 con này rẻ mấy cũng đừng mua, đọc xong nhớ nhắc mọi người ngay nhé!",clickbait,3,0.9823893308639526,clickbait
article_2633,VietNamNet,Chính trị & An ninh,Mở lại phiên tòa phúc thẩm vụ FLC: Ông Trịnh Văn Quyết vẫn vắng bóng,non-clickbait,1,0.059756580740213394,non-clickbait
article_2065,Thanh Niên,Other,"Lập kỳ tích, Cát Bà nổi lên thành trung tâm du lịch giải trí mới hè 2025",non-clickbait,1,0.5134321451187134,clickbait
article_0719,SaoStar,Quốc tế,"Người đàn ông tử vong khi canh ruộng dưa leo, dân làng bất lực khi biết thủ phạm",clickbait,0,0.9525741338729858,clickbait
article_0086,Thanh Niên,Chính trị & An ninh,Tổ chức kỳ thi tốt nghiệp THPT thực sự là ngày hội của toàn xã hội,non-clickbait,2,0.03158888220787048,non-clickbait
article_0402,VietNamNet,Tin tức tổng hợp,Nam thanh niên trốn bố mẹ bỏ nhà đi bộ 'về xuôi' bị lạc đường trên cao tốc,non-clickbait,3,0.27009499073028564,non-clickbait
article_0271,Báo Mới,Thể thao,Bảng xếp hạng Champions League 2024/2025 mới nhất,non-clickbait,2,0.04885777831077576,non-clickbait
article_0146,Kênh14,Sức khỏe & Đời sống,Meichan lên tiếng khi bị tố lừa dối fan,clickbait,0,0.9194981455802917,clickbait
article_0467,24h,Quốc tế,"Iran sắp phong tỏa eo biển Hormuz, Mỹ sẵn sàng kế hoạch rà phá thủy lôi?",non-clickbait,3,0.8879840970039368,clickbait
article_2683,24h,Other,G-Dragon đội mưa biểu diễn ở Mỹ Đình: Chiếc trâm hoa cúc gần 3 tỷ đồng gây sốt,clickbait,3,0.9553608298301697,clickbait
article_3400,Thanh Niên,Other,Có nên tin tưởng công nghệ đỗ xe tự động trên ô tô phổ thông?,clickbait,4,0.5233023762702942,clickbait
article_1005,24h,Kinh doanh & Kinh tế,Các nước đổ xô dự trữ vàng khi Mỹ tấn công Iran,non-clickbait,0,0.3340460956096649,non-clickbait
article_0947,VietNamNet,Thể thao,Real Madrid thắng trận khó tin ở FIFA Club World Cup,clickbait,3,0.9386884570121765,clickbait
article_2566,Thanh Niên,Other,Số phận của phim kinh dị 'Út Lan' ra sao tại phòng vé Việt?,clickbait,2,0.9625324606895447,clickbait
article_2053,Thanh Niên,Du lịch & Ẩm thực,"Điểm đến mùa hè gắn kết gia đình, trải nghiệm văn hóa tâm linh và thiên nhiên",non-clickbait,4,0.08050192147493362,non-clickbait
article_3502,Báo Mới,Xe & Vận tải,Mẫu xe Toyota Prius mới thay đổi toàn diện thiết kế,non-clickbait,2,0.039825133979320526,non-clickbait
article_1731,VnExpress,Thể thao,Võ sĩ Nhật Bản mất trí nhớ sau trận thua knock-out,non-clickbait,0,0.07017629593610764,non-clickbait
article_3609,Báo Mới,Other,Ông Trần Lưu Quang kiểm tra vận hành mô hình chính quyền 2 cấp tại 2 địa phương,non-clickbait,2,0.016371551901102066,non-clickbait
article_2860,Thanh Niên,Other,CLB CAHN giành HCĐ nhờ đánh bại Hải Phòng: Thể Công Viettel ngậm ngùi về đích thứ tư,non-clickbait,2,0.06210312247276306,non-clickbait
article_1945,Báo Mới,Thể thao,'Trâu Thủ đô' tiếp đà thăng hoa,clickbait,3,0.23353150486946106,non-clickbait
article_2830,Thanh Niên,Thể thao,Highlight CLB Nam Định 1-0 CLB Hà Tĩnh: Nhà vô địch khép lại mùa giải mĩ mãn | Vòng 26 V-League 2024-2025,non-clickbait,3,0.031173313036561012,non-clickbait
article_0315,VnExpress,Quốc tế,"Ukraine tuyên bố chặn toàn bộ tên lửa Kinzhal, Iskander-K của Nga",non-clickbait,4,0.055310651659965515,non-clickbait
article_1783,Thanh Niên,Giáo dục & Học đường,"IELTS, TOEFL hay TOEIC: Chứng chỉ tiếng Anh nào phù hợp với bạn?",non-clickbait,2,0.5202449560165405,clickbait
article_2984,Báo Mới,Công nghệ & Khoa học,Giải mã ảnh hưởng của bức xạ từ các ngôi sao đối với thời tiết trên các hành tinh,non-clickbait,1,0.3592798113822937,non-clickbait
article_0160,SaoStar,Giải trí & Showbiz,"Vợ Đình Tú báo tin vui, dàn sao Vbiz nô nức chúc mừng",clickbait,1,0.9385196566581726,clickbait
article_0777,Báo Mới,Other,Nhiều dự án đường bộ cao tốc có nguy cơ chậm tiến độ do mùa mưa đến sớm và kéo dài,non-clickbait,1,0.06742378324270248,non-clickbait
article_2581,Thanh Niên,Other,"Thua Tóc Tiên sát nút, Kay Trần bất lực loại đàn em khỏi show sống còn",non-clickbait,1,0.7727879881858826,clickbait
article_0929,Thanh Niên,Other,Khát vọng Việt Nam: Sẵn sàng tiến vào kỷ nguyên đường sắt,non-clickbait,0,0.1452365517616272,non-clickbait
article_0815,Báo Mới,Other,Tạm đóng cửa sân bay Vinh trong 6 tháng để sửa chữa đường băng,non-clickbait,4,0.02909075655043125,non-clickbait
article_3093,Thanh Niên,Other,"Keysight, NTT và NTT Innovative Devices tạo kỷ lục tốc độ truyền dữ liệu 280 Gbps",non-clickbait,2,0.020567096769809723,non-clickbait
article_1572,24h,Thể thao,"Man City đại thắng đội bóng châu Á 6-0, vì sao HLV Guardiola & Haaland giận dữ?",clickbait,0,0.9557340741157532,clickbait
article_3163,24h,Giải trí & Showbiz,Hôn nhân viên mãn của ca sĩ Thu Thuỷ bên chồng kém 11 tuổi,non-clickbait,2,0.7396105527877808,clickbait
article_0040,VnExpress,Tin tức tổng hợp,'Sắp xếp giang sơn để Việt Nam tăng sức cạnh tranh quốc tế',non-clickbait,1,0.06928941607475281,non-clickbait
article_0128,VietNamNet,Chính trị & An ninh,"Bắc Bộ mưa lớn, Thủ tướng yêu cầu quân đội, công an sẵn sàng lực lượng cứu hộ",non-clickbait,1,0.04599103331565857,non-clickbait
article_0288,VnExpress,Quốc tế,"Tổng thống Iran xuống đường tham gia biểu tình phản đối Mỹ, Israel",non-clickbait,1,0.08616955578327179,non-clickbait
article_0516,Báo Mới,Quốc tế,Tổng thống Trump để ngỏ khả năng thay đổi chính quyền Iran sau loạt không kích,non-clickbait,4,0.08291985839605331,non-clickbait
article_3156,VietNamNet,Other,Thị trường bất động sản tại tỉnh lớn nhất Việt Nam sau sáp nhập ra sao?,clickbait,4,0.7438198328018188,clickbait
article_2734,Báo Mới,Công nghệ & Khoa học,PPL vận chuyển và hạ thủy thành công trạm biến áp ngoài khơi nặng kỷ lục gần 4.000 tấn,non-clickbait,2,0.022694088518619537,non-clickbait
article_0870,VnExpress,Công nghệ & Khoa học,HP sử dụng AI để góp phần định hình tương lai ngành in,non-clickbait,3,0.02978830225765705,non-clickbait
article_3051,VnExpress,Other,Hơn 500 triệu nên mua lại VinFast Lux A2.0 2021?,non-clickbait,1,0.79157954454422,clickbait
article_3157,VietNamNet,Other,"Có mảnh đất 200m2, làm thế nào để tách thửa, xây nhà ở trên 100m2?",clickbait,4,0.5650137662887573,clickbait
article_2511,VnExpress,Other,Sinh viên truyền thông nhận lương tháng 9-17 triệu đồng sau tốt nghiệp,non-clickbait,0,0.05252167582511902,non-clickbait
article_0107,Thanh Niên,Tin tức tổng hợp,Chung dòng máu Lạc Hồng: 'Đại sứ tâm linh' trên đất Mỹ,non-clickbait,4,0.2650236189365387,non-clickbait
article_2324,Thanh Niên,Other,Giò mo - ấm áp tình quê,non-clickbait,4,0.18126320838928223,non-clickbait
article_3408,VietNamNet,Du lịch & Ẩm thực,"Cao nguyên cách Hà Nội 300km có biển mây, thác nước, khách rộn ràng reo vui",clickbait,2,0.23691323399543762,non-clickbait
article_3494,Báo Mới,Xe & Vận tải,"Cận cảnh Hyundai Palisade 2025 vừa ra mắt tại Indonesia, giá từ 1,77 tỷ đồng",non-clickbait,2,0.03912164270877838,non-clickbait
article_0621,Thanh Niên,Quốc tế,"Quốc hội Iran duyệt đóng eo biển Hormuz, Mỹ kêu gọi Trung Quốc thuyết phục Iran",non-clickbait,1,0.08130066841840744,non-clickbait
article_1773,Tuổi Trẻ,Du lịch & Ẩm thực,Penang hút du khách với tiệc sầu riêng ăn không giới hạn,non-clickbait,1,0.47638174891471863,non-clickbait
article_2201,Báo Mới,Giải trí & Showbiz,Tình trạng của chồng Khánh Thi sau chấn thương ngoài ý muốn,non-clickbait,2,0.9186264276504517,clickbait
article_0749,24h,Chính trị & An ninh,Kẻ cướp sát hại nữ chủ tiệm tạp hoá bị bắt sau 5 giờ gây án,non-clickbait,1,0.10293421894311905,non-clickbait
article_0231,Báo Mới,Thể thao,Inter Miami trước ngưỡng cửa lịch sử,clickbait,3,0.41122910380363464,non-clickbait
article_2567,Thanh Niên,Other,Ông chủ 36 tuổi chinh phục cô gái xinh đẹp trên show hẹn hò,non-clickbait,4,0.6659538745880127,clickbait
article_1842,VietNamNet,Sức khỏe & Đời sống,"Độc đáo mâm cỗ 'tiết kiệm bát đĩa' ở Hòa Bình, ăn xong dọn dẹp nhàn tênh",clickbait,0,0.9484894871711731,clickbait
article_2293,Thanh Niên,Văn hóa & Nghệ thuật,"Hiến kế phát triển du lịch, khám phá văn hóa qua tà áo dài Việt Nam",non-clickbait,0,0.05639204382896423,non-clickbait
article_3334,VnExpress,Other,Những đầu bếp Trung Quốc từng nấu ăn cho tổng thống Mỹ,non-clickbait,3,0.6606651544570923,clickbait
article_3050,VnExpress,Other,'Yamaha khẳng định DNA thể thao với VnExpress Marathon',non-clickbait,4,0.0778675451874733,non-clickbait
article_3471,Báo Mới,Xe & Vận tải,Gần 1.000 người đội nắng đổi xe máy xăng lấy xe điện,clickbait,1,0.12458530813455582,non-clickbait
article_0526,Báo Mới,Quốc tế,"Syria: Đánh bom liều chết tại nhà thờ giữa Damascus, ít nhất 22 người thiệt mạng",non-clickbait,3,0.035813190042972565,non-clickbait
article_0014,VnExpress,Tin tức tổng hợp,Đà Nẵng mở rộng khu thương mại tự do sau sáp nhập,non-clickbait,1,0.039158374071121216,non-clickbait
article_2912,VietNamNet,Xe & Vận tải,Tay nắm cửa ô tô dạng ẩn: Vẻ đẹp công nghệ hay cái bẫy nguy hiểm?,clickbait,3,0.9683812260627747,clickbait
article_3063,VnExpress,Other,Tiêu thụ ôtô tại Việt Nam tăng trưởng trở lại,non-clickbait,3,0.02157406695187092,non-clickbait
article_0020,VnExpress,Tin tức tổng hợp,Bồ Đào Nha tranh tài pháo hoa với Anh trên sông Hàn,non-clickbait,2,0.04724971577525139,non-clickbait
article_3180,24h,Giải trí & Showbiz,"Tình yêu Katy Perry, Orlando Bloom 'bên bờ vực'",clickbait,1,0.8748277425765991,clickbait
article_3169,24h,Giải trí & Showbiz,Biển người đổ về sân Mỹ Đình,clickbait,0,0.10163401812314987,non-clickbait
article_1799,Thanh Niên,Giáo dục & Học đường,Tra cứu điểm thi trên Thanh Niên Online: Nhiều thông tin tiện ích cho bạn đọc,non-clickbait,1,0.0754484310746193,non-clickbait
article_0499,Báo Mới,Quốc tế,Vì sao Tu-160 của Nga bây giờ mới 'ra đòn' ở Ukraine?,clickbait,1,0.9566746950149536,clickbait
article_3010,Báo Mới,Công nghệ & Khoa học,Những bức ảnh động vật nổi bật nhất thập kỷ,clickbait,4,0.3692013621330261,non-clickbait
article_1571,24h,Thể thao,"Yamal 17 tuổi náo động tình trường: ""Yêu"" để có cảm hứng chơi bóng như Ronaldinho?",clickbait,2,0.9754368662834167,clickbait
article_2474,Báo Mới,Other,Cảnh sát nổ súng chỉ thiên trấn áp nhóm thanh thiếu niên mang hung khí gây rối trong đêm,non-clickbait,2,0.03547750413417816,non-clickbait
article_1141,VnExpress,Other,Chiến lược phát triển bất động sản sinh thái của Đạt Phương,non-clickbait,1,0.06810236722230911,non-clickbait
article_3065,VnExpress,Other,Xe tải Howo 'đắp chiếu' cả tháng vì không được đăng kiểm,clickbait,0,0.7404090762138367,clickbait
article_3046,VnExpress,Other,Ford dừng bán xe điện do lỗi khóa cửa,non-clickbait,4,0.04894861951470375,non-clickbait
article_2600,Thanh Niên,Other,Cuộc sống ca sĩ Nhật Linh khi bị mất một cánh tay sau tai nạn xe container,non-clickbait,2,0.1096104308962822,non-clickbait
article_1409,VnExpress,Other,6 cách giảm nhiệt miệng không cần dùng thuốc,non-clickbait,3,0.716069757938385,clickbait
article_0079,Thanh Niên,Chính trị & An ninh,"Hoan nghênh Tập đoàn HP mở rộng đầu tư, kinh doanh tại Việt Nam",non-clickbait,1,0.05070536211133003,non-clickbait
article_1491,Thanh Niên,Other,"Đừng để Vitamin C 'phản chủ' khiến da xỉn màu, phí tiền oan",clickbait,3,0.9794132709503174,clickbait
article_0581,VnExpress,Kinh doanh & Kinh tế,Cách nào giảm thực chất những điều kiện kinh doanh cho doanh nghiệp?,clickbait,3,0.7217432260513306,clickbait
article_0889,Tuổi Trẻ,Kinh doanh & Kinh tế,"Lại phát hiện Burberry, Chanel, Gucci… giả mạo tại cơ sở từng bị phạt ở Đà Nẵng",non-clickbait,2,0.244723841547966,non-clickbait
article_1793,Thanh Niên,Giáo dục & Học đường,Điểm thi lớp 10 của TP.HCM: Môn toán có 36 thí sinh đạt điểm 10,non-clickbait,3,0.01795174367725849,non-clickbait
article_0903,Thanh Niên,Other,"Măng Đen sẽ có 3 dự án đô thị ngàn tỉ, quy mô hơn 700 ha",non-clickbait,0,0.0413459949195385,non-clickbait
article_2922,SaoStar,Du lịch & Ẩm thực,"Du lịch miền Tây mùa hè: Miệt vườn, sông nước và trái cây đúng vụ",non-clickbait,0,0.41448405385017395,non-clickbait
article_0301,VnExpress,Quốc tế,Lãnh tụ tối cao Iran có thể đã chọn ba ứng viên kế nhiệm,clickbait,1,0.10511863231658936,non-clickbait
article_0404,VietNamNet,Tin tức tổng hợp,"Dự báo thời tiết 23/6/2025: Miền Bắc còn mưa lớn ở vùng núi, Trung Bộ nắng nóng",non-clickbait,2,0.02501159906387329,non-clickbait
article_2963,24h,Other,"S:kin Heritage: Khi mỹ phẩm Việt ""khoác áo” di sản",clickbait,0,0.27376851439476013,non-clickbait
article_0068,Tuổi Trẻ,Other,Cần tạo nhiều khoảng trống cho xe hơi,non-clickbait,1,0.4053310453891754,non-clickbait
article_1459,Thanh Niên,Sức khỏe & Đời sống,"Uống matcha thường xuyên, coi chừng những bệnh này",clickbait,2,0.9639160633087158,clickbait
article_2473,Báo Mới,Chính trị & An ninh,Bắt Chủ tịch Công ty cổ phần nước GMT,non-clickbait,0,0.030157409608364105,non-clickbait
article_3605,Báo Mới,Other,Bộ Nội vụ ban hành hướng dẫn mới nhất về sắp xếp tổ chức bộ máy và đơn vị hành chính,non-clickbait,3,0.014036569744348526,non-clickbait
article_0667,VietNamNet,Kinh doanh & Kinh tế,"Lãi suất ngân hàng hôm nay 23/6/2025: Nhà băng nào niêm yết mức cao nhất 6,1%?",clickbait,4,0.5290125012397766,clickbait
article_2357,VietNamNet,Công nghệ & Khoa học,"Lộ diện ‘sát thủ săn ngầm’ mới ASW-USV, tàu ngầm nghe tên đã vội tìm chỗ trốn",clickbait,1,0.8821743130683899,clickbait
article_2093,VietNamNet,Sức khỏe & Đời sống,"'Nghiện' pickleball, chơi như thế nào để không phải vào viện?",clickbait,2,0.9782188534736633,clickbait
article_1992,VnExpress,Other,"Hoài An ra album về truyền thuyết, cổ tích Việt",non-clickbait,1,0.14737102389335632,non-clickbait
article_0670,VietNamNet,Kinh doanh & Kinh tế,"Nhiều mẫu iPhone giảm giá sâu, Honda Vision rẻ hiếm có trong lịch sử",clickbait,3,0.8147170543670654,clickbait
article_1306,24h,Kinh doanh & Kinh tế,Thực hư về nguồn gốc của loại đào trơn đang bán tràn lan thị trường,clickbait,2,0.9695268273353577,clickbait
article_3486,Báo Mới,Xe & Vận tải,Làn gió mới ở phân khúc sedan hạng B,non-clickbait,1,0.22490550577640533,non-clickbait
article_0643,Thanh Niên,Quốc tế,Canh bạc của Tổng thống Trump khi tấn công Iran,clickbait,3,0.9014878869056702,clickbait
article_2517,VnExpress,Other,Nữ sinh trường làng thành thủ khoa chuyên Toán,non-clickbait,4,0.1056249588727951,non-clickbait
article_0983,SaoStar,Giải trí & Showbiz,"Fan bị bảo vệ dẫm vào chân khi đi xem show, Hòa Minzy phản ứng ra sao?",clickbait,1,0.9603611826896667,clickbait
article_3628,Báo Mới,Other,"Người tuổi này nên chọn nhà hướng Đông Tứ Trạch giúp thu hút tài lộc, gia đạo thuận hòa và sức khỏe dồi dào",clickbait,1,0.2817266285419464,non-clickbait
article_3143,VietNamNet,Other,Khởi công khu phức hợp du lịch và đô thị nghỉ dưỡng Làng Vân,non-clickbait,2,0.01711089164018631,non-clickbait
article_0801,Báo Mới,Other,TPHCM: Đường Chu Văn An sẽ nâng cấp xong vào tháng 11,non-clickbait,1,0.043691057711839676,non-clickbait
article_2241,VnExpress,Other,"Ký hợp đồng với người nghỉ hưu, công ty có phải đóng bảo hiểm xã hội?",non-clickbait,1,0.6182907819747925,clickbait
article_2958,24h,Other,Mặt mộc của thí sinh Hoa hậu Việt Nam,non-clickbait,3,0.0468556247651577,non-clickbait
article_2770,VnExpress,Other,"Cách làm nước rau má, đậu xanh giải nhiệt, làm đẹp",non-clickbait,2,0.8278281688690186,clickbait
article_2299,Thanh Niên,Văn hóa & Nghệ thuật,Nhớ Trường Sa - Thơ của Hoàng Thụy Anh,non-clickbait,0,0.20386599004268646,non-clickbait
article_0255,Báo Mới,Thể thao,"Lịch thi đấu Serie A, tỷ số, kết quả mới nhất",non-clickbait,4,0.04236419126391411,non-clickbait
article_0549,Báo Mới,Quốc tế,G7 xoay trục chiến lược giữa khủng hoảng Trung Đông,non-clickbait,4,0.07871317118406296,non-clickbait
article_2016,Tuổi Trẻ,Văn hóa & Nghệ thuật,Thông tấn xã Việt Nam ra chuyên trang mới nhân Ngày Báo chí cách mạng Việt Nam,non-clickbait,2,0.01838725432753563,non-clickbait
article_2370,Kênh14,Sức khỏe & Đời sống,Triệu chứng ung thư thận giai đoạn cuối,non-clickbait,1,0.1271640658378601,non-clickbait
article_0521,Báo Mới,Quốc tế,Căng thẳng Israel-Iran: GCC không ghi nhận mức độ bức xạ bất thường sau khi Mỹ tấn công cơ sở hạt nhân Iran,non-clickbait,3,0.01651368848979473,non-clickbait
article_2018,Tuổi Trẻ,Văn hóa & Nghệ thuật,'Tôi may mắn được gặp các nhà báo can đảm và dấn thân',non-clickbait,1,0.4755139648914337,non-clickbait
article_3559,24h,Xe & Vận tải,Giá xe VinFast VF 8 cập nhật mới nhất tháng 6/2025,non-clickbait,1,0.07159119844436646,non-clickbait
article_2977,Báo Mới,Công nghệ & Khoa học,"Video khinh khí cầu bốc cháy giữa trời ở Brazil, phi công bảo khách làm thế nào?",clickbait,1,0.9520864486694336,clickbait
article_2681,24h,Other,Soi cận nhan sắc đậm chất Á Đông của Tân Hoa hậu Hoàn vũ Việt Nam 2025,non-clickbait,2,0.944943904876709,clickbait
article_0173,SaoStar,Giải trí & Showbiz,"Nữ diễn viên bị tố 'cắm sừng' bạn trai khuyết tật, qua lại với nam ca sĩ nổi tiếng?",clickbait,4,0.9558579325675964,clickbait
article_0611,Tuổi Trẻ,Other,"Yêu cầu dừng ngay công trình trái phép, phạt 1 lần vẫn tiếp tục xây dựng trên đèo Bảo Lộc",non-clickbait,0,0.1511530578136444,non-clickbait
article_0954,VietNamNet,Thể thao,Lịch thi đấu bóng đá hôm nay 23/6: Messi xuất trận cùng Inter Miami,non-clickbait,3,0.03687337040901184,non-clickbait
article_2427,Báo Mới,Other,CSGT kịp thời giúp đỡ nam thanh niên đi lạc trên cao tốc về với gia đình,non-clickbait,2,0.06736240535974503,non-clickbait
article_1088,Báo Mới,Văn hóa & Nghệ thuật,"Có một Bình Dương văn minh, nghĩa tình",non-clickbait,0,0.10580960661172867,non-clickbait
article_3158,VietNamNet,Other,Hợp tác nâng tầm trải nghiệm sống khỏe tại dự án Thanh Xuan Valley,non-clickbait,4,0.03362121805548668,non-clickbait
article_0781,Báo Mới,Tin tức tổng hợp,Mặt trận Tổ quốc Việt Nam xác định nhiệm vụ trọng tâm sau khi bộ máy mới đi vào hoạt động,non-clickbait,2,0.014813887886703014,non-clickbait
article_0220,Báo Mới,Thể thao,"HIGHLIGHTS: Juventus đại thắng Wydad Casablanca, tiến vào vòng 1/8",non-clickbait,0,0.09594074636697769,non-clickbait
article_1408,VnExpress,Other,'Chiều cao người Việt tăng nhưng vẫn thuộc top thấp',non-clickbait,2,0.17217186093330383,non-clickbait
article_2872,Thanh Niên,Other,"Bảng vàng các danh hiệu cá nhân, tập thể: Những phần thưởng xứng đáng",non-clickbait,3,0.01930808648467064,non-clickbait
article_2915,VietNamNet,Xe & Vận tải,"Mô tô bay Skyrider X6 kỳ hoa dị thảo giá 1,8 tỷ đồng của Trung Quốc",non-clickbait,1,0.08764190226793289,non-clickbait
article_2735,Báo Mới,Other,Tin nóng công nghệ 23/6: iPhone 17 Pro được trang bị buồng làm mát hơi nước,non-clickbait,1,0.09756223112344742,non-clickbait
article_0025,VnExpress,Tin tức tổng hợp,Báo chí cách mạng Việt Nam nhận huân chương Hồ Chí Minh,non-clickbait,1,0.03825005888938904,non-clickbait
article_3311,VnExpress,Other,5 tour châu Âu khách Việt không nên bỏ lỡ dịp hè,clickbait,2,0.2677431106567383,non-clickbait
article_0373,Thanh Niên,Tin tức tổng hợp,Cách tính BHXH 1 lần trước và sau ngày 1.7.2025,non-clickbait,1,0.05165378749370575,non-clickbait
article_0528,Báo Mới,Quốc tế,Tòa án Hiến pháp Thái Lan bắt đầu xem xét kiến nghị phế truất thủ tướng sau vụ rò rỉ điện đàm,non-clickbait,1,0.05582313984632492,non-clickbait
article_0869,VnExpress,Công nghệ & Khoa học,Smartphone mỏng nhẹ - chiến lược cạnh tranh mới của Samsung,non-clickbait,0,0.06512755155563354,non-clickbait
article_3414,VietNamNet,Du lịch & Ẩm thực,"Khách Canada đi theo gợi ý dân mạng, bất ngờ với loạt quán ăn 'ẩn mình' ở Hà Nội",clickbait,3,0.9817357659339905,clickbait
article_1044,24h,Kinh doanh & Kinh tế,"Thu nhập 24 triệu đồng ""gồng"" mua nhà Hà Nội, vợ chồng ""vỡ mộng” vì khổ hơn thuê trọ",clickbait,2,0.9683213829994202,clickbait
article_1322,Báo Mới,Other,"Bán nhà phố về quê, khi hết tiền tôi phải chạy xe máy 40km để đi làm",clickbait,2,0.7585106492042542,clickbait
article_1033,24h,Kinh doanh & Kinh tế,Elon Musk giàu nhất thế giới nhưng công ty vẫn thiếu tiền,clickbait,2,0.8085212111473083,clickbait
article_1115,VnExpress,Other,"Sở hữu nhà tại phố Vinhomes Golden City với 4,9 tỷ đồng",non-clickbait,2,0.035544395446777344,non-clickbait
article_0566,VnExpress,Kinh doanh & Kinh tế,Hai sân bay lớn nhất nước thuộc quản lý của Hải quan khu vực XV,non-clickbait,4,0.03258974477648735,non-clickbait
article_0241,Báo Mới,Thể thao,FIFA Club World Cup 2025: Xác định được 4 đội vào vòng knock-out,non-clickbait,3,0.02878887951374054,non-clickbait
article_0523,Báo Mới,Quốc tế,Campuchia cân nhắc ngừng nhập khẩu toàn bộ hàng đóng hộp từ Thái Lan,non-clickbait,2,0.019966036081314087,non-clickbait
article_0731,24h,Chính trị & An ninh,Đà Nẵng: Nghẹt thở hành trình truy đuổi nhóm 30 người gây rối,non-clickbait,1,0.1594790369272232,non-clickbait
article_2365,Kênh14,Other,21 tuổi chức năng thận chỉ còn 20% vì lạm dụng nước tăng lực,non-clickbait,4,0.6357313990592957,clickbait
article_2233,VnExpress,Other,Nữ tài xế taxi bị khách xé áo định hãm hại,non-clickbait,0,0.17490297555923462,non-clickbait
article_3540,VietNamNet,Other,Bạn đọc hỗ trợ gần 70 triệu đồng đến chị Đinh Hận Bảo Yến mắc suy thận,non-clickbait,0,0.03753800690174103,non-clickbait
article_2270,Tuổi Trẻ,Giải trí & Showbiz,"Thời trang xa xỉ ngày càng xa tầm với, giới trẻ không còn thấy xấu hổ khi xài hàng giả",non-clickbait,4,0.910306453704834,clickbait
article_2946,24h,Other,Giảm gần 100 kg nhờ hâm mộ G-Dragon,clickbait,0,0.5574726462364197,clickbait
article_1229,Thanh Niên,Other,Tử vi hằng ngày - Xem tử vi vui 12 con giáp ngày 22.6.2025,non-clickbait,2,0.0361519381403923,non-clickbait
article_3241,Báo Mới,Other,6 thực phẩm màu đen là 'vua bổ thận',clickbait,1,0.9510058760643005,clickbait
article_2510,VnExpress,Other,TP HCM công bố điểm thi lớp 10 sáng 23/6,non-clickbait,2,0.02145073190331459,non-clickbait
article_3786,24h,Giáo dục & Học đường,Thủ tướng yêu cầu không để xảy ra tiêu cực tại kỳ thi tốt nghiệp THPT 2025,non-clickbait,4,0.037785764783620834,non-clickbait
article_0333,Tuổi Trẻ,Quốc tế,Tin tức thế giới 23-6: Kiev lại bị tấn công quy mô lớn; Tesla ra mắt robotaxi,non-clickbait,4,0.05893884226679802,non-clickbait
article_3636,Báo Mới,Other,Thành phố Thủ Đức công bố 9 đồ án quy hoạch phân khu hiện đại tỷ lệ 1/2.000,non-clickbait,1,0.03126191347837448,non-clickbait
article_2501,VnExpress,Other,Thủ khoa lập kỷ lục điểm thi lớp 10 trường chuyên Võ Nguyên Giáp,non-clickbait,4,0.05910154804587364,non-clickbait
article_0299,VnExpress,Quốc tế,Sứ quán Việt Nam tại Israel ra thông báo khẩn sau vụ Mỹ không kích Iran,non-clickbait,1,0.05455021560192108,non-clickbait
article_1635,Báo Mới,Other,"Có điểm thi lớp 10, phụ huynh tìm 'kế hoạch B' cho con",non-clickbait,4,0.7750093936920166,clickbait
article_1974,VnExpress,Other,'Đặng Thùy Trâm và cuốn nhật ký thứ ba' (kỳ cuối): Nỗi đau ở lại,non-clickbait,4,0.20705434679985046,non-clickbait
article_1883,SaoStar,Sức khỏe & Đời sống,7 thực phẩm nên xuất hiện nhiều hơn trong bữa ăn của chị em bị u xơ,clickbait,3,0.9737696647644043,clickbait
article_2235,VnExpress,Other,Dùng camera cúc áo để gian lận thi sát hạch lái xe,non-clickbait,3,0.019400762394070625,non-clickbait
article_2691,24h,Other,"'Ngựa ô' Đỗ Cẩm Ly: Từ 27,3 điểm thi đại học đến Á hậu Hoa hậu Hoàn vũ Việt Nam",non-clickbait,0,0.43032127618789673,non-clickbait
article_1027,24h,Other,Cải tạo nhà gạch cũ thành không gian sống mới với ánh sáng tự nhiên ngập tràn,non-clickbait,3,0.18213441967964172,non-clickbait
article_3498,Báo Mới,Xe & Vận tải,"BMW X1 2021: SUV hạng sang nhỏ gọn, giá từ 1,859 tỷ đồng",non-clickbait,3,0.021409772336483,non-clickbait
article_1769,Tuổi Trẻ,Du lịch & Ẩm thực,"Khách chê du lịch Quảng Ninh tơi tả, có oan không?",clickbait,3,0.9100669622421265,clickbait
article_2593,Thanh Niên,Other,Cuộc hôn nhân của Justin Bieber đang bên bờ vực thẳm?,clickbait,1,0.9147487282752991,clickbait
article_0848,VnExpress,Công nghệ & Khoa học,Mỹ khoét rỗng cả ngọn núi để săn tìm hạt ma,clickbait,4,0.14847882091999054,non-clickbait
article_2032,Thanh Niên,Other,Điểm đến ở Việt Nam vào top 10 thành phố văn hóa hút khách nhất thế giới,non-clickbait,4,0.1308952420949936,non-clickbait
article_0840,VnExpress,Công nghệ & Khoa học,Bên trong nhà máy Mỹ sản xuất hàng loạt taxi tự lái,non-clickbait,3,0.02590801939368248,non-clickbait
article_0710,SaoStar,Quốc tế,"Khinh khí cầu bốc cháy rơi từ trên không, ít nhất 8 người thiệt mạng",non-clickbait,0,0.8975157737731934,clickbait
article_0367,Thanh Niên,Other,Cứu 3 du khách đi lạc trên núi Hoàng Ngưu Sơn ở Khánh Hòa,non-clickbait,2,0.03843009099364281,non-clickbait
article_3612,Báo Mới,Other,Vận hành thử nghiệm Trung tâm Phục vụ hành chính công phường Tô Hiệu,non-clickbait,4,0.027195056900382042,non-clickbait
article_2559,Tuổi Trẻ,Thể thao,HLV Park Hang Seo: 'U23 Việt Nam sẽ thắng U23 Thái Lan 1-0 vào tối nay',non-clickbait,4,0.08834723383188248,non-clickbait
article_3735,24h,Du lịch & Ẩm thực,Hôm nay ăn gì? Bà nội trợ Gen Z bày 23+ mâm cơm gia đình 'đẹp như tranh vẽ' khiến chồng cứ tan làm là vội về nhà,clickbait,0,0.9501802921295166,clickbait
article_1653,Báo Mới,Giáo dục & Học đường,Chuyện những người làm truyền thông ngành Y,non-clickbait,4,0.17469169199466705,non-clickbait
article_0532,Báo Mới,Quốc tế,Điều gì xảy ra nếu Iran đóng cửa eo biển Hormuz?,clickbait,2,0.8014312386512756,clickbait
article_3415,VietNamNet,Du lịch & Ẩm thực,Tàu Thống Nhất đứng đầu danh sách tuyến tàu hỏa tuyệt vời nhất hành tinh,non-clickbait,2,0.1973671019077301,non-clickbait
article_0090,Thanh Niên,Chính trị & An ninh,"'Bỏ thuế khoán, cần hỗ trợ các hộ kinh doanh thay vì kiểm tra, xử phạt'",non-clickbait,2,0.039158374071121216,non-clickbait
article_2828,Thanh Niên,Other,"Bầu Đức đi vắng, ông Vũ Tiến Thành nói gì khi HAGL chia tay Minh Vương và 3 ngôi sao khác?",clickbait,2,0.9679296612739563,clickbait
article_0550,Báo Mới,Quốc tế,Tòa án Hiến pháp Thái Lan xem xét kiến nghị đình chỉ Thủ tướng Paetongtarn,non-clickbait,0,0.029479406774044037,non-clickbait
article_0180,24h,Tin tức tổng hợp,Sân bay Vinh đóng cửa 6 tháng,non-clickbait,3,0.014090735465288162,non-clickbait
article_0999,SaoStar,Giải trí & Showbiz,"Xôn xao setlist khủng của G-Dragon trước giờ G, fan kỳ vọng nghe cả 'thánh ca' BIGBANG",clickbait,4,0.9501341581344604,clickbait
article_0698,Kênh14,Giải trí & Showbiz,Bỏ hàng triệu đồng mua vé tắm mưa với G-Dragon và dàn sao Hàn có xứng đáng?,clickbait,1,0.9474297165870667,clickbait
article_2452,Báo Mới,Other,"Khởi tố 1.899 vụ với 3.271 bị can buôn lậu, gian lận thương mại, hàng giả, xâm phạm quyền sở hữu trí tuệ",non-clickbait,1,0.042285025119781494,non-clickbait
article_0067,Tuổi Trẻ,Other,Nhà báo chiến trường - ngòi bút giữa đạn bom - Kỳ 4: Làm báo ở biên giới Việt - Trung,non-clickbait,2,0.08366550505161285,non-clickbait
article_0397,VietNamNet,Tin tức tổng hợp,Clip thầy giáo bơi giữa 'phố biến thành sông' khiến dân mạng xôn xao,clickbait,2,0.9724932312965393,clickbait
article_2360,VietNamNet,Công nghệ & Khoa học,'Siêu' tên lửa dẫn đường chống tăng Spike của Israel vô hiệu hóa phòng không Iran,non-clickbait,4,0.33182305097579956,non-clickbait
article_2679,24h,Other,Nàng WAGs Việt khoe sắc ngọt ngào giữa non nước Ninh Bình,non-clickbait,4,0.6150878667831421,clickbait
article_2865,Thanh Niên,Other,"Dụng Quang Nho ghi bàn tạm biệt HAGL, CLB Quảng Nam trụ hạng nghẹt thở",non-clickbait,0,0.22329238057136536,non-clickbait
article_0463,24h,Quốc tế,Houthis cảnh báo gắt sau khi Mỹ tấn công Iran,non-clickbait,4,0.303886741399765,non-clickbait
article_0773,Báo Mới,Tin tức tổng hợp,"Khơi dậy niềm tự hào, tạo động lực, truyền cảm hứng cho sự phát triển",non-clickbait,2,0.026657739654183388,non-clickbait
article_2322,Thanh Niên,Other,Sách kết hợp thiên văn và nội tâm - hướng đi mới của dòng chữa lành,non-clickbait,1,0.6754971146583557,clickbait
article_1605,24h,Thể thao,"HLV Guardiola so sánh Yamal - Messi, fan Pháp đòi trao ngay Bóng vàng cho Dembele",non-clickbait,1,0.8472740650177002,clickbait
article_0259,Báo Mới,Thể thao,Al-Khelaifi mỉa mai Mbappe: 'Ghi bàn ở La Liga dễ hơn Ligue 1',clickbait,1,0.8449215292930603,clickbait
article_0732,24h,Chính trị & An ninh,Xác định nguyên nhân thanh niên không mặc quần áo tử vong giữa đường ở TP Thủ Đức,clickbait,1,0.12373573333024979,non-clickbait
article_3148,VietNamNet,Other,"Từ 1/7, chủ tịch UBND cấp xã được cấp sổ đỏ lần đầu, không quá 3 ngày làm việc",non-clickbait,4,0.048676569014787674,non-clickbait
article_3321,VnExpress,Other,Du lịch Thái Lan dự báo kịch bản xấu vì xung đột Iran - Israel,non-clickbait,3,0.021145395934581757,non-clickbait
article_3376,Thanh Niên,Other,"Khó cạnh tranh Honda Lead, xe tay ga TVS Callisto 125 giảm giá gần chục triệu đồng",non-clickbait,0,0.07843036204576492,non-clickbait
article_1142,VnExpress,Other,Lumière Midtown tiếp nối chuỗi dự án hạng sang của Masterise Homes,non-clickbait,3,0.021471237763762474,non-clickbait
article_1526,VietNamNet,Quốc tế,Ukraine dùng UAV bắt giữ binh sĩ Nga,non-clickbait,3,0.021368887275457382,non-clickbait
article_1198,Thanh Niên,Sức khỏe & Đời sống,Hòn Dung – Vẻ đẹp đại ngàn đang thức giấc,non-clickbait,4,0.30611202120780945,non-clickbait
article_0766,Báo Mới,Other,Tuyên Quang: Một người bị lũ cuốn mất tích khi đi qua cầu tràn,non-clickbait,1,0.05227921903133392,non-clickbait
article_1596,24h,Thể thao,Trực tiếp bóng đá Công an Hà Nội - Hải Phòng: Chiến thắng ấn định top 3 (Hết giờ),non-clickbait,2,0.024656854569911957,non-clickbait
article_2794,VnExpress,Other,Chàng trai Gen Z làm nghề 'giữ đèn' nghĩa trang,clickbait,1,0.6947687864303589,clickbait
article_2006,VnExpress,Other,10 ứng viên cho vương miện Hoa hậu Hoàn vũ Việt Nam 2025,non-clickbait,0,0.05042407289147377,non-clickbait
article_0580,VnExpress,Kinh doanh & Kinh tế,Ông Trump nói có thể thay đổi suy nghĩ về việc sa thải Chủ tịch Fed,non-clickbait,2,0.4969483017921448,non-clickbait
article_2179,Báo Mới,Other,"Phương Ly, Diệu Nhi khoe ảnh bên G-Dragon",non-clickbait,1,0.40512508153915405,non-clickbait
article_0559,VnExpress,Kinh doanh & Kinh tế,Chuỗi cung ứng đất hiếm toàn cầu đã dịch chuyển ra sao?,non-clickbait,4,0.7007412910461426,clickbait
article_1387,VnExpress,Other,"Tự ý ngưng thuốc, bệnh nhân suýt mất mạng",non-clickbait,4,0.28032076358795166,non-clickbait
article_0796,Báo Mới,Tin tức tổng hợp,Cao Bằng phát động bộ tiêu chí ứng xử trong gia đình năm 2025,non-clickbait,4,0.029063189402222633,non-clickbait
article_1498,Thanh Niên,Other,Điều trị thoát vị đĩa đệm bằng nội soi: Cụ ông 74 tuổi phục hồi sau 48 giờ,non-clickbait,3,0.038321975618600845,non-clickbait
article_2751,Báo Mới,Other,Samsung 'sốc' khi mất hợp đồng sản xuất chip Google Pixel 10,clickbait,2,0.9644221067428589,clickbait
article_2070,Thanh Niên,Other,Dự án Ninh Chữ Sailing Bay 4.779 tỉ đồng xin chấm dứt hoạt động vì khó khăn,non-clickbait,1,0.04594820365309715,non-clickbait
article_1341,Báo Mới,Other,Hà Nội đề xuất thí điểm cơ chế 'ủy quyền số' trong thực hiện thủ tục hành chính,non-clickbait,4,0.039453376084566116,non-clickbait
article_1324,Báo Mới,Kinh doanh & Kinh tế,Hòa Bình tạo động lực phát triển mới cho doanh nghiệp vừa và nhỏ,non-clickbait,0,0.04795810580253601,non-clickbait
article_1123,VnExpress,Other,Nhà ống 92 m2 tái hiện 'làng quê trong phố',non-clickbait,0,0.498870849609375,non-clickbait
article_1893,SaoStar,Sức khỏe & Đời sống,Dấu hiệu cho thấy thận của bạn đang khỏe mạnh,non-clickbait,4,0.8818694949150085,clickbait
article_2617,VietNamNet,Chính trị & An ninh,Ông Lê Hải Trà mong được sớm trở về xã hội để thực hiện di nguyện của mẹ,non-clickbait,1,0.05495454743504524,non-clickbait
article_2602,Thanh Niên,Other,Cô gái Việt 'quẹt app' tìm chồng và cái kết làm dâu hào môn Ấn Độ,clickbait,2,0.9692660570144653,clickbait
article_0804,Báo Mới,Other,Thu hồi thuốc Alfachim vi phạm mức độ 2,non-clickbait,1,0.05023736506700516,non-clickbait
article_0037,VnExpress,Tin tức tổng hợp,Chủ tịch nước Lương Cường: 'Người làm báo phải tự đổi mới',non-clickbait,3,0.025736059993505478,non-clickbait
article_0666,VietNamNet,Kinh doanh & Kinh tế,Xổ số mới của Vietlott gây chú ý,clickbait,2,0.7210562825202942,clickbait
article_0072,Thanh Niên,Chính trị & An ninh,Báo chí phải tự đổi mới để phát triển tương xứng với tầm vóc thời đại,non-clickbait,1,0.07217757403850555,non-clickbait
article_3126,Thanh Niên,Other,BITGP nổi bật tại PitchFest 2025: Cùng startup Việt định hình tương lai Web3,non-clickbait,2,0.03012886270880699,non-clickbait
article_0138,VietNamNet,Chính trị & An ninh,"Tỉnh Vĩnh Long mới có phường Bến Tre, Trà Vinh, nhiều lãnh đạo huyện làm bí thư xã",non-clickbait,3,0.014447852969169617,non-clickbait
article_1316,24h,Kinh doanh & Kinh tế,Bất ngờ với trụ sở công ty có hàng ngàn chai nước mắm bị vứt bỏ ở Quảng Nam,clickbait,3,0.9616420269012451,clickbait
article_3590,Báo Mới,Other,Thanh Hóa: Cho Công ty Trường Tuấn thuê 100.000 m2 đất để thực hiện dự án khai thác mỏ cát,non-clickbait,2,0.021165620535612106,non-clickbait
article_2177,Báo Mới,Other,Lịch chiếu phim Hoán Vũ,non-clickbait,1,0.17996250092983246,non-clickbait
article_0319,VnExpress,Quốc tế,Phòng không Israel lần đầu để lọt UAV tự sát Iran,non-clickbait,2,0.052134253084659576,non-clickbait
article_1377,VnExpress,Other,Lò sản xuất thuốc PET/CT duy nhất phía Nam dừng hoạt động 6 tháng,non-clickbait,2,0.018599968403577805,non-clickbait
article_1961,VnExpress,Other,Ngọc Khuê: 'Chồng giúp tôi mở lòng sau một lần đổ vỡ',non-clickbait,3,0.7303860783576965,clickbait
article_1188,Tuổi Trẻ,Công nghệ & Khoa học,"AI mang lại 'việc nhẹ, lương cao', có thật không?",clickbait,0,0.9641867876052856,clickbait
article_1079,Báo Mới,Other,Hà Nội vào top 15 thành phố được du khách ưa chuộng nhất thế giới,non-clickbait,1,0.22755514085292816,non-clickbait
article_1392,VnExpress,Other,Viêm não do zona thần kinh khó nhận biết,non-clickbait,1,0.12576161324977875,non-clickbait
article_2288,Thanh Niên,Văn hóa & Nghệ thuật,Michelin có 'chạm' được ẩm thực đường phố Hà Nội?,clickbait,4,0.8992984294891357,clickbait
article_0570,VnExpress,Kinh doanh & Kinh tế,Loạt lãnh đạo TPS từ chức,non-clickbait,2,0.04324442148208618,non-clickbait
article_0030,VnExpress,Tin tức tổng hợp,Chi trả chế độ cho người nghỉ việc do sắp xếp bộ máy trước 30/6,non-clickbait,1,0.03400405868887901,non-clickbait
article_1403,VnExpress,Other,Đau khớp đột ngột cảnh báo bệnh gì?,non-clickbait,2,0.8649961352348328,clickbait
article_1440,Tuổi Trẻ,Xe & Vận tải,"'Đặt cọc mua VinFast EC Van, tôi lợi lớn khi 1 mũi tên trúng 2 đích'",clickbait,2,0.9060729146003723,clickbait
article_0050,VnExpress,Tin tức tổng hợp,Ôtô chở 13 người lao xuống mương nước sau va chạm xe máy,non-clickbait,1,0.053206201642751694,non-clickbait
article_0756,24h,Chính trị & An ninh,Thủ đoạn gây sốc của nhóm nhân viên tài chính ghép ảnh khiêu dâm đòi nợ,clickbait,4,0.8848875164985657,clickbait
article_2663,SaoStar,Công nghệ & Khoa học,"Chốt đơn Redmi A5: Camera kép AI chân thực, thiết kế sang trọng, giá dễ tiếp cận",non-clickbait,3,0.057864826172590256,non-clickbait
article_2058,Thanh Niên,Other,"Có một đầm sen rộng hàng ngàn mét vuông nở rộ, chờ mọi người đến check-in",non-clickbait,2,0.6852126717567444,clickbait
article_1683,Báo Mới,Giáo dục & Học đường,Giáo viên 'mách' bí quyết làm bài môn Toán thi tốt nghiệp THPT đạt điểm 'mơ ước',clickbait,1,0.9101468920707703,clickbait
article_3242,Báo Mới,Sức khỏe & Đời sống,"Kết quả xổ số - KQXS hôm nay thứ Hai, ngày 23/6/2025",non-clickbait,3,0.025323061272501945,non-clickbait
article_0407,VietNamNet,Tin tức tổng hợp,"Công an công bố hình ảnh khám xét kho hàng, thu 10.000 chai nước hoa Chanel, Dior giả",non-clickbait,1,0.056913942098617554,non-clickbait
article_2832,Thanh Niên,Thể thao,Highlight CLB HAGL 3-3 CLB Quảng Nam: Đội khách trở về từ 'cửa xuống hạng' | Vòng 26 V-League 2024-2025,non-clickbait,1,0.4075452387332916,non-clickbait
article_0827,VnExpress,Công nghệ & Khoa học,Bill Gates và Linus Torvalds lần đầu gặp nhau,non-clickbait,4,0.26336249709129333,non-clickbait
article_2500,VnExpress,Other,10 đại học tốt nhất thế giới năm 2026,non-clickbait,3,0.05103541910648346,non-clickbait
article_0240,Báo Mới,Thể thao,Xuân Trường mừng cho Tuấn Anh,clickbait,4,0.18104591965675354,non-clickbait
article_1847,VietNamNet,Sức khỏe & Đời sống,"Khó mua nhà Hà Nội, vợ chồng trẻ cầm tiền tỷ về quê tậu đất, dựng căn nhà đẹp mê",clickbait,2,0.9399133324623108,clickbait
article_0158,SaoStar,Giải trí & Showbiz,Khó khăn nhất của Ngô Thanh Vân khi mang thai,clickbait,1,0.7695135474205017,clickbait
article_1990,VnExpress,Other,Công Ninh: 'Tôi ngại kêu gọi giúp đỡ dù khó khăn khi bệnh nặng',non-clickbait,1,0.7508269548416138,clickbait
article_3721,24h,Sức khỏe & Đời sống,4 lợi ích sức khỏe của quả vải ít người biết,clickbait,2,0.9598750472068787,clickbait
article_1439,Tuổi Trẻ,Xe & Vận tải,"Lái thử Innova Cross tại sự kiện Toyota Cross Line Up, khách 'chốt' đặt cọc",non-clickbait,1,0.4520473778247833,non-clickbait
article_2069,Thanh Niên,Du lịch & Ẩm thực,Ninh Thuận chấm dứt dự án du lịch Ninh Chữ Sailing Bay,non-clickbait,0,0.038178276270627975,non-clickbait
article_2358,VietNamNet,Công nghệ & Khoa học,"Không có trái tim, AI giỏi đến mấy cũng không thể thay thế nhà báo",non-clickbait,3,0.7727022171020508,clickbait
article_0668,VietNamNet,Kinh doanh & Kinh tế,"Từ 1/7, số định danh cá nhân thay cho mã số thuế: Những điểm cần lưu ý",non-clickbait,0,0.05613277852535248,non-clickbait
article_3277,Báo Mới,Sức khỏe & Đời sống,"Tử vi 12 cung hoàng đạo ngày 24/6: Kim Ngưu chủ động tìm kiếm cơ hội, Ma Kết nên chọn hướng đi an toàn",non-clickbait,0,0.31605255603790283,non-clickbait
article_2085,VietNamNet,Sức khỏe & Đời sống,BHXH Việt Nam phát cảnh báo về tin đồn tăng mức đóng BHYT từ ngày 1/7,non-clickbait,0,0.045394882559776306,non-clickbait
article_1546,SaoStar,Thể thao,"10 tỷ đồng chờ Công Phượng, thủ môn Bùi Tiến Dũng có phá hỏng?",clickbait,0,0.95865398645401,clickbait
article_3637,Báo Mới,Other,"Hà Nội tăng tốc triển khai các dự án trọng điểm, quyết liệt giải ngân vốn đầu tư công",non-clickbait,1,0.04328484833240509,non-clickbait
article_3048,VnExpress,Other,BYD Sealion 6 xuyên Việt hơn 1.700 km: Lợi thế vận hành của hybrid,non-clickbait,1,0.17596246302127838,non-clickbait
article_0943,VietNamNet,Thể thao,Arsenal chiêu mộ chân sút trẻ 100 triệu euro,non-clickbait,2,0.05439931899309158,non-clickbait
article_0436,SaoStar,Sức khỏe & Đời sống,Nhân thân bất hảo của thanh niên xé áo nữ tài xế taxi,clickbait,1,0.7510552406311035,clickbait
article_1277,SaoStar,Giải trí & Showbiz,"'Solo Leveling' nối tiếp BTS, Squid Game và Parasite phá vỡ kỷ lục toàn cầu",non-clickbait,1,0.716317892074585,clickbait
article_1693,VnExpress,Thể thao,Iran có thể bị cấm dự World Cup 2026,non-clickbait,2,0.0446808747947216,non-clickbait
article_1294,24h,Kinh doanh & Kinh tế,"Nóng nhất trong ngày: Vàng SJC ""hạ nhiệt"", vàng quốc tế giảm sâu; Các bà mẹ ""ngồi trên đống lửa"" khi mua sữa HIUP27 cho con",clickbait,4,0.8169911503791809,clickbait
article_2329,Thanh Niên,Other,"Phú Quốc cần hướng tới thu hút khách du lịch trung lưu, chi tiêu nhiều",non-clickbait,0,0.07640768587589264,non-clickbait
article_2236,VnExpress,Other,"7 người bị bắt vì liên quan 10.000 lọ nước hoa Chanel, Bvlgari, Ysl giả",non-clickbait,2,0.033305369317531586,non-clickbait
article_2531,VnExpress,Other,16 đại học Việt Nam vào bảng xếp hạng tầm ảnh hưởng,non-clickbait,2,0.026430636644363403,non-clickbait
article_3689,24h,Tin tức tổng hợp,Cảnh báo lũ lên cao trên nhiều sông ở miền Bắc,non-clickbait,3,0.021267015486955643,non-clickbait
article_2625,VietNamNet,Chính trị & An ninh,Tạm giữ 14 đối tượng gây náo loạn đường phố Hải Phòng lúc rạng sáng,non-clickbait,1,0.09009299427270889,non-clickbait
article_1728,VnExpress,Thể thao,De Bruyne mong Napoli chiêu mộ Grealish,non-clickbait,0,0.06878728419542313,non-clickbait
article_0334,Tuổi Trẻ,Quốc tế,"Sau màn ném bom của Mỹ, Iran kiềm chế hay trả đũa?",non-clickbait,3,0.9189178347587585,clickbait
article_0742,24h,Chính trị & An ninh,Bắt hai đối tượng gây ra hàng loạt vụ cướp giật tài sản trong đêm,non-clickbait,2,0.07606381177902222,non-clickbait
article_2658,SaoStar,Công nghệ & Khoa học,Google chi 50 triệu USD dàn xếp vụ kiện phân biệt chủng tộc,non-clickbait,0,0.06590478867292404,non-clickbait
article_0952,VietNamNet,Thể thao,Bảng xếp hạng FIFA Club World Cup 2025 mới nhất: Xác định 5 đội vào vòng 1/8,non-clickbait,1,0.07999736815690994,non-clickbait
article_0932,Thanh Niên,Other,Vườn chà là tiền tỉ tuyệt đẹp ở Ninh Thuận,non-clickbait,1,0.798501193523407,clickbait
article_2622,VietNamNet,Chính trị & An ninh,"Bi kịch xảy ra khi người phụ nữ ở Hà Nội treo cổ tự tử do bị đánh ghen, đòi nợ",clickbait,1,0.9161846041679382,clickbait
article_2654,SaoStar,Công nghệ & Khoa học,"Không còn là hoàng tử ballad dịu dàng, SOOBIN hóa thân thành thái tử Na Tra cực ngầu trong Phong Thần VNG",non-clickbait,0,0.8327133059501648,clickbait
article_3057,VnExpress,Other,Đại lý làm mất xe sang trước khi giao cho khách,clickbait,0,0.09973295032978058,non-clickbait
article_1869,SaoStar,Sức khỏe & Đời sống,Nên đánh răng hay ăn sáng trước? Câu trả lời khiến nhiều người bất ngờ,clickbait,1,0.9621787071228027,clickbait
article_0269,Báo Mới,Thể thao,Sao Inter Milan dọa đánh fan PSG vì bị trêu chọc,clickbait,4,0.6460695266723633,clickbait
article_3538,VietNamNet,Other,Báo VietNamNet trao hơn 36 triệu đồng tới anh Trần Văn Thương bị liệt,non-clickbait,0,0.06477170437574387,non-clickbait
article_1519,VietNamNet,Quốc tế,"Ông Trump dọa tiếp tục tấn công Iran, Isfahan là mục tiêu khó nhất",non-clickbait,2,0.12090510874986649,non-clickbait
article_3142,VietNamNet,Other,"Khởi điểm gần 7,6 tỷ, mỏ cát tại Quảng Nam được đấu giá hơn 480 tỷ đồng",non-clickbait,3,0.1696120947599411,non-clickbait
article_1012,24h,Kinh doanh & Kinh tế,"Ngoài bán nước hoa, Huấn Hoa Hồng còn kinh doanh những gì?",clickbait,4,0.9050709009170532,clickbait
article_1041,24h,Other,Nhà đầu tư kỳ cựu bất ngờ trước 8 giá trị độc tôn chỉ có tại Noble Place Tay Thang Long,clickbait,4,0.881665825843811,clickbait
article_3192,24h,Giải trí & Showbiz,Tom Cruise sẽ được trao Oscar danh dự,non-clickbait,4,0.09920809417963028,non-clickbait
article_0708,SaoStar,Quốc tế,Cô gái 28 tuổi gây sững sờ khi ăn 12kg hàu một lúc,clickbait,0,0.9625324606895447,clickbait
article_0444,SaoStar,Sức khỏe & Đời sống,"Sát hại nữ chủ tiệm tạp hóa ở Đồng Nai, kẻ thủ ác khai gì?",clickbait,1,0.9184070825576782,clickbait
article_3296,VnExpress,Other,Quán cà phê trang trí gần 1.000 con gấu hút khách tại TP HCM,non-clickbait,0,0.3409787714481354,non-clickbait
article_0560,VnExpress,Kinh doanh & Kinh tế,Giá dầu cao nhất 5 tháng vì Mỹ không kích Iran,non-clickbait,0,0.0678548812866211,non-clickbait
article_3411,VietNamNet,Du lịch & Ẩm thực,Du khách bị 'cân điêu' khi mua hải sản ở Sầm Sơn khiến dân mạng bức xúc,clickbait,1,0.9467446208000183,clickbait
article_3210,24h,Giải trí & Showbiz,Tài tử 'Hoàng hậu Ki' Ji Chang Wook sang Việt Nam,non-clickbait,3,0.03901166468858719,non-clickbait
article_2722,Báo Mới,Other,Nhà sáng lập Tesla đánh giá Grok: Quá nhiều nội dung vô dụng,non-clickbait,3,0.22686928510665894,non-clickbait
article_2447,Báo Mới,Other,Sơn La: Liên tiếp xử lý các vụ việc vận chuyển thực phẩm không rõ nguồn gốc,non-clickbait,2,0.02044939622282982,non-clickbait
article_1169,Tuổi Trẻ,Công nghệ & Khoa học,Xài ChatGPT nhiều có thể làm giảm hoạt động não,non-clickbait,4,0.07389651238918304,non-clickbait
article_1740,VnExpress,Thể thao,Á quân Bình Định rớt hạng,non-clickbait,2,0.02260761149227619,non-clickbait
article_0679,VietNamNet,Kinh doanh & Kinh tế,"Lộ diện nhóm nhà đầu tư nước ngoài muốn tái cơ cấu SCB, bà Trương Mỹ Lan có động thái mới",clickbait,1,0.8101035952568054,clickbait
article_2166,24h,Other,Samsung đang rất nghiêm túc với đối thủ dành cho iPhone 16e,non-clickbait,4,0.799755334854126,clickbait
article_1338,Báo Mới,Kinh doanh & Kinh tế,Tăng minh bạch trong nghị quyết xử lý vướng mắc pháp luật,non-clickbait,3,0.01930808648467064,non-clickbait
article_2717,Báo Mới,Công nghệ & Khoa học,Công nghệ Fuel Cell: 'Trái tim' của thiết bị đo nồng độ cồn thế hệ mới,non-clickbait,0,0.5029754042625427,clickbait
article_1283,SaoStar,Giải trí & Showbiz,"Lâm Thanh Hà ly hôn, nhận được tài sản 62.000 tỷ?",clickbait,4,0.9352282881736755,clickbait
article_2203,Báo Mới,Giải trí & Showbiz,"Tình trạng của Liên Bỉnh Phát sau bị thương, phải ngồi xe lăn",non-clickbait,0,0.4412215054035187,non-clickbait
article_2350,VietNamNet,Công nghệ & Khoa học,Tên lửa Akeron MP - 'sát thủ thiết giáp' sẽ khuynh đảo chiến trường Ukraine?,clickbait,1,0.8529354333877563,clickbait
article_0730,24h,Chính trị & An ninh,Đồng Nai: Phát hiện bộ xương người trong bồn chứa nước,non-clickbait,2,0.08624648302793503,non-clickbait
article_2829,Thanh Niên,Other,Tuấn Anh không cô đơn!,clickbait,4,0.8716388940811157,clickbait
article_2397,SaoStar,Kinh doanh & Kinh tế,Giá vàng hôm nay (11/6): Vàng miếng lại lập đỉnh mới,non-clickbait,2,0.03488088771700859,non-clickbait
article_1181,Tuổi Trẻ,Công nghệ & Khoa học,'Cắm sạc qua đêm hại pin' và những lầm tưởng phổ biến,clickbait,2,0.9702962636947632,clickbait
article_3686,24h,Sức khỏe & Đời sống,"Vẫn có nhiều quý ông không biết những điều này dù đã ""lâm trận"" nhiều lần",clickbait,1,0.9588085412979126,clickbait
article_1397,VnExpress,Other,Dấu hiệu cảnh báo mắc u lympho,non-clickbait,3,0.12710988521575928,non-clickbait
article_1530,VietNamNet,Quốc tế,"Nga chiếm ưu thế ở Yunakivka tại mặt trận Sumy, ông Zelensky sẽ dự hội nghị NATO",non-clickbait,2,0.02593267522752285,non-clickbait
article_0479,24h,Quốc tế,Hai trận động đất liên tiếp ở Iran giữa lúc xung đột với Israel leo thang,non-clickbait,4,0.12929275631904602,non-clickbait
article_0458,24h,Quốc tế,"Iran ""nổi cơn thịnh nộ"" dội bão tên lửa tầm xa có sức công phá khủng khiếp xuống Israel",clickbait,1,0.7752646803855896,clickbait
article_2475,Báo Mới,Chính trị & An ninh,"Đề nghị làm rõ điều phối giữa Bộ Công an, TAND tối cao, Bộ Quốc phòng khi điều tra đặc biệt hoặc dẫn độ",non-clickbait,4,0.04324442148208618,non-clickbait
article_2039,Thanh Niên,Du lịch & Ẩm thực,Đà Lạt được mệnh danh thành phố của mùa xuân vĩnh cửu,non-clickbait,1,0.2888699173927307,non-clickbait
article_0746,24h,Chính trị & An ninh,Bắt đối tượng giả danh công an lừa đảo nhiều sinh viên,non-clickbait,2,0.08344117552042007,non-clickbait
article_2582,Thanh Niên,Giải trí & Showbiz,Bùi Lý Thiên Hương thể hiện ấn tượng tại Hoa hậu Trái đất Việt Nam 2025,non-clickbait,3,0.02178117260336876,non-clickbait
article_1139,VnExpress,Other,TP HCM dự kiến đầu tư 7 tỷ USD xây trung tâm tài chính quốc tế,non-clickbait,3,0.01725933328270912,non-clickbait
article_2220,VnExpress,Other,TikToker 'Cún Bông' chuyên bán hàng online bị khởi tố,non-clickbait,0,0.21182416379451752,non-clickbait
article_1828,VietNamNet,Sức khỏe & Đời sống,"Mẹ vợ sinh năm 1988 gây sốt mạng, nhiều người bình luận hài hước",clickbait,4,0.9504110217094421,clickbait
article_1696,VnExpress,Thể thao,Chủ tịch FIFA: 'Bóng đá sẽ là thể thao số một ở Mỹ',non-clickbait,0,0.11956225335597992,non-clickbait
article_1930,Báo Mới,Other,Carlos Alcaraz cảnh báo các đối thủ tại Wimbledon,clickbait,0,0.08874128758907318,non-clickbait
article_2144,24h,Công nghệ & Khoa học,Nghịch lý thị trường GPU: Nvidia bị chê tơi tả vẫn bứt phá ngoạn mục,clickbait,3,0.9718592762947083,clickbait
article_2057,Thanh Niên,Other,Chiêm ngưỡng cảnh đẹp đầy mê hoặc của đầm sen Trà Lý,non-clickbait,3,0.043042849749326706,non-clickbait
article_2503,VnExpress,Other,20 đại học Mỹ nhận nhiều sinh viên quốc tế nhất,non-clickbait,2,0.18039526045322418,non-clickbait
article_1219,Thanh Niên,Sức khỏe & Đời sống,Kết quả xổ số hôm nay - KQXS - Xổ số trực tiếp chủ nhật ngày 22.6.2025,non-clickbait,0,0.04240383207798004,non-clickbait
article_2639,VietNamNet,Chính trị & An ninh,Cựu cán bộ Tỉnh ủy Phú Yên lĩnh 8 năm tù vì lừa 'chạy án',non-clickbait,1,0.08464395999908447,non-clickbait
article_1444,Tuổi Trẻ,Xe & Vận tải,Tài xế bị ô tô cảnh báo 'buồn ngủ': Đi một đoạn ngắn mà nghe 'phàn nàn' 20 lần,clickbait,1,0.9607312679290771,clickbait
article_3314,VnExpress,Other,Dù lượn động cơ lao vào du khách trên biển Bãi Cháy,non-clickbait,2,0.08064661920070648,non-clickbait
article_0089,Thanh Niên,Chính trị & An ninh,"Thủ tướng: Sửa luật Thương mại điện tử để 'siết' hàng giả, hàng nhái",non-clickbait,2,0.0401625819504261,non-clickbait
article_3475,Báo Mới,Xe & Vận tải,"Mazda CX-5 thế hệ tiếp theo bị rò rỉ ảnh thực tế, dự kiến ra mắt vào quý 3/2025",non-clickbait,3,0.02412242442369461,non-clickbait
article_1698,VnExpress,Thể thao,PSG có thể bị loại từ vòng bảng Club World Cup,non-clickbait,2,0.1268933266401291,non-clickbait
article_1754,VnExpress,Thể thao,Ba trụ cột rời HAGL để gia nhập Ninh Bình,non-clickbait,4,0.1431877166032791,non-clickbait
article_2012,Tuổi Trẻ,Văn hóa & Nghệ thuật,Vì sao muốn thành công và hạnh phúc phải nâng trình giao tiếp?,clickbait,0,0.948441743850708,clickbait
article_0876,VnExpress,Công nghệ & Khoa học,Kính thông minh - sản phẩm công nghệ đột phá tiếp theo,non-clickbait,1,0.17874076962471008,non-clickbait
article_0295,VnExpress,Quốc tế,Iran cảnh báo căn cứ Mỹ ở Trung Đông là mục tiêu 'dễ tổn thương',non-clickbait,1,0.8793022632598877,clickbait
article_0200,24h,Giải trí & Showbiz,Ô tô 4 chỗ bốc cháy dữ dội,non-clickbait,4,0.12787027657032013,non-clickbait
article_3521,Tuổi Trẻ,Chính trị & An ninh,"Đăng ký 'trại hè quân đội' giả trên mạng, một phụ huynh bị lừa 2,7 tỉ đồng",clickbait,0,0.13689659535884857,non-clickbait
article_1538,SaoStar,Thể thao,Xuân Trường mừng cho Tuấn Anh,non-clickbait,2,0.7774689197540283,clickbait
article_0115,VietNamNet,Chính trị & An ninh,Bí thư Đà Nẵng chia sẻ về những thách thức khi hợp nhất với Quảng Nam,non-clickbait,4,0.04624880477786064,non-clickbait
article_0308,VnExpress,Quốc tế,Lý do ông Trump quyết định không kích Iran,clickbait,0,0.14547918736934662,non-clickbait
article_3346,Tuổi Trẻ,Chính trị & An ninh,"Khởi tố 36 người là lãnh đạo, cán bộ Viện Pháp y tâm thần trung ương",non-clickbait,4,0.0347168855369091,non-clickbait
article_1205,Thanh Niên,Sức khỏe & Đời sống,Tiểu thương chợ sỉ đóng cửa đầu tuần: Chuyện gì đang xảy ra?,clickbait,4,0.9202179908752441,clickbait
article_3553,VietNamNet,Other,Trao hơn 78 triệu đồng giúp đỡ em Hoàng Nguyễn Minh Đức bị ung thư máu,non-clickbait,0,0.06705628335475922,non-clickbait
article_2739,Báo Mới,Other,AI - công cụ mới của phóng viên,non-clickbait,3,0.27659285068511963,non-clickbait
article_3297,VnExpress,Other,Chính sách visa mới nào khách Việt cần lưu ý khi đi du lịch nước ngoài?,non-clickbait,1,0.842215359210968,clickbait
article_3771,24h,Du lịch & Ẩm thực,"Chàng trai TPHCM mang 'nhà siêu nhẹ' đi khắp nơi, ngủ ven biển, giữa rừng",clickbait,0,0.9010533690452576,clickbait
article_1446,Tuổi Trẻ,Xe & Vận tải,Kiếm được tiền tỉ nhờ tố cáo xe dừng đỗ trái phép,clickbait,4,0.47914570569992065,non-clickbait
article_0145,Kênh14,Sức khỏe & Đời sống,Lộ mặt mộc và body trước khi giảm 10kg của tân Hoa hậu Hoàn vũ Việt Nam,clickbait,3,0.9531006813049316,clickbait
article_2133,SaoStar,Giáo dục & Học đường,"Video: Nam sinh xin quả xoài qua camera, chủ nhà xem lại được phen cười ngất",non-clickbait,2,0.9710468649864197,clickbait
article_2200,Báo Mới,Other,Local brand Việt bị chỉ trích vì bán chân váy lộ vòng 3,clickbait,0,0.8329172730445862,clickbait
article_1344,Báo Mới,Other,Ngân hàng có vốn nhà nước chỉ được chia cổ tức bằng cổ phiếu khi đáp ứng 2 điều kiện,non-clickbait,3,0.02585877664387226,non-clickbait
article_1084,Báo Mới,Văn hóa & Nghệ thuật,Khởi động chương trình tri ân liệt sĩ 'Gọi tên những vì sao đất nước',non-clickbait,0,0.042682282626628876,non-clickbait
article_0504,Báo Mới,Quốc tế,Tehran cảnh báo Mỹ về 'hậu quả không thể khắc phục',clickbait,4,0.41964054107666016,non-clickbait
article_3580,24h,Xe & Vận tải,Chọn xe MPV hợp lý trong tầm giá 600 triệu đồng,non-clickbait,4,0.08866234868764877,non-clickbait
article_0129,VietNamNet,Chính trị & An ninh,"'Báo chí hãy góp phần quy tụ sức mạnh toàn dân tộc, tạo ra một Việt Nam đồng lòng, đa sắc'",non-clickbait,1,0.08115489780902863,non-clickbait
article_1040,24h,Other,UNIQLO đồng hành cùng tầm nhìn phát triển bền vững tại Việt Nam ra sao?,non-clickbait,4,0.5013656616210938,clickbait
article_1335,Báo Mới,Kinh doanh & Kinh tế,Thúc đẩy đột phá chiến lược của BSR theo hướng phát triển xanh và bền vững,non-clickbait,3,0.013121270574629307,non-clickbait
article_0221,Báo Mới,Thể thao,Pep Guardiola lên tiếng về công việc tiếp theo sau khi chia tay Man City,clickbait,3,0.8377527594566345,clickbait
article_0960,VietNamNet,Thể thao,Florian Wirtz: Ma thuật nước Đức chờ bay cao với Liverpool,clickbait,1,0.6986379623413086,clickbait
article_1941,Báo Mới,Thể thao,CLB Bình Định xuống hạng Nhất: 'Nỗi đau' được báo trước,non-clickbait,4,0.9174507260322571,clickbait
article_1959,VnExpress,Other,'Bà trùm' showbiz Hong Kong tặng con dâu loạt bất động sản,clickbait,0,0.8873510956764221,clickbait
article_0963,VietNamNet,Thể thao,U23 Việt Nam: Những thách thức lớn tại giải U23 Đông Nam Á 2025,non-clickbait,1,0.21166115999221802,non-clickbait
article_0673,VietNamNet,Kinh doanh & Kinh tế,Phường Gốm - Phường Mộc: Vị trí nổi bật bên dòng sông cảnh quan trung tâm Cát Bà,non-clickbait,3,0.019606182351708412,non-clickbait
article_3356,Tuổi Trẻ,Sức khỏe & Đời sống,"Cơm trắng và bánh mì ăn khi nguội tốt hơn lúc nóng, bạn tin không?",clickbait,1,0.9627081751823425,clickbait
article_3450,24h,Xe & Vận tải,"Xe ga 275cc thương hiệu Ý thiết kế ăn đứt Vespa, trang bị lất át Honda SH",non-clickbait,0,0.06650853157043457,non-clickbait
article_0309,VnExpress,Quốc tế,Phi công kể khoảnh khắc khí cầu chở 21 người bốc cháy,non-clickbait,0,0.20979328453540802,non-clickbait
article_0661,VietNamNet,Kinh doanh & Kinh tế,Ăn Cùng Bà Tuyết đạt doanh thu khó tin trước khi đóng cửa công ty,clickbait,4,0.8767926692962646,clickbait
article_3726,24h,Du lịch & Ẩm thực,"Tôm làm cách này ngon bổ gấp nhiều lần, ăn không muốn dừng",clickbait,1,0.9577149748802185,clickbait
article_3236,Báo Mới,Other,Thai phụ 3 lần mất con do hội chứng Budd-Chiari hiếm gặp,non-clickbait,4,0.08678673207759857,non-clickbait
article_0718,SaoStar,Quốc tế,"Người đàn ông đến ngân hàng chuyển 22 triệu đồng cho vợ tương lai, nhân viên liền báo cảnh sát",clickbait,2,0.966663122177124,clickbait
article_3589,Báo Mới,Other,"TP. Hồ Chí Minh thành lập Tổ Công tác rà soát, đánh giá đất dự án",non-clickbait,3,0.014985890127718449,non-clickbait
article_1389,VnExpress,Other,Viêm xoang biến chứng hốc mắt,non-clickbait,2,0.05094091221690178,non-clickbait
article_2212,Báo Mới,Other,Điều kỳ diệu của Đàm Vĩnh Hưng,clickbait,2,0.8931697010993958,clickbait
article_2453,Báo Mới,Other,Bắc Giang: Cơ quan công an điều tra vụ hai cô gái bị hành hung,non-clickbait,2,0.04150110110640526,non-clickbait
article_1709,VnExpress,Thể thao,Cả 4 CLB Brazil dẫn đầu bảng FIFA Club World Cup,non-clickbait,0,0.05802474915981293,non-clickbait
article_2768,VnExpress,Other,Công thức vịt nấu chao của đầu bếp chuyên nghiệp,non-clickbait,4,0.2667868733406067,non-clickbait
article_1431,Tuổi Trẻ,Xe & Vận tải,"Huawei gây sốc với pin xe điện cho phép chạy được 3.000km/sạc, sạc chỉ 5 phút",clickbait,4,0.774284839630127,clickbait
article_3203,24h,Giải trí & Showbiz,"Mâu thuẫn hôn nhân 'chồng già, vợ trẻ' của nhà đạo diễn 74 tuổi Trương Kỷ Trung",clickbait,3,0.9152045845985413,clickbait
article_0585,VnExpress,Kinh doanh & Kinh tế,"VNG đổi tên, mục tiêu doanh thu vượt 10.700 tỷ đồng",non-clickbait,0,0.0478690080344677,non-clickbait
article_0408,VietNamNet,Tin tức tổng hợp,Không khó để về già có vài triệu lương hưu mỗi tháng,non-clickbait,0,0.22194033861160278,non-clickbait
article_0085,Thanh Niên,Chính trị & An ninh,"Nâng cao chất lượng, hiệu quả công tác quản lý báo chí",non-clickbait,1,0.03666584566235542,non-clickbait
article_1578,24h,Thể thao,"Real thiếu người vẫn thắng: Đẳng cấp ""Kền kền trắng"", Alonso phô diễn tài năng",non-clickbait,3,0.8465142846107483,clickbait
article_3043,VnExpress,Other,Lada Azimut - SUV mới của hãng xe Nga lộ diện,non-clickbait,1,0.12341844290494919,non-clickbait
article_1964,VnExpress,Other,Bài học từ thành công của Nvidia,non-clickbait,0,0.41291481256484985,non-clickbait
article_2095,VietNamNet,Sức khỏe & Đời sống,Ba không khi ăn rau dền,clickbait,0,0.8787311315536499,clickbait
article_3095,Thanh Niên,Other,Cài đặt ẩn giúp 'cởi trói' hiệu năng cho CPU AMD Ryzen,clickbait,4,0.9562681317329407,clickbait
article_0443,SaoStar,Sức khỏe & Đời sống,Video: Mưa lớn ở Thái Nguyên khiến khắp nơi 'hoá thành sông',non-clickbait,1,0.7624682784080505,clickbait
article_2227,VnExpress,Other,Bộ xương người trong bồn nước trên mái nhà,non-clickbait,1,0.13178656995296478,non-clickbait
article_1496,Thanh Niên,Other,"Liệu pháp peel da an toàn được chuyên gia tin tưởng, thay thế filler và botox",non-clickbait,1,0.21296769380569458,non-clickbait
article_0622,Thanh Niên,Quốc tế,Hội đồng Bảo an Liên Hiệp Quốc họp khẩn sau vụ Mỹ tấn công Iran,non-clickbait,1,0.06148036569356918,non-clickbait
article_2469,Báo Mới,Other,"Gia Lai xử lý gần 120 vụ vi phạm về buôn lậu, gian lận thương mại và hàng giả",non-clickbait,3,0.014842418022453785,non-clickbait
article_2135,SaoStar,Giáo dục & Học đường,'Tôi ngày càng chán ghét con gái': Tâm sự của bà mẹ khiến nhiều người giật mình rồi lại đồng cảm,clickbait,2,0.9787533283233643,clickbait
article_3239,Báo Mới,Other,"'Thời gian vàng' trong cấp cứu đột quỵ thiếu máu não, xuất huyết não và nhồi máu cơ tim",non-clickbait,2,0.5503883957862854,clickbait
article_0305,VnExpress,Quốc tế,"Tuần hành khắp châu Âu kêu gọi Israel ngưng chiến ở Gaza, Iran",non-clickbait,3,0.02186455763876438,non-clickbait
article_1879,SaoStar,Sức khỏe & Đời sống,"Ngừng ăn đường, đây sẽ là 3 bộ phận biết ơn bạn đầu tiên",clickbait,1,0.9590777158737183,clickbait
article_3354,Tuổi Trẻ,Sức khỏe & Đời sống,"Thiếu vi chất gì khiến da khô, tóc mỏng dễ rụng, móng tay giòn dễ gãy?",non-clickbait,1,0.889720618724823,clickbait
article_2596,Thanh Niên,Other,Hoa hậu Khánh Vân: Tôi được chồng yêu chiều nên làm vợ cũng thoải mái,non-clickbait,4,0.8735387921333313,clickbait
article_0201,24h,Tin tức tổng hợp,Chủ tịch UBND TP HCM chỉ đạo khẩn về sắp xếp tài sản công,non-clickbait,0,0.0383940190076828,non-clickbait
article_2799,VnExpress,Other,Cô gái bỏ việc lương cao về quê móc cống,clickbait,2,0.8791467547416687,clickbait
article_0196,24h,Tin tức tổng hợp,Quốc hội xem xét quyết định về công tác nhân sự,non-clickbait,0,0.027637720108032227,non-clickbait
article_1171,Tuổi Trẻ,Công nghệ & Khoa học,Mở lối kỷ nguyên hiển thị mới với LG QNED evo AI,non-clickbait,0,0.06748521327972412,non-clickbait
article_0459,24h,Quốc tế,Tình thế nguy hiểm sau khi Mỹ tấn công 3 cơ sở hạt nhân Iran,non-clickbait,4,0.14306794106960297,non-clickbait
article_0035,VnExpress,Tin tức tổng hợp,Đề xuất Chính phủ được điều chỉnh quy định trong luật nếu có vướng mắc,non-clickbait,2,0.03194934129714966,non-clickbait
article_2907,VietNamNet,Xe & Vận tải,Ngủ trong ô tô khi động cơ chạy không tải: Xăng tốn nhiều đến mức nào?,clickbait,0,0.9544779658317566,clickbait
article_3217,24h,Giải trí & Showbiz,"Biển người đổ về Hưng Yên ngày thứ 2, đằm trong mưa giông tầm tã",clickbait,4,0.27105867862701416,non-clickbait
article_2843,Thanh Niên,Other,"Người hùng thầm lặng phía sau chức vô địch V-League của Nam Định: Không có anh ấy, thì…",clickbait,3,0.9308992624282837,clickbait
article_1303,24h,Kinh doanh & Kinh tế,"Nuôi cả đàn côn trùng cho mật thơm lừng, 9X Cần Thơ thu bộn tiền",clickbait,1,0.9215696454048157,clickbait
article_0775,Báo Mới,Other,Tuyên Quang: Một người bị lũ cuốn mất tích khi đi xe máy qua cầu tràn,non-clickbait,4,0.058507006615400314,non-clickbait
article_3226,24h,Giải trí & Showbiz,Đêm nhạc có G-Dragon và dàn sao Hàn ở sân Mỹ Đình dự báo có mưa rào,non-clickbait,2,0.0995139554142952,non-clickbait
article_3423,VietNamNet,Du lịch & Ẩm thực,"Vườn vải ở Hải Dương được ví như rừng nguyên sinh thu nhỏ, hút khách tham quan",non-clickbait,1,0.8394709229469299,clickbait
article_1951,Báo Mới,Other,Carlos Alcaraz giành danh hiệu ATP thứ 21,non-clickbait,1,0.06465348601341248,non-clickbait
article_2540,Tuổi Trẻ,Thể thao,Dự đoán tỉ số FIFA Club World Cup: Botafogo tiễn Atletico về nước,non-clickbait,3,0.2073751986026764,non-clickbait
article_0727,SaoStar,Quốc tế,"Mẹ ăn một món canh khi mang thai, em bé sinh ra có ngoại hình khiến ai cũng đau lòng",clickbait,0,0.9659317135810852,clickbait
article_3117,Thanh Niên,Other,Liệu có thể gắn ổ SSD PCIe 5.0 vào bo mạch chủ PCIe 4.0?,clickbait,1,0.6121647953987122,clickbait
article_2925,SaoStar,Du lịch & Ẩm thực,"Mùa hè này, đổi gió lên rừng xem sao?",clickbait,1,0.9380673170089722,clickbait
article_1682,Báo Mới,Other,TP Hồ Chí Minh: công bố điểm thi lớp 10 năm học 2025 - 2026,non-clickbait,0,0.024053553119301796,non-clickbait
article_1821,Thanh Niên,Other,Thời sự,clickbait,2,0.2747403681278229,non-clickbait
article_0183,24h,Tin tức tổng hợp,"Cầu ngầm tràn 30m bị lũ cuốn phăng, nhiều xóm chìm trong biển nước chỉ trong chốc lát",non-clickbait,2,0.09816574305295944,non-clickbait
article_0140,Kênh14,Sức khỏe & Đời sống,"Con trai cả xây nhà 10 tỷ đồng báo hiếu, mẹ vừa qua đời, anh em kiện ra tòa đòi thừa kế: Tòa phán “tài sản không thuộc về người đứng tên sổ đỏ”",non-clickbait,2,0.9676862359046936,clickbait
article_0700,SaoStar,Quốc tế,"Bắt được nhiều con cá biến dạng dưới sông, người dân lo lắng",clickbait,0,0.8988553285598755,clickbait
article_1797,Thanh Niên,Other,Người thầy ở tâm thế mới,clickbait,2,0.2078973650932312,non-clickbait
article_1573,24h,Thể thao,"V-League hạ màn ấn tượng: Nam Định vỡ òa niềm vui vô địch, Tiến Linh nhận danh hiệu",non-clickbait,1,0.24972160160541534,non-clickbait
article_1702,VnExpress,Thể thao,Bellingham ca ngợi tân HLV Alonso,non-clickbait,1,0.20347003638744354,non-clickbait
article_0597,VnExpress,Kinh doanh & Kinh tế,Vạn Thịnh Phát đề xuất phương án tái cơ cấu SCB trong 12 năm,non-clickbait,4,0.038938507437705994,non-clickbait
article_3325,VnExpress,Other,Bảo tàng Louvre tạm đóng cửa,non-clickbait,0,0.03618597984313965,non-clickbait
article_0755,24h,Chính trị & An ninh,"Trộm két sắt của anh vợ, lấy 96 lượng vàng SJC đem bán",non-clickbait,4,0.09203286468982697,non-clickbait
article_1931,Báo Mới,Thể thao,160 tay vợt tranh tài tại Giải bóng bàn các nhóm tuổi tỉnh Khánh Hòa 2025,non-clickbait,2,0.02015801891684532,non-clickbait
article_2848,Thanh Niên,Other,"Cử chỉ đặc biệt của Messi gây sốt Club World Cup, Chủ tịch FIFA lên tiếng",clickbait,3,0.9804500341415405,clickbait
article_1539,SaoStar,Thể thao,Tình thế đảo ngược với tiền vệ Tuấn Anh,non-clickbait,0,0.938856840133667,clickbait
article_2230,VnExpress,Other,Hai tên cướp dùng dao khống chế nữ nhân viên cửa hàng quà tặng,non-clickbait,0,0.050611432641744614,non-clickbait
article_2169,Báo Mới,Giải trí & Showbiz,Quyết định quá tàn bạo của Hồng Nhung,clickbait,4,0.8911970853805542,clickbait
article_1272,SaoStar,Giải trí & Showbiz,Trương Tịnh Nghi - Chu Dực Nhiên thất bại với Hoán Vũ,clickbait,3,0.5986714959144592,clickbait
article_3509,Báo Mới,Xe & Vận tải,"Gặp mưa to bất chợt, lái xe cần nằm lòng 6 quy tắc sống còn sau để đảm bảo an toàn",clickbait,0,0.9510058760643005,clickbait
article_0363,Thanh Niên,Tin tức tổng hợp,Đại biểu Quốc hội hiến kế nhập làn xe theo kiểu 'dây kéo áo' tránh ùn tắc,non-clickbait,0,0.12868930399417877,non-clickbait
article_1265,SaoStar,Giải trí & Showbiz,Kiều Anh nói gì về Phía trước là bầu trời sau hơn 24 năm?,clickbait,0,0.9571578502655029,clickbait
article_1346,Báo Mới,Other,Những đợt phát hành trái phiếu kỳ hạn siêu dài đầy may rủi của Nhật Bản,non-clickbait,2,0.9091032147407532,clickbait
article_2423,Báo Mới,Other,Thông tin mới vụ phát hiện bộ xương người trong bồn chứa nước ở Đồng Nai,non-clickbait,4,0.1577846258878708,non-clickbait
article_0509,Báo Mới,Quốc tế,LHQ: Hơn 5 triệu người tại miền Nam Yemen có nguy cơ mất an ninh lương thực,non-clickbait,4,0.03455362468957901,non-clickbait
article_1249,VietNamNet,Giáo dục & Học đường,"Dạy thêm trong nhà trường, mỗi lớp không được vượt quá 45 học sinh",non-clickbait,0,0.03666584566235542,non-clickbait
article_0434,SaoStar,Sức khỏe & Đời sống,Video thanh niên trêu mẹ hút triệu lượt xem: Khoảnh khắc giản dị khiến ai cũng mỉm cười,clickbait,1,0.9610614776611328,clickbait
article_3428,VietNamNet,Du lịch & Ẩm thực,4 địa điểm 'trốn nắng nóng' lý tưởng gần Hà Nội cho dịp hè 2025,non-clickbait,1,0.8598403930664062,clickbait
article_3170,24h,Giải trí & Showbiz,"Gã trai ""đẹp nhưng đểu"", sở hữu chiều cao ấn tượng, có vợ là Á hậu",clickbait,1,0.936168372631073,clickbait
article_0681,VietNamNet,Kinh doanh & Kinh tế,"Pin sạc đầy chỉ trong 18 giây, mở ra kỷ nguyên mới cho xe điện",non-clickbait,2,0.40865281224250793,non-clickbait
article_1046,24h,Kinh doanh & Kinh tế,"Công ty Ăn Cùng Bà Tuyết giải thể, bất ngờ lý do sản phẩm vẫn bán rầm rộ, doanh thu cực khủng",clickbait,1,0.9605836272239685,clickbait
article_2229,VnExpress,Other,26 người bị khởi tố vì mua bán 600 kg cần sa,non-clickbait,1,0.05948283150792122,non-clickbait
article_1285,SaoStar,Giải trí & Showbiz,"Dương Mịch - Triệu Lệ Dĩnh: Đối đầu lặng lẽ, danh tiếng định đoạt tất cả",clickbait,2,0.9280183911323547,clickbait
article_2481,Báo Mới,Other,"Khởi tố vụ người đàn ông đánh mẹ, đâm lực lượng chức năng",non-clickbait,2,0.06221698224544525,non-clickbait
article_0874,VnExpress,Công nghệ & Khoa học,Quốc hội chốt quản lý chất lượng hàng hóa theo ba mức độ rủi ro,non-clickbait,2,0.020081009715795517,non-clickbait
article_2033,Thanh Niên,Other,Khám phá 10 quốc gia có đường bờ biển dài nhất thế giới,non-clickbait,0,0.8387458324432373,clickbait
article_3672,24h,Thể thao,"Video bóng đá Bayern Munich - Boca Juniors: Rượt đuổi nghẹt thở, Harry Kane tỏa sáng (FIFA Club World Cup)",non-clickbait,3,0.04288224130868912,non-clickbait
article_3246,Báo Mới,Sức khỏe & Đời sống,XSMT - Kết quả xổ số miền Trung hôm nay 23/6/2025 - XSMT 23/6 - KQXSMT,non-clickbait,1,0.09526525437831879,non-clickbait
article_3305,VnExpress,Other,"Ở đâu, ăn gì khi du lịch Đà Nẵng hè này",non-clickbait,0,0.36763912439346313,non-clickbait
article_2030,Thanh Niên,Other,Kéo thế giới đến Việt Nam bằng 'trend',clickbait,2,0.9658352136611938,clickbait
article_2780,VnExpress,Other,7 đặc điểm của đàn ông khiến phụ nữ muốn gắn bó,clickbait,0,0.944943904876709,clickbait
article_3124,Thanh Niên,Other,TP.HCM đẩy mạnh ứng dụng công nghệ trong quá trình sáp nhập,non-clickbait,1,0.04373188316822052,non-clickbait
article_0405,VietNamNet,Tin tức tổng hợp,Thanh niên tử vong trong tình trạng lõa thể ở TPHCM,non-clickbait,1,0.12554703652858734,non-clickbait
article_0151,SaoStar,Giải trí & Showbiz,Diệp Lâm Anh gặp sự cố sức khoẻ,clickbait,1,0.9240047931671143,clickbait
article_1822,Thanh Niên,Giáo dục & Học đường,"Quét mã QR, nhận sách Cẩm nang tuyển sinh 2023 điện tử miễn phí",non-clickbait,0,0.03416481614112854,non-clickbait
article_1612,24h,Thể thao,Tin mới nhất bóng đá tối 22/6: Infantino khẳng định các cầu thủ thích Club World Cup,non-clickbait,1,0.4895644783973694,non-clickbait
article_0761,Báo Mới,Other,6 chính sách mới về chế độ thai sản từ ngày 1-7-2025,non-clickbait,0,0.049267832189798355,non-clickbait
article_2864,Thanh Niên,Other,"Dàn cầu thủ cao to và triển vọng của U.23 Việt Nam, chỉ còn thiếu...",clickbait,3,0.4710863530635834,non-clickbait
article_2031,Thanh Niên,Chính trị & An ninh,Khám phá,clickbait,3,0.5937564969062805,clickbait
article_3152,VietNamNet,Other,CentreVille Lương Sơn - giá trị thật từ tài sản hữu hình,non-clickbait,2,0.03843009099364281,non-clickbait
article_2690,24h,Other,Tổ chức Hoa hậu Hoàn vũ Việt Nam phủ nhận ưu ái top 2,non-clickbait,3,0.02808738686144352,non-clickbait
article_2161,24h,Công nghệ & Khoa học,Tại sao con người hay quên việc định làm khi bước qua cửa?,clickbait,4,0.8932163119316101,clickbait
article_2545,Tuổi Trẻ,Thể thao,"Dân công sở, chọn đi bộ hay đến phòng gym?",clickbait,4,0.7221843004226685,clickbait
article_1900,24h,Thể thao,"Video tennis Sonego - Zverev: 3 set kịch chiến, định đoạt tie-break (Halle Open)",non-clickbait,1,0.24193686246871948,non-clickbait
article_1823,Thanh Niên,Giáo dục & Học đường,Ra mắt 'Cẩm nang tuyển sinh 2025' phiên bản điện tử,non-clickbait,3,0.02157406695187092,non-clickbait
article_0990,SaoStar,Giải trí & Showbiz,"Hà Nhi đưa micro nhờ khán giả hát, kết quả khiến dân tình ngỡ ngàng",clickbait,2,0.9749646186828613,clickbait
article_0031,VnExpress,Tin tức tổng hợp,TP HCM chi hơn 2.240 tỷ đồng xây Nhà văn hóa Thanh niên mới 25 tầng,non-clickbait,2,0.016721144318580627,non-clickbait
article_2154,24h,Công nghệ & Khoa học,Microsoft chặn trình duyệt Chrome,non-clickbait,4,0.9050709009170532,clickbait
article_0287,VnExpress,Quốc tế,Mỹ phát cảnh báo toàn cầu với công dân vì xung đột Trung Đông,non-clickbait,4,0.04360952973365784,non-clickbait
article_1524,VietNamNet,Quốc tế,Video tiêm kích F-16 Israel dùng tên lửa bắn nổ UAV Shahed-136 của Iran,non-clickbait,1,0.07068779319524765,non-clickbait
article_2385,SaoStar,Kinh doanh & Kinh tế,"Giá vàng hôm nay (17/6): Vàng miếng giảm mạnh, vàng nhẫn biến động nhẹ",non-clickbait,2,0.036049991846084595,non-clickbait
article_2188,Báo Mới,Other,Phim truyền hình remake: Chữa cháy hay làm hỏng điện ảnh Việt?,clickbait,2,0.9500414729118347,clickbait
article_2680,24h,Other,Fan phát sốt với hình ảnh sexy của mỹ nhân có gần 400 triệu người theo dõi,clickbait,2,0.976669192314148,clickbait
article_2613,VietNamNet,Chính trị & An ninh,Cựu GĐ Trung tâm lý lịch tư pháp 'bắt tay' với tài xế trục lợi hàng chục tỷ đồng,non-clickbait,1,0.297265887260437,non-clickbait
article_2292,Thanh Niên,Other,Chia bớt khó khăn cho người bệnh,non-clickbait,1,0.0754484310746193,non-clickbait
article_0021,VnExpress,Tin tức tổng hợp,13 tác phẩm đoạt giải A báo chí quốc gia,non-clickbait,0,0.02525085024535656,non-clickbait
article_3118,Thanh Niên,Other,Gemini học được 'tuyệt chiêu' nhận diện bài hát,clickbait,1,0.9181873202323914,clickbait
article_0400,VietNamNet,Tin tức tổng hợp,"Thời tiết Hà Nội 3 ngày tới: Nắng đến 34 độ, mưa giông bất chợt vào chiều tối",non-clickbait,1,0.06620601564645767,non-clickbait
article_2279,Tuổi Trẻ,Giải trí & Showbiz,Xếp loại PG và định kiến phim trẻ em đến ngôi vương phòng vé Hollywood,non-clickbait,2,0.9005734920501709,clickbait
article_2129,SaoStar,Giáo dục & Học đường,"Về quê nghỉ lễ, nữ sinh viên sốc khi cha mẹ tự ý vào phòng lấy đồ: Mâu thuẫn bắt đầu từ một thùng nước",clickbait,2,0.9764904975891113,clickbait
article_1136,VnExpress,Other,TP HCM đã gỡ vướng cho 63 dự án tồn đọng,non-clickbait,1,0.04945112764835358,non-clickbait
article_1672,Báo Mới,Giáo dục & Học đường,Phó Chủ tịch UBND tỉnh Nguyễn Mạnh Sơn kiểm tra công tác chuẩn bị Kỳ thi tốt nghiệp THPT năm 2025,non-clickbait,0,0.02145073190331459,non-clickbait
article_2078,VietNamNet,Sức khỏe & Đời sống,Thêm 4 nhóm người không mất tiền đóng BHYT từ ngày 1/7,non-clickbait,1,0.06255972385406494,non-clickbait
article_1979,VnExpress,Other,Sắc vóc Phương Linh - tân Hoa hậu Hoàn vũ Việt Nam,non-clickbait,4,0.12315455824136734,non-clickbait
article_2394,SaoStar,Kinh doanh & Kinh tế,Vàng nhẫn có mức giá hấp dẫn người mua,non-clickbait,3,0.03237491101026535,non-clickbait
article_1885,SaoStar,Sức khỏe & Đời sống,5 thói quen ăn uống trong tiệc tùng khiến vòng eo 'phát tướng',clickbait,4,0.9535353183746338,clickbait
article_2824,Thanh Niên,Other,"‘Độc lạ’ HAGL: Sân Pleiku trồng cỏ lá kim, CĐV ùn ùn… xin cỏ cũ mang về!",clickbait,1,0.9391365647315979,clickbait
article_2513,VnExpress,Other,Học viện Tài chính xét tuyển kết hợp với 3 nhóm học sinh giỏi,non-clickbait,2,0.024845436215400696,non-clickbait
article_3390,Thanh Niên,Other,"Ô tô máy xăng giá rẻ nhất Việt Nam: Sức mua giảm, Hyundai Grand i10 dẫn đầu",non-clickbait,4,0.0582922138273716,non-clickbait
article_0760,Báo Mới,Tin tức tổng hợp,"Triển khai hệ thống giải quyết thủ tục hành chính theo mô hình 2 cấp hiệu quả, thông suốt",non-clickbait,1,0.02740250527858734,non-clickbait
article_2472,Báo Mới,Chính trị & An ninh,"Bắt chủ tịch công ty 'thổi' vốn lên 42.000 tỷ, hoạt động đa cấp biến tướng để lừa đảo",non-clickbait,4,0.11661302298307419,non-clickbait
article_2708,Báo Mới,Other,Các chuyên gia nghi ngờ năng lực sản xuất điện thoại tại Mỹ,non-clickbait,0,0.32007700204849243,non-clickbait
article_1593,24h,Thể thao,Trực tiếp bóng đá Real Madrid - Pachuca: Kịch tính những phút cuối (FIFA Club World Cup) (Hết giờ),non-clickbait,2,0.06872475892305374,non-clickbait
article_0488,24h,Quốc tế,"[Podcast] Trận đánh xóa bỏ ách cai trị của Mông Cổ, làm thay đổi lịch sử nước Nga",non-clickbait,2,0.16191568970680237,non-clickbait
article_2087,VietNamNet,Sức khỏe & Đời sống,Chiều cao người Việt đang vẫn trong nhóm thấp bé,non-clickbait,1,0.1253327876329422,non-clickbait
article_1587,24h,Thể thao,"Video bóng đá U21 Đan Mạch - U21 Pháp: Rượt đuổi 5 bàn, ngược dòng vỡ òa (U21 châu Âu)",non-clickbait,0,0.10521053522825241,non-clickbait
article_2195,Báo Mới,Giải trí & Showbiz,Ngô Thanh Vân gây sốt với vóc dáng xinh đẹp ở tháng cuối thai kỳ,clickbait,2,0.9500877857208252,clickbait
article_2467,Báo Mới,Chính trị & An ninh,Văn phòng đại diện Ngân hàng Union Bank of Taiwan tại thành phố Hồ Chí Minh thông báo gia hạn thời hạn hoạt động,non-clickbait,1,0.0384661927819252,non-clickbait
article_3683,24h,Thể thao,Nhận định bóng đá Barcelona - Bayern Munich: Thư hùng đỉnh cao cúp C1 (Champions League),non-clickbait,2,0.04320403188467026,non-clickbait
article_1339,Báo Mới,Other,"Chia nhóm hộ kinh doanh, căn cứ vào đâu?",clickbait,1,0.39946019649505615,non-clickbait
article_0378,Thanh Niên,Tin tức tổng hợp,Tên phường xã mới sáp nhập ở TP.HCM: Phường Bảy Hiền có 'xóm Quảng' độc nhất,non-clickbait,0,0.8437020182609558,clickbait
article_1770,Tuổi Trẻ,Du lịch & Ẩm thực,Khám phá chuyến tàu du lịch lần đầu đưa khách Việt tham quan Singapore,non-clickbait,3,0.02750680409371853,non-clickbait
article_1244,VietNamNet,Giáo dục & Học đường,Những món quà độc lạ tại lễ nhận bằng tốt nghiệp đại học,clickbait,1,0.8219748735427856,clickbait
article_3080,Tuổi Trẻ,Chính trị & An ninh,"Bắt giam người dùng sổ đỏ làm ‘mồi câu’ lừa đảo hơn 2,7 tỉ đồng",non-clickbait,1,0.6734870076179504,clickbait
article_1048,24h,Kinh doanh & Kinh tế,"""Cỏ ma thuật” biết đổi màu, trồng bán thu hơn 350.000đ/kg",clickbait,1,0.4671494662761688,non-clickbait
article_1016,24h,Kinh doanh & Kinh tế,Những cỗ máy sản xuất và xuất khẩu vũ khí chục tỷ USD của Israel,non-clickbait,4,0.13257069885730743,non-clickbait
article_1711,VnExpress,Thể thao,Cầu thủ chửi HLV vì bị thay ra ở Club World Cup,non-clickbait,1,0.307513952255249,non-clickbait
article_3528,VietNamNet,Other,Lời cảm ơn nhân Ngày Báo chí Cách mạng Việt Nam 21/6/2025,non-clickbait,1,0.06916356831789017,non-clickbait
article_1396,VnExpress,Other,U xơ tử cung to như thai 22 tuần,non-clickbait,1,0.09645017981529236,non-clickbait
article_2022,Tuổi Trẻ,Văn hóa & Nghệ thuật,Một tháng ở Nam Kỳ của Phạm Quỳnh,non-clickbait,0,0.10325025767087936,non-clickbait
article_1257,Kênh14,Giải trí & Showbiz,“Kim Soo Hyun Scandal” - Khi người nổi tiếng bị bạo lực mạng và sự thật bị bóp méo bởi AI,clickbait,4,0.5803520083427429,clickbait
article_1826,Thanh Niên,Giáo dục & Học đường,TP.HCM lắp đặt camera toàn bộ các điểm thi và hội đồng chấm thi tốt nghiệp THPT,non-clickbait,4,0.03252822533249855,non-clickbait
article_2584,Thanh Niên,Other,Quang Tuấn tiết lộ ngày đầu ghi hình cùng dàn cast 'Running Man Vietnam',clickbait,0,0.8327813148498535,clickbait
article_2666,SaoStar,Công nghệ & Khoa học,Xóa video livestream: Ảnh hưởng thế nào đến nhà sáng tạo nội dung?,clickbait,0,0.9555686116218567,clickbait
article_3466,24h,Xe & Vận tải,Toyota Veloz Cross Top 1.5 CVT 2022 giá hời sau 44.000Km,non-clickbait,0,0.10814185440540314,non-clickbait
article_2499,VnExpress,Other,"Đề thi Toán lớp 10 tăng thực tế, 'bớt kỹ thuật'",non-clickbait,3,0.04885777831077576,non-clickbait
article_3007,Báo Mới,Công nghệ & Khoa học,Tận thấy răng cá mập Megalodon khổng lồ do bé trai phát hiện,non-clickbait,4,0.9286680221557617,clickbait
article_3607,Báo Mới,Other,Bộ Công Thương đề xuất giữ nguyên 8 nhóm dịch vụ đăng ký hợp đồng theo mẫu,non-clickbait,0,0.022011233493685722,non-clickbait
article_0465,24h,Quốc tế,"Dân Iran, Israel lo lắng tột độ trước diễn biến chiến tranh",non-clickbait,1,0.6311823725700378,clickbait
article_1131,VnExpress,Other,Địa ốc Đà Nẵng 'nóng' nhờ hạ tầng tỷ USD,clickbait,4,0.36212286353111267,non-clickbait
article_3662,24h,Giải trí & Showbiz,Đường Đà Lạt mênh mông nước sau mưa,non-clickbait,4,0.06233103945851326,non-clickbait
article_1121,VnExpress,Other,The Grand Ho Tram ra mắt phân khu mới,non-clickbait,3,0.026355354115366936,non-clickbait
article_1787,Thanh Niên,Giáo dục & Học đường,Cách chọn tổ hợp môn xét tuyển ĐH năm 2025 để tăng khả năng trúng tuyển,non-clickbait,4,0.050283972173929214,non-clickbait
article_2604,Thanh Niên,Other,"Phương Bình: Mua nhà trả góp ở tuổi 52, chịu cảnh xa vợ hơn 30 năm",clickbait,1,0.7689067125320435,clickbait
article_2746,Báo Mới,Other,Samsung Health Hub giúp người dùng chia sẻ trực tiếp thông số sức khỏe với bác sĩ,non-clickbait,0,0.05613277852535248,non-clickbait
article_0632,Thanh Niên,Other,Dự báo giá dầu tăng vọt giữa bất ổn Trung Đông,non-clickbait,0,0.09812253713607788,non-clickbait
article_0360,Thanh Niên,Other,BHXH lên tiếng về thông tin tăng mức đóng BHYT từ 1.7,non-clickbait,3,0.04624880477786064,non-clickbait
article_2489,VnExpress,Other,"Điểm chuẩn lớp 10 chuyên TP HCM cao nhất 37,5",non-clickbait,1,0.06210312247276306,non-clickbait
article_2239,VnExpress,Other,Kẻ sát hại chủ tiệm tạp hóa: Ra tay vì 'sợ bị lộ',non-clickbait,4,0.5118995904922485,clickbait
article_1907,24h,Thể thao,"Lịch thi đấu Tennis hôm nay, Xem lich thi dau Tennis mới nhất",non-clickbait,1,0.08071905374526978,non-clickbait
article_3176,24h,Giải trí & Showbiz,Dàn sao 'Tiếu ngạo giang hồ' sau 30 năm,non-clickbait,4,0.7563126087188721,clickbait
article_2731,Báo Mới,Công nghệ & Khoa học,Đo dinh dưỡng đất thông minh để sử dụng phân bón hiệu quả,non-clickbait,4,0.04232458770275116,non-clickbait
article_3676,24h,Thể thao,"Chuyển nhượng MU: Chào bán Garnacho 50 triệu bảng, Mount đến Aston Villa?",non-clickbait,2,0.5983708500862122,clickbait
article_0541,Báo Mới,Quốc tế,Nhóm nghị sĩ Iran muốn rút khỏi Hiệp ước không phổ biến vũ khí hạt nhân,non-clickbait,0,0.03228325769305229,non-clickbait
article_1680,Báo Mới,Giáo dục & Học đường,Bắc Ninh triển khai công tác thi Kỳ thi tốt nghiệp THPT năm 2025,non-clickbait,1,0.03701234608888626,non-clickbait
article_2784,VnExpress,Other,6 huyền thoại 'Quỷ đỏ' được kiểm tra sức khỏe tại TP HCM,non-clickbait,2,0.0630771592259407,non-clickbait
article_0393,VietNamNet,Tin tức tổng hợp,"Đâm thẳng vào rào phân làn mới dựng ở Hà Nội, tài xế bị chấn thương sọ não",non-clickbait,3,0.06233103945851326,non-clickbait
article_0473,24h,Quốc tế,Hoạt động bất thường của Iran tại cơ sở hạt nhân Fordow,non-clickbait,4,0.04547959193587303,non-clickbait
article_3468,Báo Mới,Xe & Vận tải,BYD làm rõ tin đồn về sedan điện Seal,non-clickbait,2,0.34648603200912476,non-clickbait
article_1140,VnExpress,Other,Cải tạo nhà phố với phần lõi rỗng cho gia chủ Gen Z,non-clickbait,0,0.16817277669906616,non-clickbait
article_2645,SaoStar,Công nghệ & Khoa học,T1 Phone: Gắn mác Mỹ nhưng lại 'Made in China'?,clickbait,4,0.9389128684997559,clickbait
article_3747,24h,Du lịch & Ẩm thực,Mực cuốn rau muống - món ăn hot trend gây tranh cãi,clickbait,4,0.9353464841842651,clickbait
article_2578,Thanh Niên,Giải trí & Showbiz,Bức Tường mang rock Việt 'đốt cháy' trái tim kiều bào châu Âu,clickbait,0,0.8107787370681763,clickbait
article_2082,VietNamNet,Sức khỏe & Đời sống,"Lò cyclotron duy nhất ở miền Nam ngừng hoạt động, máy chụp PET/CT 'đắp chiếu'",non-clickbait,2,0.16512137651443481,non-clickbait
article_0816,Báo Mới,Other,An Giang trả lương tháng 7 trước 27/6,non-clickbait,0,0.030733926221728325,non-clickbait
article_3040,VnExpress,Other,Người dân háo hức đổi xe xăng lấy xe máy điện,clickbait,1,0.10105591267347336,non-clickbait
article_3586,Báo Mới,Other,Bộ Nội vụ định hướng số lượng phó chủ tịch UBND cấp tỉnh và cấp xã sau sáp nhập,non-clickbait,3,0.014364656992256641,non-clickbait
article_2590,Thanh Niên,Other,BTC lên tiếng về loạt tranh cãi liên quan đến chiến thắng của Hoa hậu Phương Linh,clickbait,3,0.4130479693412781,non-clickbait
article_2237,VnExpress,Other,Tài xế dừng ngủ trên cao tốc khiến xảy ra tai nạn chết người,clickbait,4,0.16344544291496277,non-clickbait
article_1525,VietNamNet,Quốc tế,Xung đột Nga – Ukraine làm lộ sai lầm trong kho vũ khí của phương Tây,non-clickbait,2,0.7676898241043091,clickbait
article_3759,24h,Du lịch & Ẩm thực,"Núi lửa phun trào, du khách lao vào chụp hình chỉ cách ""cửa tử” 2 bước chân",clickbait,4,0.941439151763916,clickbait
article_1455,Thanh Niên,Sức khỏe & Đời sống,Ung thư rất sợ những loại rau củ này,clickbait,2,0.961713969707489,clickbait
article_0917,Thanh Niên,Kinh doanh & Kinh tế,Khát vọng năng lượng xanh trên quê hương Đồng Khởi,non-clickbait,0,0.04463920742273331,non-clickbait
article_2789,VnExpress,Other,Làm đám cưới giữa trại chó,clickbait,1,0.2975209653377533,non-clickbait
article_3685,24h,Quốc tế,[Podcast]: Trận tử chiến của 123 lính Ấn Độ với 5.000 binh sĩ Trung Quốc,non-clickbait,3,0.03656250610947609,non-clickbait
article_2439,Báo Mới,Other,"Đòi nợ bất thành, đâm vợ chồng con nợ thương vong",non-clickbait,4,0.4560615122318268,non-clickbait
article_1707,VnExpress,Thể thao,Inter nhận bàn thua lịch sử ở Club World Cup,non-clickbait,3,0.3141557574272156,non-clickbait
article_2973,Báo Mới,Công nghệ & Khoa học,Chuyện không thể tin nổi về những con người phi thường,clickbait,3,0.9697281122207642,clickbait
article_0184,24h,Tin tức tổng hợp,Tài xế dừng xe ngủ trên cao tốc gây tai nạn kinh hoàng đối diện mức phạt nào?,non-clickbait,0,0.932268500328064,clickbait
article_2245,VnExpress,Other,"Đánh mẹ, tấn công lực lượng an ninh cơ sở khi được can ngăn",clickbait,3,0.020924191921949387,non-clickbait
article_1202,Thanh Niên,Sức khỏe & Đời sống,Ghi nội dung chuyển khoản né từ mua bán: Cảm thông hay tiếp tay né thuế?,clickbait,0,0.8920463919639587,clickbait
article_1075,Báo Mới,Other,Lời biển xưa còn vọng,clickbait,1,0.3423241078853607,non-clickbait
article_2443,Báo Mới,Other,Chiêu trò khiến sữa HIUP giả vẫn bán chạy dù giá cao ngất ngưởng,clickbait,2,0.9685600996017456,clickbait
article_1976,VnExpress,Other,"Hồ Ngọc Hà, Kim Lý kỷ niệm 8 năm yêu",non-clickbait,1,0.14940722286701202,non-clickbait
article_0336,Tuổi Trẻ,Văn hóa & Nghệ thuật,"'Bước chân trở về’ kêu gọi kiều bào gây quỹ trồng rừng, góp sức phát triển đất nước",non-clickbait,3,0.026180503889918327,non-clickbait
article_3592,Báo Mới,Other,Quảng Ngãi sắp tổ chức đấu giá quyền khai thác 11 mỏ khoáng sản,non-clickbait,4,0.030908960849046707,non-clickbait
article_2572,Thanh Niên,Giải trí & Showbiz,NSƯT Công Ninh ở tuổi 63: Tôi sống không dư dả gì,non-clickbait,2,0.7475237846374512,clickbait
article_2560,Tuổi Trẻ,Thể thao,"Ngày mai 2-6, trao giải cuộc thi dự đoán 'Cầu thủ Việt Nam xuất sắc nhất trận' tại SEA Games 31",non-clickbait,1,0.05394897609949112,non-clickbait
article_0284,VnExpress,Quốc tế,Thủ tướng Campuchia ra lệnh ngừng nhập xăng dầu Thái Lan,non-clickbait,0,0.04119143635034561,non-clickbait
article_0913,Thanh Niên,Kinh doanh & Kinh tế,Thủy điện A Vương góp sức đảm bảo an ninh năng lượng,non-clickbait,1,0.0363224633038044,non-clickbait
article_1274,SaoStar,Giải trí & Showbiz,"Như được dệt nên từ địa ngục, '28 Years Later' kinh dị hơn gấp bội",clickbait,4,0.9377260208129883,clickbait
article_0045,VnExpress,Tin tức tổng hợp,"93 phường, xã của TP Đà Nẵng sau sáp nhập",non-clickbait,3,0.022350113838911057,non-clickbait
article_2740,Báo Mới,Công nghệ & Khoa học,"Tòa nhà bằng gỗ cao nhất thế giới bắt đầu khởi công, dự kiến hoàn thành năm 2027",non-clickbait,0,0.049681156873703,non-clickbait
article_3120,Thanh Niên,Other,Microsoft chặn trình duyệt Google Chrome,non-clickbait,0,0.2111726999282837,non-clickbait
article_0633,Thanh Niên,Quốc tế,Đánh giá thiệt hại của các cơ sở hạt nhân Iran sau khi bị Mỹ tấn công,non-clickbait,2,0.031084952875971794,non-clickbait
article_1950,Báo Mới,Thể thao,"Thua Gia Định 2 - 0, Lâm Đồng ngậm ngùi ở lại hạng nhì Giải Bóng đá quốc gia",non-clickbait,1,0.05926467105746269,non-clickbait
article_1461,Thanh Niên,Sức khỏe & Đời sống,Những người nên cẩn trọng với việc ăn dưa leo thường xuyên,clickbait,0,0.9261034727096558,clickbait
article_3716,24h,Sức khỏe & Đời sống,12 kiểu phụ nữ dễ bị ung thư vú,clickbait,0,0.8840892910957336,clickbait
article_0188,24h,Tin tức tổng hợp,Số định danh cá nhân thay mã số thuế từ 1/7,non-clickbait,2,0.03524432331323624,non-clickbait
article_1581,24h,Thể thao,"Video bóng đá Juventus - Wydad: Hàng công thăng hoa, phản lưới và siêu phẩm (FIFA Club World Cup)",non-clickbait,1,0.26626187562942505,non-clickbait
article_1304,24h,Kinh doanh & Kinh tế,Điểm bán cua hấp trên vỉa hè TP HCM có gì đặc biệt mà khách chen kín mỗi chiều?,clickbait,1,0.9424538016319275,clickbait
article_3424,VietNamNet,Du lịch & Ẩm thực,"Bãi biển trong xanh cách Hà Nội 4 giờ lái xe, hấp dẫn du khách thích sự mộc mạc",non-clickbait,0,0.08426640927791595,non-clickbait
article_0258,Báo Mới,Thể thao,Pogba đàm phán với bến đỗ mới,non-clickbait,3,0.41905349493026733,non-clickbait
article_1288,SaoStar,Giải trí & Showbiz,"Vu Chính livestream bóc phốt nam chính 'xé phiên', dân mạng réo tên Trần Triết Viễn",clickbait,4,0.9481545686721802,clickbait
article_0891,Tuổi Trẻ,Kinh doanh & Kinh tế,"Khởi công 2 tổ hợp khách sạn, căn hộ cao cấp ở Bãi Sau, Vũng Tàu",non-clickbait,4,0.03381211310625076,non-clickbait
article_1687,Báo Mới,Giáo dục & Học đường,Công ty Coca-Cola Việt Nam khai mạc Khóa học EkoSchool,non-clickbait,0,0.03185885772109032,non-clickbait
article_2588,Thanh Niên,Other,Phim khoa học viễn tưởng của đạo diễn Việt có kinh phí hơn 1 chỉ vàng,non-clickbait,1,0.5147604942321777,clickbait
article_2464,Báo Mới,Other,"Cảnh sát 113 Đà Nẵng nổ súng chỉ thiên, truy đuổi nhóm thanh niên mang hung khí gây rối lúc rạng sáng",non-clickbait,4,0.05877656117081642,non-clickbait
article_2640,VietNamNet,Chính trị & An ninh,Giang hồ Bình 'đen' ở Hải Phòng lĩnh án 12 năm 6 tháng tù,non-clickbait,0,0.12458530813455582,non-clickbait
article_1798,Thanh Niên,Giáo dục & Học đường,"Cách học sinh từ lớp 9, 10 'săn' học bổng chính phủ nước nói tiếng Anh",non-clickbait,2,0.9276915192604065,clickbait
article_2605,Thanh Niên,Other,"Katy Perry và Orlando Bloom cãi vã dữ dội, chia tay sau chuyến bay vào vũ trụ",clickbait,2,0.8475897312164307,clickbait
article_2854,Thanh Niên,Other,"Quảng Nam trụ hạng phút bù giờ, Đà Nẵng đá play-off: VPF chưa thể ‘nghỉ tay’ vì…",clickbait,3,0.48553869128227234,non-clickbait
article_1179,Tuổi Trẻ,Công nghệ & Khoa học,Nỗi khổ đặt mật khẩu phức tạp xong... quên luôn,clickbait,4,0.9418684244155884,clickbait
article_2981,Báo Mới,Công nghệ & Khoa học,Cuộc đua giữa những cường quốc,non-clickbait,1,0.7899637818336487,clickbait
article_2754,Báo Mới,Other,"Bảo vệ trẻ trước trào lưu Chatbot AI, meme 'brainrot' và trò chơi Sprunki",non-clickbait,1,0.30699431896209717,non-clickbait
article_0272,Báo Mới,Thể thao,Lý do Tottenham sa thải Postecoglou,clickbait,2,0.4262320101261139,non-clickbait
article_1570,24h,Thể thao,"Barcelona có biến động khi mua Nico Williams, Lewandowski dễ bị thiệt thòi nhất",clickbait,4,0.8474634885787964,clickbait
article_3209,24h,Giải trí & Showbiz,Nam diễn viên bom tấn 2.500 tỷ đột ngột qua đời khi phim vẫn đang chiếu rạp,clickbait,2,0.8938665986061096,clickbait
article_1518,VietNamNet,Quốc tế,"Tổng thư ký LHQ, phe Dân chủ Mỹ phản đối chính quyền Trump tấn công Iran",non-clickbait,3,0.014615669846534729,non-clickbait
article_0298,VnExpress,Quốc tế,Mỹ triển khai chuyến bay sơ tán công dân khỏi Israel,non-clickbait,4,0.03875619173049927,non-clickbait
article_3472,Báo Mới,Xe & Vận tải,BMW M2 CS 2026 ra mắt toàn cầu với công suất 523 mã lực,non-clickbait,4,0.060363005846738815,non-clickbait
article_1310,24h,Kinh doanh & Kinh tế,"Giá xăng dầu bật tăng dữ dội, có loại tăng tới gần 1.500 đồng/lít",non-clickbait,2,0.3300931751728058,non-clickbait
article_3237,Báo Mới,Other,"Nhìn mẹ già mê mẩn đi hội thảo mua hàng, con cái đành chấp nhận mà không thể can thiệp",non-clickbait,0,0.9367494583129883,clickbait
article_3362,Tuổi Trẻ,Sức khỏe & Đời sống,"Ẩn tinh hoàn có thể gây vô sinh, ung thư: Bác sĩ chỉ rõ dấu hiệu nhận biết",clickbait,0,0.8725103735923767,clickbait
article_2253,VnExpress,Other,Chủ tịch Công ty Z Holding bị bắt vì sản xuất sữa HIUP 27 giả,non-clickbait,0,0.039158374071121216,non-clickbait
article_1201,Thanh Niên,Sức khỏe & Đời sống,"Cô dâu Huế khóc nức nở giữa rạp cưới ngập nước, khách lội nước đến dự tiệc",non-clickbait,4,0.8374205827713013,clickbait
article_2899,VietNamNet,Xe & Vận tải,"Mẹo chống mở trộm xe đơn giản, rẻ tiền nhưng hiệu quả không ngờ",clickbait,3,0.9626380801200867,clickbait
article_1415,VnExpress,Other,Điều gì xảy ra khi trẻ ngã từ giường xuống đất?,non-clickbait,0,0.9175245761871338,clickbait
article_1522,VietNamNet,Quốc tế,Iran còn đủ tên lửa để tấn công Israel?,non-clickbait,4,0.820685088634491,clickbait
article_0892,Thanh Niên,Other,"Trước khi giải thể, TP.Thủ Đức công bố 9 đồ án quy hoạch",non-clickbait,0,0.032558973878622055,non-clickbait
article_3009,Báo Mới,Công nghệ & Khoa học,Bạn trẻ thích thú khám phá thế giới côn trùng tại Bảo tàng Đà Nẵng,non-clickbait,0,0.06910072267055511,non-clickbait
article_2205,Báo Mới,Other,Sốc với album mới của aespa,clickbait,0,0.9526181817054749,clickbait
article_2815,Tuổi Trẻ,Giáo dục & Học đường,Cuộc gặp định mệnh giữa giáo sư Hoàng Xuân Sính và thiên tài toán học Alexander Grothendi,clickbait,0,0.07217757403850555,non-clickbait
article_0133,VietNamNet,Chính trị & An ninh,Cán bộ không chuyên trách cấp xã được kéo dài thời gian làm việc đến trước tháng 5/2026,non-clickbait,2,0.022328782826662064,non-clickbait
article_1772,Tuổi Trẻ,Du lịch & Ẩm thực,"Đẹp ngỡ ngàng mùa sen Trà Lý, du khách ùn ùn đến check-in",non-clickbait,4,0.7779753804206848,clickbait
article_0899,Thanh Niên,Other,Mỹ áp thuế 0% với nhiều doanh nghiệp xuất khẩu cá tra Việt Nam,non-clickbait,3,0.019087431952357292,non-clickbait
article_1495,Thanh Niên,Other,"Căng da mặt không sẹo, tương lai của trẻ hóa da mặt không dao kéo",non-clickbait,3,0.10687688738107681,non-clickbait
article_0897,Thanh Niên,Kinh doanh & Kinh tế,Chủ tịch Vinatex tiết lộ chuyện lạ lần đầu xảy ra với xuất khẩu dệt may,clickbait,3,0.9758315682411194,clickbait
article_1050,Báo Mới,Văn hóa & Nghệ thuật,"Tối 30/6, Cà Mau bắn pháo hoa mừng hợp nhất với Bạc Liêu",non-clickbait,0,0.020984293892979622,non-clickbait
article_1991,VnExpress,Other,Lễ hội truyện tranh cho fan manga,non-clickbait,3,0.027769245207309723,non-clickbait
article_1266,SaoStar,Giải trí & Showbiz,Tống Uy Long là nam diễn viên thất bại nhất nửa đầu năm 2025,non-clickbait,0,0.935523509979248,clickbait
article_0656,Thanh Niên,Other,Thanh niên sinh viên Việt Nam ở Barcelona tổ chức giải bóng đá mừng lễ 30.4,non-clickbait,4,0.05223085358738899,non-clickbait
article_3635,Báo Mới,Other,"Diện mạo phường Hạ Long, trung tâm của tỉnh Quảng Ninh",non-clickbait,3,0.01720971055328846,non-clickbait
article_0930,Thanh Niên,Other,Thanh Niên và sứ mệnh viết tiếp tinh thần báo chí cách mạng trong thời đại mới,non-clickbait,0,0.07551658153533936,non-clickbait
article_2729,Báo Mới,Other,Các nhà nghiên cứu của Apple chê mô hình AI từ OpenAI và Anthropic,non-clickbait,2,0.045437220484018326,non-clickbait
article_1595,24h,Thể thao,Trực tiếp bóng đá Đà Nẵng - SLNA: Không có penalty (V-League) (Hết giờ),non-clickbait,4,0.04401865229010582,non-clickbait
article_3431,VietNamNet,Du lịch & Ẩm thực,"Bí ẩn thác nước đẹp mê giữa đại ngàn, dân mạng tò mò tìm kiếm địa chỉ",clickbait,3,0.9773707389831543,clickbait
article_2853,Thanh Niên,Other,FIFA Club World Cup 2025: Bóng đá Nam Mỹ thành công bước đầu,non-clickbait,3,0.04945112764835358,non-clickbait
article_3353,Tuổi Trẻ,Sức khỏe & Đời sống,"Mỗi lon sữa Hiup giá gốc 87.000 đồng, bán ra thị trường hơn 546.000 đồng",non-clickbait,2,0.054499879479408264,non-clickbait
article_1349,Báo Mới,Kinh doanh & Kinh tế,"Tạo đột phá thẩm quyền, rút ngắn thủ tục trong quản lý, sử dụng vốn ODA",non-clickbait,4,0.028167473152279854,non-clickbait
article_3381,Thanh Niên,Other,"Xe tải cố 'chèn đường', gây tai nạn cho xe máy rồi bỏ chạy",non-clickbait,1,0.8262215852737427,clickbait
article_1988,VnExpress,Other,Đội Phương Mỹ Chi 'bùng nổ' tại Em xinh say hi,non-clickbait,4,0.6230615377426147,clickbait
article_0948,VietNamNet,Thể thao,Tuyển bóng chuyền nam Việt Nam thua ngược Indonesia ở giải châu Á,non-clickbait,4,0.04008735716342926,non-clickbait
article_2359,VietNamNet,Công nghệ & Khoa học,"Tiết lộ mỏ vàng nông nghiệp công nghệ cao, bạn trẻ về quê bỏ túi triệu đô",clickbait,3,0.9711564779281616,clickbait
article_1190,Tuổi Trẻ,Công nghệ & Khoa học,Khi Gen Z dùng công nghệ lập trình nhịp sống số,clickbait,3,0.633976936340332,clickbait
article_1543,SaoStar,Thể thao,Cái kết nghiệt ngã cho thủ môn Bùi Tiến Dũng,clickbait,0,0.8983213901519775,clickbait
article_1467,Thanh Niên,Sức khỏe & Đời sống,4 điều chỉnh giúp dân văn phòng cải thiện sức khỏe,non-clickbait,2,0.9519526958465576,clickbait
article_3595,Báo Mới,Other,Vì sao giá cát Quảng Ngãi vẫn bình ổn trước 'cơn bão' giá của các tỉnh lân cận?,clickbait,0,0.9453489780426025,clickbait
article_0078,Thanh Niên,Chính trị & An ninh,Tổng Bí thư Tô Lâm dự lễ kỷ niệm 100 năm Ngày Báo chí cách mạng Việt Nam,non-clickbait,4,0.036049991846084595,non-clickbait
article_1263,Kênh14,Giải trí & Showbiz,"Chẳng mấy khi hot dad Nguyễn Văn Chung thể hiện cảm với con trai đến cỡ này, mà sao biểu cảm của bé Pu lại có vẻ ""khó chịu vô cùng""",clickbait,1,0.9457011222839355,clickbait
article_3264,Báo Mới,Other,8 loại trái cây tốt nhất nên ăn trước khi ngủ giúp giảm mỡ bụng,clickbait,0,0.9231777787208557,clickbait
article_1246,VietNamNet,Giáo dục & Học đường,Bộ GD-ĐT nói về cách tính lương mới của giáo viên,non-clickbait,2,0.12469184398651123,non-clickbait
article_1217,Thanh Niên,Other,Lịch cúp điện ở Đồng Nai ngày 22.6,non-clickbait,1,0.05252167582511902,non-clickbait
article_1164,VnExpress,Other,Đua mở mới khách sạn ven biển,clickbait,0,0.07036770135164261,non-clickbait
article_1063,Báo Mới,Văn hóa & Nghệ thuật,"Hà Nội: Khởi công dự án tu bổ, tôn tạo di tích chùa Phúc Lâm cổ",non-clickbait,2,0.014756983146071434,non-clickbait
article_2216,VnExpress,Other,Cựu giám đốc Trung tâm Lý lịch tư pháp 'nhận lót tay' 43 tỷ đồng ra tòa,non-clickbait,1,0.14122219383716583,non-clickbait
article_1902,24h,Thể thao,Video tennis Zverev - Giron: Chênh lệch đẳng cấp quá lớn (Halle Open),non-clickbait,2,0.0693524107336998,non-clickbait
article_1604,24h,Thể thao,Lịch thi đấu Ngoại Hạng Anh 2025/2026 ngày hôm nay,non-clickbait,1,0.07835981249809265,non-clickbait
article_3548,VietNamNet,Other,Hồi âm đơn thư bạn đọc tháng 5/2025,non-clickbait,2,0.02262919954955578,non-clickbait
article_0884,Tuổi Trẻ,Kinh doanh & Kinh tế,"Chứng khoán tuần mới: Nhiều biến số gây áp lực, cơ hội vẫn xuất hiện vài nhóm cổ phiếu",non-clickbait,3,0.07758752256631851,non-clickbait
article_3470,Báo Mới,Xe & Vận tải,TMT Motors sẽ bán xe PHEV tại Việt Nam,non-clickbait,1,0.053009770810604095,non-clickbait
article_0312,VnExpress,Quốc tế,"Houthi dọa nối lại tập kích chiến hạm, tàu hàng Mỹ",non-clickbait,1,0.07120272517204285,non-clickbait
article_3175,24h,Giải trí & Showbiz,"""Ngưu Ma Vương"" U90: Hạnh phúc bên vợ kém 37 tuổi và con trai 2 tuổi",clickbait,2,0.95743727684021,clickbait
article_2968,Báo Mới,Công nghệ & Khoa học,Trục vớt du thuyền khiến 'Bill Gates nước Anh' tử nạn,clickbait,2,0.5130585432052612,clickbait
article_0429,SaoStar,Sức khỏe & Đời sống,Vụ bộ xương người trong bồn chứa nước: Vì sao chủ nhà không thấy bất thường?,clickbait,2,0.9777138829231262,clickbait
article_2526,VnExpress,Other,Thủ tướng: Tổ chức kỳ thi tốt nghiệp THPT thực sự là 'ngày hội',non-clickbait,2,0.047470010817050934,non-clickbait
article_3763,24h,Du lịch & Ẩm thực,Đình Chèm gây sốt với cảnh hoàng hôn đẹp như tranh vẽ,clickbait,4,0.8401934504508972,clickbait
article_0663,VietNamNet,Kinh doanh & Kinh tế,Chủ tịch TP Buôn Ma Thuột nói Công ty cấp nước Đắk Lắk làm 'trò trẻ con',clickbait,0,0.5333366990089417,clickbait
article_3433,VietNamNet,Du lịch & Ẩm thực,"10 bãi biển đẹp, hoang sơ ở miền Trung để du khách khám phá trong mùa hè 2025",non-clickbait,4,0.38199734687805176,non-clickbait
article_1516,VietNamNet,Quốc tế,"Iran coi nhẹ cuộc tấn công của Mỹ, hé lộ tình trạng cơ sở Fordow",non-clickbait,0,0.6066150069236755,clickbait
article_1788,Thanh Niên,Giáo dục & Học đường,"Thi tốt nghiệp THPT cận kề, thí sinh cần lưu ý gì?",clickbait,0,0.8879354596138,clickbait
article_0277,VnExpress,Quốc tế,"Tay súng IS đánh bom tự sát ở nhà thờ Syria, 20 người chết",non-clickbait,1,0.11626138538122177,non-clickbait
article_2301,Thanh Niên,Văn hóa & Nghệ thuật,Chùa Dâu cổ nhất VN và cừu đá gần 2.000 năm tuổi,clickbait,0,0.42012739181518555,non-clickbait
article_0595,VnExpress,Kinh doanh & Kinh tế,'Chi phí phần mềm cho hộ kinh doanh chỉ bằng bát phở',non-clickbait,1,0.26255813241004944,non-clickbait
article_1860,Kênh14,Giáo dục & Học đường,"Thi vào lớp 10 TP.HCM, không có điểm 10 môn Văn",non-clickbait,1,0.05174954608082771,non-clickbait
article_2356,VietNamNet,Công nghệ & Khoa học,Viettel đưa hệ thống mô phỏng huấn luyện 'Made in VietNam' ra thị trường quốc tế,non-clickbait,1,0.11182182282209396,non-clickbait
article_0026,VnExpress,Tin tức tổng hợp,Tổng Bí thư: 'Báo chí cần khơi gợi tinh thần cống hiến trong xã hội',non-clickbait,0,0.0678548812866211,non-clickbait
article_1629,24h,Thể thao,Dàn kiều nữ pickleball làm nóng sân thi đấu: Nhan sắc và tài năng đều tỏa sáng,non-clickbait,3,0.9251623749732971,clickbait
article_0121,VietNamNet,Chính trị & An ninh,Ông Nguyễn Văn Bá làm Tổng Biên tập Báo VietNamNet thuộc Bộ Dân tộc và Tôn giáo,non-clickbait,4,0.028409063816070557,non-clickbait
article_2290,Thanh Niên,Văn hóa & Nghệ thuật,Bắn pháo hoa chào mừng sự kiện hợp nhất Cà Mau - Bạc Liêu,non-clickbait,2,0.026006782427430153,non-clickbait
article_0091,Thanh Niên,Chính trị & An ninh,"Bỏ cấp huyện, chính quyền 2 cấp vận hành từ 1.7",non-clickbait,3,0.019215846434235573,non-clickbait
article_2323,Thanh Niên,Other,Tiểu thuyết đầu tay của tác giả 'Không gia đình' ra mắt bản dịch mới,clickbait,0,0.11177334934473038,non-clickbait
article_3127,Thanh Niên,Other,Xsolla Connect lần đầu tiên tại Việt Nam: Mở ra cơ hội hợp tác toàn cầu,non-clickbait,2,0.021287351846694946,non-clickbait
article_3083,Tuổi Trẻ,Other,Bất động sản Tây Hà Nội: Giá trị nằm ở 'kiến trúc sống' và hạ tầng,non-clickbait,2,0.7205649614334106,clickbait
article_0996,SaoStar,Giải trí & Showbiz,Muôn vàn cảm xúc của 'phe vé' trước cổng concert có G-Dragon,non-clickbait,4,0.839799702167511,clickbait
article_3696,24h,Sức khỏe & Đời sống,11 thói quen hàng ngày âm thầm làm tăng huyết áp,clickbait,4,0.8971559405326843,clickbait
article_1914,24h,Thể thao,"Mã Minh Cẩm đấu tứ kết giải bi-a đua 1,9 tỷ đồng: 5 set kịch tính",non-clickbait,4,0.048496004194021225,non-clickbait
article_0763,Báo Mới,Tin tức tổng hợp,"Nhận diện và đấu tranh phản bác quan điểm sai trái, bảo vệ nền tảng tư tưởng của Đảng (bài 2)",non-clickbait,4,0.06928941607475281,non-clickbait
article_2653,SaoStar,Công nghệ & Khoa học,Đẳng cấp chịu chi cỡ Phong Thần VNG: Tung TVC với bộ ba đại sứ triệu view SOOBIN - Tiến Linh - Jun Vũ,non-clickbait,0,0.8970206379890442,clickbait
article_0077,Thanh Niên,Other,"Kế hoạch hành động chiến lược triển khai Nghị quyết 57: Tổng thể, thống nhất và đồng bộ",non-clickbait,2,0.018617801368236542,non-clickbait
article_2347,VietNamNet,Công nghệ & Khoa học,"Mỹ phóng tên lửa Tomahawk công nghệ cao, cơ sở hạt nhân Iran tan tành trong đêm",non-clickbait,4,0.09268777817487717,non-clickbait
article_1286,SaoStar,Giải trí & Showbiz,"Không có Bạch Lộc và Vu Chính, Lâm Giang Tiên đã flop trong im lặng",non-clickbait,0,0.9050709009170532,clickbait
article_0728,SaoStar,Quốc tế,Chủ nhà sửng sốt phát hiện con thằn lằn khổng lồ đang phân hủy dưới sàn nhà,clickbait,1,0.8926093578338623,clickbait
article_2225,VnExpress,Other,"Phải bồi thường 2,2 triệu USD vì đăng video khám tử thi lên mạng",non-clickbait,3,0.04755840077996254,non-clickbait
article_1454,Thanh Niên,Sức khỏe & Đời sống,"Không phải là nguyên nhân gây ung thư, đậu nành có 4 dưỡng chất quan trọng chống tế bào K",clickbait,4,0.8088988661766052,clickbait
article_1381,VnExpress,Other,"Phát hiện nhóm máu mới, chỉ một người sở hữu",clickbait,4,0.9092645049095154,clickbait
article_3139,VietNamNet,Other,"Giá nhà ở xã hội ngày càng tăng, vì sao nhảy vọt lên gần 30 triệu đồng/m2?",clickbait,4,0.8654516339302063,clickbait
article_2354,VietNamNet,Công nghệ & Khoa học,Hãy kể những câu chuyện hay lay động lòng người,non-clickbait,1,0.2925953269004822,non-clickbait
article_3438,24h,Xe & Vận tải,10 mẹo đi du lịch bằng siêu mô tô vào mùa hè,clickbait,3,0.3892562985420227,non-clickbait
article_0096,Thanh Niên,Other,Chủ tịch nước thăng cấp bậc hàm thượng tướng cho 3 thứ trưởng Bộ Công an,non-clickbait,1,0.044100914150476456,non-clickbait
article_0683,VietNamNet,Kinh doanh & Kinh tế,Lãi suất ngân hàng và cách tính lãi suất,non-clickbait,2,0.9144436717033386,clickbait
article_2001,VnExpress,Other,'Đặng Thùy Trâm và cuốn nhật ký thứ ba' (kỳ 3): Nhớ chị Thùy,non-clickbait,1,0.3647492825984955,non-clickbait
article_0416,VietNamNet,Tin tức tổng hợp,Ô tô 7 chỗ mất lái lao khỏi cao tốc Phan Thiết - Dầu Giây,non-clickbait,1,0.057918086647987366,non-clickbait
article_1609,24h,Thể thao,Lịch thi đấu bóng đá CLB PSG mới nhất,non-clickbait,1,0.12683923542499542,non-clickbait
article_3320,VnExpress,Other,Tàu Thống Nhất đứng đầu danh sách tuyến tàu hỏa đẹp nhất hành tinh,non-clickbait,1,0.1391037553548813,non-clickbait
article_1000,SaoStar,Giải trí & Showbiz,"Nam ca sĩ bị cấm sóng, toàn bộ show diễn bị hủy đến hết năm",clickbait,2,0.9048188328742981,clickbait
article_1402,VnExpress,Other,Thu hồi lô thuốc kháng viêm không đạt chất lượng,non-clickbait,2,0.029844803735613823,non-clickbait
article_0586,VnExpress,Kinh doanh & Kinh tế,Công nghệ của Vinamilk được nhận xét đột phá tại hội nghị sữa toàn cầu,non-clickbait,0,0.04248320683836937,non-clickbait
article_1955,Báo Mới,Thể thao,"Bayern Munich tung chiêu, quyết vượt Barca ký Nico Williams",clickbait,1,0.44947946071624756,non-clickbait
article_2571,Thanh Niên,Giải trí & Showbiz,Dàn thí sinh Hoa hậu Hoàn vũ Việt Nam 2025 khuấy đảo sàn diễn bikini,non-clickbait,0,0.35703492164611816,non-clickbait
article_0422,Kênh14,Thể thao,"Thương Đoàn Văn Hậu quá, rất may đã có Doãn Hải My đây rồi!",clickbait,0,0.7801604270935059,clickbait
article_1962,VnExpress,Other,Trương Bá Chi chúc sinh nhật Châu Tinh Trì,non-clickbait,0,0.6980207562446594,clickbait
article_1417,VnExpress,Other,Uống cà phê thế nào để răng không ố vàng,non-clickbait,0,0.6355618238449097,clickbait
article_0916,Thanh Niên,Other,"Một phiên livestream, CEO Nguyễn Quốc Cường bán 517 căn hộ",non-clickbait,4,0.08570927381515503,non-clickbait
article_3100,Thanh Niên,Other,Samsung sẽ mang đến ưu đãi đặc biệt cho Galaxy Z7 Series,non-clickbait,4,0.04244350269436836,non-clickbait
article_0224,Báo Mới,Thể thao,Vì sao Leicester City chưa sa thải Van Nistelrooy,clickbait,4,0.6808255314826965,clickbait
article_1489,Thanh Niên,Other,Top 5 kem trị mụn giá học sinh mà chất lượng quốc tế,clickbait,0,0.9547740817070007,clickbait
article_3227,24h,Giải trí & Showbiz,"Tình trạng pass vé hỗn loạn show G-Dragon: Giảm 70% không ai mua, mã QR bị trộm, khán giả hãy cảnh giác với vé giả!",clickbait,3,0.8138309121131897,clickbait
article_3123,Thanh Niên,Other,"Nvidia 'làm trùm' thị trường card đồ họa, AMD và Intel hụt hơi bám đuổi",clickbait,4,0.9467446208000183,clickbait
article_0787,Báo Mới,Other,Chủ động ứng phó thiên tai trong thời gian tổ chức Kỳ thi tốt nghiệp THPT,non-clickbait,1,0.02895316481590271,non-clickbait
article_1367,Báo Mới,Kinh doanh & Kinh tế,Cử tri Phú Xuyên kiến nghị về hạ tầng giao thông,non-clickbait,0,0.02498779445886612,non-clickbait
article_0368,Thanh Niên,Tin tức tổng hợp,8 tỉnh ủy viên được Nam Định đề xuất làm lãnh đạo cấp xã,non-clickbait,1,0.043691057711839676,non-clickbait
article_1483,Thanh Niên,Sức khỏe & Đời sống,"Tiên phong chuyển đổi số, hướng đến mô hình bệnh viện thông minh",non-clickbait,3,0.01630876585841179,non-clickbait
article_0264,Báo Mới,Thể thao,Bảng xếp hạng Bundesliga 2024/2025 mới nhất,non-clickbait,1,0.07290027290582657,non-clickbait
article_0028,VnExpress,Tin tức tổng hợp,Các tòa soạn thích ứng thế nào với sáp nhập bộ máy?,non-clickbait,3,0.03963884338736534,non-clickbait
article_3267,Báo Mới,Other,Mất con do bị tắc nghẽn dòng máu từ gan về tim,non-clickbait,0,0.10008423030376434,non-clickbait
article_1213,Thanh Niên,Sức khỏe & Đời sống,Tin tức đặc biệt trên báo in Thanh Niên 23.6.2025,non-clickbait,2,0.17575016617774963,non-clickbait
article_3551,VietNamNet,Other,Bạn đọc giúp đỡ em Trần Thanh Thảo bị u nguyên bào thần kinh hơn 43 triệu đồng,non-clickbait,3,0.01740904338657856,non-clickbait
article_2429,Báo Mới,Chính trị & An ninh,Công an Hà Nội khởi tố Tiktoker Vũ Hồng Phúc 'Cún Bông',non-clickbait,3,0.038610927760601044,non-clickbait
article_3614,Báo Mới,Other,"24 thủ tục hành chính được sửa đổi, bổ sung trong hoạt động xây dựng",non-clickbait,0,0.033716537058353424,non-clickbait
article_1673,Báo Mới,Other,Chuyên Sư phạm lấy điểm chuẩn cao nhất 21,non-clickbait,2,0.023375313729047775,non-clickbait
article_0246,Báo Mới,Thể thao,Chuyển nhượng Ngoại Hạng Anh - Premier League mới nhất,non-clickbait,4,0.047030385583639145,non-clickbait
article_2919,SaoStar,Du lịch & Ẩm thực,Lào Cai - Điểm đến cho tín đồ du lịch chậm hè 2025,non-clickbait,2,0.12565429508686066,non-clickbait
article_0641,Thanh Niên,Quốc tế,Ảnh vệ tinh tại căn cứ hạt nhân Iran trước và sau vụ tấn công,non-clickbait,3,0.025516601279377937,non-clickbait
article_0612,Tuổi Trẻ,Chính trị & An ninh,Viện kiểm sát: Việc xin án treo hoặc bằng thời gian tạm giam với vụ án ông Trịnh Văn Quyết là vô lý,non-clickbait,3,0.02658182755112648,non-clickbait
article_1940,Báo Mới,Thể thao,"Barcelona thông tin về vụ chuyển nhượng 3 ngôi sao, có De Jong",non-clickbait,4,0.0967484563589096,non-clickbait
article_1517,VietNamNet,Quốc tế,Khoảnh khắc Mỹ ném bom cơ sở hạt nhân Fordow của Iran,non-clickbait,4,0.050470851361751556,non-clickbait
article_1474,Thanh Niên,Sức khỏe & Đời sống,Cảnh báo lạm dụng 'trục hàn' để chữa bệnh,clickbait,4,0.703218400478363,clickbait
article_2715,Báo Mới,Other,Tin công nghệ 23-6: 3 mẫu điện thoại siêu sang và bảo mật,non-clickbait,4,0.5971381068229675,clickbait
article_2778,VnExpress,Other,Cơn ác mộng 'ngày làm việc bất tận' của dân công sở,clickbait,2,0.973869264125824,clickbait
article_3313,VnExpress,Other,"Trung Quốc hút khách bằng trải nghiệm nhập vai công chúa, hoàng tử",clickbait,1,0.4989471435546875,non-clickbait
article_3784,24h,Giáo dục & Học đường,Hơn 63.000 bài thi lớp 10 TPHCM năm 2025 có điểm dưới điểm trung bình,non-clickbait,4,0.04320403188467026,non-clickbait
article_1222,Thanh Niên,Sức khỏe & Đời sống,Nhà đẹp từ khoảng trống: Kiến trúc sư chỉ bí quyết để không gian thoáng mát,clickbait,1,0.8748277425765991,clickbait
article_0471,24h,Quốc tế,Cảnh báo mới của ông Trump với Iran,non-clickbait,0,0.5558872818946838,clickbait
article_1332,Báo Mới,Other,Những yếu tố nào chi phối thị trường dầu khí thế giới tuần qua?,clickbait,4,0.5867892503738403,clickbait
article_1230,Thanh Niên,Other,Bình giữ nhiệt đựng nước trái cây: Chuyên gia cảnh báo sai lầm nguy hiểm,clickbait,1,0.9533619284629822,clickbait
article_1736,VnExpress,Thể thao,CĐV săn đón Nguyễn Xuân Son trong ngày Nam Định đăng quang,non-clickbait,1,0.21958844363689423,non-clickbait
article_1606,24h,Thể thao,"France Football muốn trao ""Siêu bóng vàng"": Ronaldo hay Messi xứng đáng đoạt giải?",clickbait,4,0.904902994632721,clickbait
article_2924,SaoStar,Du lịch & Ẩm thực,Tour Nhật Bản Tối Ưu: Trải Nghiệm Du Lịch chất lượng Cùng J Travel,non-clickbait,3,0.1798904538154602,non-clickbait
article_3351,Tuổi Trẻ,Other,"Phát hiện nhóm máu mới, cả thế giới chỉ một người có",clickbait,2,0.9709919095039368,clickbait
article_2669,SaoStar,Công nghệ & Khoa học,Google hợp nhất tên miền: Chiến lược SEO nội địa bước vào giai đoạn mới,non-clickbait,4,0.06153673306107521,non-clickbait
article_2527,VnExpress,Other,Đâu là tờ báo cách mạng đầu tiên của Việt Nam?,clickbait,2,0.7446563243865967,clickbait
article_3302,VnExpress,Other,Quán bún bò 'không chuẩn vị Huế' hút khách ở phố cổ Hà Nội,clickbait,3,0.9352874159812927,clickbait
article_0841,VnExpress,Công nghệ & Khoa học,Trump T1 Phone có thiết kế giống smartphone nào?,non-clickbait,1,0.7794057726860046,clickbait
article_3435,24h,Xe & Vận tải,"Giá xe ga Honda Vario 125 cuối tháng 6/2025, ưu đãi tiền triệu",non-clickbait,0,0.0475141815841198,non-clickbait
article_0388,VietNamNet,Tin tức tổng hợp,Danh tính người thuê đổ bỏ nghìn chai nước mắm đã hết hạn,non-clickbait,1,0.26578518748283386,non-clickbait
article_0009,VnExpress,Tin tức tổng hợp,Ba du khách lạc trên núi Hoàng Ngưu Sơn,non-clickbait,3,0.018475593999028206,non-clickbait
article_3626,Báo Mới,Other,Danh sách 75 xã ở Hà Nội,non-clickbait,4,0.030214589089155197,non-clickbait
article_3165,24h,Giải trí & Showbiz,Đình Tú - Ngọc Huyền khoe giấy đăng ký kết hôn,non-clickbait,2,0.11869119852781296,non-clickbait
article_1391,VnExpress,Other,5 loại trà hỗ trợ giảm mỡ nội tạng,non-clickbait,3,0.6851073503494263,clickbait
article_3620,Báo Mới,Other,"Đảm bảo công tác bàn giao, lưu trữ tài liệu, cơ sở dữ liệu",non-clickbait,2,0.01796896755695343,non-clickbait
article_1162,VnExpress,Other,Sắp đấu thầu lại dự án khu đô thị 'đắp chiếu' gần chục năm ở TP Quy Nhơn,non-clickbait,2,0.1555909812450409,non-clickbait
article_2855,Thanh Niên,Other,"Đoàn Văn Hậu đến chia vui, không nhận HCĐ cùng CLB CAHN",non-clickbait,2,0.059701740741729736,non-clickbait
article_2879,Thanh Niên,Other,Cầu thủ nhí hào hứng khi luyện tập với cựu trung vệ người Đức,non-clickbait,2,0.043002646416425705,non-clickbait
article_3114,Thanh Niên,Other,Adobe ra mắt ứng dụng miễn phí biến iPhone thành DSLR,non-clickbait,1,0.3647492825984955,non-clickbait
article_2014,Tuổi Trẻ,Văn hóa & Nghệ thuật,"Báo Tuổi Trẻ giành ba giải báo chí quốc gia, giải A cho phóng sự ảnh xúc động về Làng Nủ",non-clickbait,4,0.03358950465917587,non-clickbait
article_2552,Tuổi Trẻ,Thể thao,Kung fu Thiếu Lâm Tự có thực sự ‘đập vàng phá đá’?,clickbait,3,0.9736195802688599,clickbait
article_0574,VnExpress,Kinh doanh & Kinh tế,Phó thủ tướng yêu cầu Đà Nẵng chuẩn bị sẵn sàng cho Trung tâm tài chính quốc tế,non-clickbait,4,0.02505926974117756,non-clickbait
article_2180,Báo Mới,Other,Sun PhuQuoc Airways ra mắt logo nhận diện thương hiệu: Bản sắc Việt vươn tầm quốc tế,non-clickbait,2,0.022977370768785477,non-clickbait
article_3625,Báo Mới,Other,Có nên kỳ vọng vào lợi nhuận cho thuê căn hộ nghỉ dưỡng?,non-clickbait,0,0.9023517370223999,clickbait
article_0379,Thanh Niên,Tin tức tổng hợp,Trường đua Phú Thọ gần 100 năm sắp mở đường: Nài ngựa tiếc nuối thời vàng son,non-clickbait,0,0.6793914437294006,clickbait
article_1482,Thanh Niên,Sức khỏe & Đời sống,"Nâng cấp, đưa vào hoạt động Trung tâm Nhãn khoa mới",non-clickbait,3,0.01897803694009781,non-clickbait
article_1333,Báo Mới,Kinh doanh & Kinh tế,Phát huy hiệu quả nguồn Quỹ Hỗ trợ nông dân,non-clickbait,4,0.04822634533047676,non-clickbait
article_3195,24h,Giải trí & Showbiz,Tú Dưa: 'Tôi hạnh phúc khi con gái nối nghiệp',non-clickbait,1,0.7484442591667175,clickbait
article_0754,24h,Chính trị & An ninh,Gã thanh niên đồi bại xâm hại bé gái 12 tuổi qua mạng xã hội,non-clickbait,0,0.20102782547473907,non-clickbait
article_2538,Tuổi Trẻ,Thể thao,CLB Đà Nẵng vẫn phải đá play-off trên sân Thống Nhất,non-clickbait,3,0.016246216371655464,non-clickbait
article_2192,Báo Mới,Giải trí & Showbiz,Ca sĩ Hồng Nhung lạc quan trải lòng về biến cố sức khỏe,non-clickbait,0,0.818881630897522,clickbait
article_0898,Thanh Niên,Kinh doanh & Kinh tế,Khởi công tổ hợp dự án thép xanh gần 100.000 tỉ ở Nam Định,non-clickbait,0,0.027690257877111435,non-clickbait
article_0081,Thanh Niên,Chính trị & An ninh,Chủ tịch nước: Hoàn thiện cơ chế để người làm báo sống được bằng nghề,non-clickbait,0,0.029844803735613823,non-clickbait
article_3445,24h,Xe & Vận tải,"Kawasaki Z400RS ""hâm nóng"" thị trường với loạt thông tin bất ngờ!",clickbait,4,0.9325147271156311,clickbait
article_3331,VnExpress,Other,40.000 du khách đang bị mắc kẹt ở Israel,non-clickbait,0,0.10150033980607986,non-clickbait
article_1345,Báo Mới,Other,Nhìn lại thị trường chứng khoán toàn cầu nửa đầu năm 2025,non-clickbait,1,0.06810236722230911,non-clickbait
article_0203,24h,Tin tức tổng hợp,"Phá đường dây sản xuất, buôn bán nước hoa giả quy mô lớn ở TPHCM",non-clickbait,3,0.04153996706008911,non-clickbait
article_3316,VnExpress,Other,Cụ ông lái ôtô lao xuống bậc thang 300 tuổi nổi tiếng tại Rome,non-clickbait,3,0.6160122752189636,clickbait
article_1191,Thanh Niên,Other,Tấm biển báo hỷ độc lạ của chủ tiệm bánh,clickbait,4,0.9222025275230408,clickbait
article_1059,Báo Mới,Văn hóa & Nghệ thuật,Phát huy tiềm năng du lịch sinh thái làng nghề Bát Tràng,non-clickbait,2,0.02615562081336975,non-clickbait
article_1334,Báo Mới,Other,Các nước đổ xô mua vàng sau khi Mỹ không kích Iran,non-clickbait,3,0.42817360162734985,non-clickbait
article_2827,Thanh Niên,Other,"Chân trời mới nào chờ các ngôi sao HAGL, có viên mãn như Tuấn Anh, Văn Toàn?",clickbait,2,0.9650202989578247,clickbait
article_2767,VnExpress,Other,Những hạn chế của máy rửa bát,non-clickbait,4,0.2932526469230652,non-clickbait
article_2610,Thanh Niên,Chính trị & An ninh,Phim,clickbait,3,0.720712423324585,clickbait
article_0186,24h,Tin tức tổng hợp,Bình gas mini phát nổ khiến 8 người gặp nạn khi đang ăn giỗ,non-clickbait,0,0.12100895494222641,non-clickbait
article_2198,Báo Mới,Giải trí & Showbiz,"Hậu ồn ào nghỉ chơi, bộ ba TikToker Meichan, Hà Còi và Harry hiện giờ ra sao?",clickbait,3,0.9732407331466675,clickbait
article_1692,Báo Mới,Giáo dục & Học đường,An Giang tăng cường hoạt động Hội đồng cốt cán chuyên môn cấp Trung học,non-clickbait,1,0.03750273957848549,non-clickbait
article_3779,24h,Du lịch & Ẩm thực,"Cát Bà thêm điểm check-in mới ""tranh vẽ cô gái bí ẩn”",clickbait,4,0.8594279289245605,clickbait
article_1667,Báo Mới,Giáo dục & Học đường,Kiểm tra việc vận hành thử mô hình chính quyền địa phương 2 cấp ở Khánh Hòa,non-clickbait,4,0.024727409705519676,non-clickbait
article_2847,Thanh Niên,Other,Đà Nẵng và Bình Phước đấu play-off tranh vé V-League: Công Phượng so tài Bùi Tiến Dũng khi nào?,non-clickbait,3,0.9202179908752441,clickbait
article_2547,Tuổi Trẻ,Other,"Lan tỏa thông điệp ‘Năng lượng vui khỏe, tinh thần siêu phàm’",non-clickbait,1,0.2135411649942398,non-clickbait
article_2340,VietNamNet,Công nghệ & Khoa học,Vũ khí siêu nhỏ gần như tàng hình của Trung Quốc thách thức Mỹ,clickbait,4,0.684211254119873,clickbait
article_0027,VnExpress,Tin tức tổng hợp,Nhiều khu dân cư ở Thái Nguyên ngập hơn một mét,non-clickbait,4,0.07828931510448456,non-clickbait
article_2046,Thanh Niên,Other,"Biểu trưng mặt trời, logo của Sun PhuQuoc Airways có ý nghĩa gì?",clickbait,0,0.7373000979423523,clickbait
article_0894,Thanh Niên,Other,Gã 'gàn' làm giàu trên núi Lõng Ông Văn,clickbait,2,0.8362873792648315,clickbait
article_0328,Tuổi Trẻ,Quốc tế,Nguy cơ Mỹ sa lầy ở Trung Đông,non-clickbait,3,0.7424216866493225,clickbait
article_2446,Báo Mới,Chính trị & An ninh,Công an Hà Nội điều tra làm rõ vụ án 'Vi phạm quy định về kế toán gây hậu quả nghiêm trọng',non-clickbait,0,0.04111437126994133,non-clickbait
article_1353,Báo Mới,Kinh doanh & Kinh tế,Ôtô nhập khẩu từ Indonesia tăng hơn 56%,non-clickbait,2,0.018797073513269424,non-clickbait
article_2054,Thanh Niên,Du lịch & Ẩm thực,Du lịch Quảng Bình- Đến để yêu!,non-clickbait,3,0.16006900370121002,non-clickbait
article_2931,SaoStar,Du lịch & Ẩm thực,Trải nghiệm Huế hè này: Trầm sâu nhưng đầy dư vị,non-clickbait,1,0.6179882287979126,clickbait
article_2661,SaoStar,Công nghệ & Khoa học,'Tật nịnh hót' kỳ lạ của ChatGPT khiến người dùng khó chịu,clickbait,1,0.9690031409263611,clickbait
article_1023,24h,Kinh doanh & Kinh tế,"Dự án hiếm hoi liền kề 2 nhà ga Metro Bình Dương, Đồng Nai",non-clickbait,2,0.024798160418868065,non-clickbait
article_0054,Tuổi Trẻ,Tin tức tổng hợp,Đề nghị điều chuyển cán bộ cảnh sát giao thông nói dân 'mồm thối',non-clickbait,0,0.6008033752441406,clickbait
article_2800,VnExpress,Other,5 cấm kỵ trong rã đông thực phẩm,clickbait,4,0.8712559342384338,clickbait
article_3212,24h,Giải trí & Showbiz,'Choáng' với kiểu cuồng thần tượng của fan Việt,clickbait,3,0.9806178212165833,clickbait
article_3308,VnExpress,Other,5 khách sạn được tạp chí Mỹ vinh danh 'tốt nhất Việt Nam 2025',non-clickbait,0,0.16066069900989532,non-clickbait
article_0619,Tuổi Trẻ,Chính trị & An ninh,Bắt tạm giam cụ ông 72 tuổi dâm ô nữ sinh 13 tuổi,non-clickbait,2,0.08555635064840317,non-clickbait
article_0578,VnExpress,Kinh doanh & Kinh tế,Kinh tế Israel có khả năng chống chịu chiến sự đến đâu?,non-clickbait,0,0.9209320545196533,clickbait
article_3653,24h,Giải trí & Showbiz,Điều chỉnh Căn cước sau sắp xếp địa giới hành chính,non-clickbait,0,0.03676946461200714,non-clickbait
article_0498,Báo Mới,Quốc tế,Trận đánh rung chuyển lịch sử giữa Hittite và Assyria,non-clickbait,3,0.23213601112365723,non-clickbait
article_0182,24h,Tin tức tổng hợp,Việt Nam lên tiếng trước việc Mỹ tấn công một số cơ sở hạt nhân của Iran,non-clickbait,4,0.05964694544672966,non-clickbait
article_0515,Báo Mới,Quốc tế,"Trung đạo giữa bão giông thù hận, si mê quyền lực",clickbait,3,0.5107290744781494,clickbait
article_1189,Tuổi Trẻ,Công nghệ & Khoa học,"Gửi ảnh xịn nhưng đến nơi thì vỡ nét, hé lộ 'thủ phạm'",clickbait,1,0.9659959077835083,clickbait
article_2289,Thanh Niên,Văn hóa & Nghệ thuật,Dấu ấn tại Tuần lễ văn hóa du lịch ẩm thực Đồng Nai,non-clickbait,3,0.019475214183330536,non-clickbait
article_1804,Thanh Niên,Giáo dục & Học đường,"Trao bằng tốt nghiệp cho sinh viên, hiệu trưởng nói về 'chìa khóa của thành công'",clickbait,1,0.7026830911636353,clickbait
article_0697,Kênh14,Giải trí & Showbiz,"G-Dragon vừa giàu vừa có gu, và fan của anh cũng vậy!",clickbait,1,0.8577085137367249,clickbait
article_3796,24h,Giáo dục & Học đường,Cha mẹ cần làm gì để ‘chống sốc’ nếu con trượt lớp 10?,clickbait,0,0.9484894871711731,clickbait
article_1328,Báo Mới,Other,Giá vàng giảm phiên đầu tuần bất chấp căng thẳng Trung Đông leo thang,non-clickbait,4,0.0810093805193901,non-clickbait
article_1144,VnExpress,Other,"Hạ tầng, khu công nghiệp tạo lực đẩy cho địa ốc Quy Nhơn",non-clickbait,0,0.05707140266895294,non-clickbait
article_1052,Báo Mới,Other,Hồ Ngọc Hà với 5 phút video 'Quảng Bình - Đến để yêu',non-clickbait,2,0.10311470925807953,non-clickbait
article_1535,Kênh14,Other,"Vì sao doanh nghiệp ""Ăn cùng bà Tuyết"" tuyên bố giải thể nhưng kênh TikTok vẫn livestream kinh doanh rầm rộ?",clickbait,0,0.9610249400138855,clickbait
article_3456,24h,Xe & Vận tải,"Clip: Sang đường ẩu không nhìn, xe máy bị ô tô đâm mạnh văng xuống đường",non-clickbait,4,0.6377361416816711,clickbait
article_0717,SaoStar,Quốc tế,Phẫn nộ phụ huynh thuê vũ công múa cột trước cổng trường của con trai,clickbait,0,0.9547319412231445,clickbait
article_0669,VietNamNet,Kinh doanh & Kinh tế,Cư dân khu đô thị ở Hà Nội ‘kêu trời’ phải mua điện giá cao gần 5.300 đồng/kWh,clickbait,1,0.6681228280067444,clickbait
article_2186,Báo Mới,Giải trí & Showbiz,Trang Pháp tiết lộ về tiêu chí quan trọng nhất ở người bạn đời,clickbait,3,0.9668514132499695,clickbait
article_1314,24h,Kinh doanh & Kinh tế,"Nóng nhất trong ngày: Giá vàng miếng chững lại, vàng nhẫn lùi sâu; Cả ngàn chai nước mắm bị vứt bỏ trong bụi rậm",clickbait,0,0.2433725893497467,non-clickbait
article_1928,Báo Mới,Thể thao,CLB Hải Phòng chốt tương lai HLV Chu Đình Nghiêm,non-clickbait,4,0.13477592170238495,non-clickbait
article_0073,Thanh Niên,Chính trị & An ninh,Báo Thanh Niên đoạt giải A Báo chí quốc gia với điều tra Mái ấm Hoa Hồng,non-clickbait,1,0.06791667640209198,non-clickbait
article_3254,Báo Mới,Other,Cách ăn uống tốt nhất giúp ngăn ngừa hình thành sỏi thận,non-clickbait,4,0.8403244614601135,clickbait
article_0076,Thanh Niên,Chính trị & An ninh,Tổng Bí thư trao quyết định tổ chức bộ máy Cơ quan Mặt trận Tổ quốc Việt Nam,non-clickbait,3,0.015189049765467644,non-clickbait
article_3446,24h,Other,"Mùa chuyển cấp: Phụ huynh thở phào với chi phí ""hời"" từ xe điện OSAKAR",clickbait,3,0.9466953873634338,clickbait
article_2896,VietNamNet,Xe & Vận tải,"""Săn"" tiền thưởng kỷ lục mỗi năm nhờ ghi hình vi phạm giao thông",clickbait,0,0.9450961351394653,clickbait
article_1183,Tuổi Trẻ,Công nghệ & Khoa học,App sức khỏe đang ‘theo dõi’ bạn nhiều hơn bạn nghĩ,clickbait,0,0.9448422193527222,clickbait
article_2194,Báo Mới,Giải trí & Showbiz,Lisa (BLACKPINK) bí mật kết hôn cùng bạn trai tỷ phú?,clickbait,0,0.9214990139007568,clickbait
article_3197,24h,Giải trí & Showbiz,"Lộ clip Tiến Luật sượng trân khi bị MC coi thường ngay tại thảm đỏ, netizen bất bình ""vô duyên vừa thôi""",clickbait,2,0.974628746509552,clickbait
article_0524,Báo Mới,Quốc tế,Thượng nghị sĩ Mỹ: Đừng để quá khứ ở Iraq lặp lại ở Iran,non-clickbait,1,0.4755139648914337,non-clickbait
article_1161,VnExpress,Other,Đầu tư kết hợp nghỉ dưỡng tại Bản Mòng Resort & Funfair,non-clickbait,2,0.028843538835644722,non-clickbait
article_2520,VnExpress,Other,Mỹ nối lại phỏng vấn visa cho du học sinh,non-clickbait,2,0.030185984447598457,non-clickbait
article_3088,Tuổi Trẻ,Xe & Vận tải,"Nhà di động rẻ hơn cả Honda Air Blade: Đủ tiện ích cơ bản, phải mua thêm lều ngủ",non-clickbait,2,0.837619960308075,clickbait
article_0590,VnExpress,Kinh doanh & Kinh tế,Phó thủ tướng muốn các tập đoàn Nga mở rộng đầu tư tại Việt Nam,non-clickbait,2,0.015454242005944252,non-clickbait
article_1404,VnExpress,Other,Suy dinh dưỡng khi nằm viện,non-clickbait,2,0.03743230178952217,non-clickbait
article_1057,Báo Mới,Other,Dấu chân người giữ đất,clickbait,3,0.4022747278213501,non-clickbait
article_3249,Báo Mới,Other,Cuộc sống khốn khổ của những người tị nạn châu Phi khi viện trợ USAID bị cắt,non-clickbait,1,0.4464796185493469,non-clickbait
article_0189,24h,Tin tức tổng hợp,"Lũ lên nhanh, Thái Nguyên, Bắc Ninh, Bắc Giang, Hà Nội triển khai công tác hộ đê",non-clickbait,4,0.03314851596951485,non-clickbait
article_0451,SaoStar,Sức khỏe & Đời sống,"9 trường hợp nhận tiền chuyển khoản không phải nộp thuế, nhiều người chưa biết",clickbait,4,0.9178933501243591,clickbait
article_2280,Tuổi Trẻ,Giải trí & Showbiz,Mùa ổi và triết lý 'người tốt là không bình thường',clickbait,3,0.903464674949646,clickbait
article_1644,Báo Mới,Other,Điểm chuẩn lớp 10 ba trường chuyên ở Hà Nội và TP HCM,non-clickbait,1,0.04430721700191498,non-clickbait
article_1226,Thanh Niên,Other,Mặt trời giả xuất hiện ở Việt Nam đúng ngày hạ chí: Báo hiệu điều gì?,clickbait,1,0.9562681317329407,clickbait
article_1264,SaoStar,Giải trí & Showbiz,"Nữ diễn viên hẹn hò với cha nuôi, bị đạo diễn ép đóng cảnh nóng",clickbait,0,0.9573974013328552,clickbait
article_1156,VnExpress,Other,Trung Nam Group đầu tư gần 3.900 tỷ đồng xây khu công nghiệp Cà Ná,non-clickbait,2,0.01808999478816986,non-clickbait
article_2665,SaoStar,Công nghệ & Khoa học,OpenAI tốn hàng chục triệu USD mỗi năm chỉ vì người dùng nói 1 từ lịch sự với ChatGPT,clickbait,2,0.9384632706642151,clickbait
article_1150,VnExpress,Other,DIC Holdings ra mắt thương hiệu mới,non-clickbait,1,0.06828853487968445,non-clickbait
article_2769,VnExpress,Other,Làm sao để hết 'não cá vàng'?,clickbait,3,0.9634031057357788,clickbait
article_2102,VietNamNet,Sức khỏe & Đời sống,Ca phẫu thuật khẩn từ lời nhắn cầu cứu của người phụ nữ xa lạ,non-clickbait,2,0.1071101501584053,non-clickbait
article_2344,VietNamNet,Công nghệ & Khoa học,"Thúc đẩy chuyển đổi số: Nền tảng cho bộ máy mới vận hành thông suốt, hiệu quả",non-clickbait,1,0.04352813959121704,non-clickbait
article_3629,Báo Mới,Other,HĐND huyện Thọ Xuân tổ chức kỳ họp chuyên đề quyết định một số nội dung quan trọng,non-clickbait,1,0.03923192620277405,non-clickbait
article_1302,24h,Kinh doanh & Kinh tế,"Cả làng đua nhau đào đất lấy thứ quen thuộc, giá chục triệu/kg khách vẫn tranh mua",clickbait,2,0.9785287380218506,clickbait
article_2504,VnExpress,Other,Sinh viên 4 ngành của Đại học Quy Nhơn được vay học phí không lãi suất,non-clickbait,0,0.030763033777475357,non-clickbait
article_3368,Thanh Niên,Other,"Thói quen 'phá' xe máy, đa số người Việt làm mỗi ngày",clickbait,0,0.9575565457344055,clickbait
article_1777,Thanh Niên,Giáo dục & Học đường,Thủ tướng yêu cầu đề thi tốt nghiệp THPT có mức độ phân hóa phù hợp,non-clickbait,1,0.036356665194034576,non-clickbait
article_1210,Thanh Niên,Other,"3 quán cà phê vợt lừng danh, lâu đời nhất TP.HCM: Bạn đã ghé chưa?",non-clickbait,4,0.9226915836334229,clickbait
article_3276,Báo Mới,Sức khỏe & Đời sống,"Lái xe đi nghỉ mát, cả gia đình được buổi 'xông hơi' vì điều hòa ô tô giở chứng",non-clickbait,1,0.952397346496582,clickbait
article_2351,VietNamNet,Công nghệ & Khoa học,Sam Altman nói AI cạnh tranh việc làm với cả tiến sĩ,non-clickbait,3,0.12662309408187866,non-clickbait
article_3403,Thanh Niên,Other,Học sinh tự lái xe máy đi học: Rất nguy hiểm nếu không có kỹ năng,non-clickbait,2,0.14829371869564056,non-clickbait
article_3790,24h,Giáo dục & Học đường,"Năm 2025 trường khối quân đội nào xét tuyển tổ hợp C00, điểm chuẩn năm ngoái thế nào?",non-clickbait,3,0.309806227684021,non-clickbait
article_0685,VietNamNet,Kinh doanh & Kinh tế,Nghị định mở đường cho hợp tác công - tư trong phát triển khoa học công nghệ,non-clickbait,4,0.04655127599835396,non-clickbait
article_0620,Tuổi Trẻ,Chính trị & An ninh,Bắt tạm giam một trưởng ấp ở Bà Rịa - Vũng Tàu vì dâm ô với nữ sinh lớp 9,non-clickbait,1,0.06644792854785919,non-clickbait
article_2845,Thanh Niên,Other,"FIFA công bố con số kỷ lục của Club World Cup, hé lộ CĐV may mắn",clickbait,1,0.8168451189994812,clickbait
article_2811,Tuổi Trẻ,Giáo dục & Học đường,"19h ngày 21-6, 'Khám phá trường học' tại Trường cao đẳng Sài Gòn",non-clickbait,0,0.03527754545211792,non-clickbait
article_3153,VietNamNet,Other,"Chi tiết thủ tục làm sổ đỏ lần đầu ở xã không quá 3 ngày làm việc, từ 1/7",non-clickbait,2,0.034358687698841095,non-clickbait
article_2352,VietNamNet,Công nghệ & Khoa học,"Chủ tịch VNG: AI là công cụ tăng hiệu suất, không thay thế con người",non-clickbait,2,0.05942821875214577,non-clickbait
article_1746,VnExpress,Thể thao,Ronaldo từ chối cơ hội dự FIFA Club World Cup,non-clickbait,4,0.08882028609514236,non-clickbait
article_1805,Thanh Niên,Giáo dục & Học đường,Trường ĐH Khoa học tự nhiên TP.HCM: 8 ngành học phí thấp nhất dưới 30 triệu đồng/năm,non-clickbait,4,0.039048291742801666,non-clickbait
article_1677,Báo Mới,Giáo dục & Học đường,"Tôn vinh 100 cá nhân, tập thể đạt danh hiệu thi đua công tác Đoàn- Hội- Đội ở Lạng Sơn",non-clickbait,0,0.025565212592482567,non-clickbait
article_2484,VnExpress,Other,Điểm chuẩn lớp 6 Trần Đại Nghĩa tăng,non-clickbait,3,0.0286798607558012,non-clickbait
article_2508,VnExpress,Other,Mầm non Sakura Montessori ra mắt bộ nhận diện và chương trình học mới,non-clickbait,4,0.03289904072880745,non-clickbait
article_0454,SaoStar,Sức khỏe & Đời sống,Thời tiết TP.HCM và Nam Bộ hôm nay (21/6),non-clickbait,3,0.016657039523124695,non-clickbait
article_3710,24h,Sức khỏe & Đời sống,"2 loại ung thư là 'sát thủ thầm lặng' đối với sức khỏe nam giới, không có triệu chứng ở giai đoạn đầu",clickbait,1,0.9447402954101562,clickbait
article_2209,Báo Mới,Giải trí & Showbiz,Hé lộ căn hộ sang trọng của Tân Hoa hậu Hoàn vũ Việt Nam Phương Linh,clickbait,4,0.4166482985019684,non-clickbait
article_2826,Thanh Niên,Other,Giải cầu lông Mỹ mở rộng: Tay vợt Nguyễn Thùy Linh chạm trán tài năng 16 tuổi,non-clickbait,4,0.045777272433042526,non-clickbait
article_1422,VnExpress,Other,8 thói quen âm thầm hủy hoại thận,non-clickbait,1,0.834339439868927,clickbait
article_2461,Báo Mới,Chính trị & An ninh,"Phân định thẩm quyền, trình tự, thủ tục đăng ký hộ tịch",non-clickbait,1,0.037326883524656296,non-clickbait
article_1574,24h,Thể thao,"MU chiêu mộ thành công hậu vệ Emsden-James mới 16 tuổi, giá chỉ 1 triệu bảng",non-clickbait,0,0.4012771546840668,non-clickbait
article_2673,24h,Other,Người đẹp nổi bật tại Hoa hậu Siêu quốc gia 2025,non-clickbait,3,0.021044565364718437,non-clickbait
article_0928,Thanh Niên,Other,"Ra mắt cửa hàng tài chính theo chuẩn ngân hàng, F88 dự tính điều gì?",clickbait,4,0.8814619183540344,clickbait
article_0576,VnExpress,Kinh doanh & Kinh tế,"Thủ tướng: Thuế thu nhập cá nhân phải thu đúng, khuyến khích phát triển",non-clickbait,2,0.022158870473504066,non-clickbait
article_0354,Thanh Niên,Tin tức tổng hợp,Vụ cưỡng chế đất ở Hưng Yên: Đề nghị điều tra hành vi xâm hại mồ mả,non-clickbait,4,0.05948283150792122,non-clickbait
article_0421,Kênh14,Thể thao,"Angela Phương Trinh gây choáng với cơ lưng như lực sĩ, khoảnh khắc quay mặt lại còn khiến netizen ""muốn xỉu"" hơn",clickbait,1,0.9642541408538818,clickbait
article_2952,24h,Other,"Nhan sắc ""thời gian bỏ quên” của diễn viên Ngọc Huyền",clickbait,2,0.9571177959442139,clickbait
article_1100,Báo Mới,Other,"Hải sản kỳ dị ở Thanh Hóa ăn giòn như bào ngư, bắt vài tiếng được cả cân",clickbait,1,0.9198587536811829,clickbait
article_0406,VietNamNet,Tin tức tổng hợp,Cận cảnh mỏ khoáng sản ở Ninh Bình bị Cục Địa chất & Khoáng sản 'tuýt còi',non-clickbait,4,0.2729925513267517,non-clickbait
article_0161,SaoStar,Giải trí & Showbiz,Nữ người mẫu được cầu hôn sau 5 năm yêu bạn trai mắc ung thư,non-clickbait,1,0.7758596539497375,clickbait
article_3244,Báo Mới,Sức khỏe & Đời sống,"XSMB 23/6, trực tiếp kết quả xổ số miền Bắc hôm nay 23/6/2025",non-clickbait,4,0.047337718307971954,non-clickbait
article_1890,SaoStar,Sức khỏe & Đời sống,"Muốn ngừa tăng huyết áp, đột quỵ và nhồi máu cơ tim, hãy bỏ ngay 2 thói quen này",clickbait,1,0.9509603977203369,clickbait
article_0662,VietNamNet,Kinh doanh & Kinh tế,Một đơn vị hải quan mới quản lý sân bay Tân Sơn Nhất và Long Thành,non-clickbait,4,0.034423548728227615,non-clickbait
article_3603,Báo Mới,Other,TP. Hồ Chí Minh đặt mục tiêu hoàn thành cải tạo hơn 500 chung cư cũ trong 10 năm,non-clickbait,3,0.016277460381388664,non-clickbait
article_2163,24h,Công nghệ & Khoa học,Vietnam GameVerse 2025: Cột mốc bùng nổ của ngành game Việt,clickbait,2,0.01973801478743553,non-clickbait
article_0281,VnExpress,Quốc tế,Ông Netanyahu cầu nguyện cho ông Trump ở Bức tường Than khóc,non-clickbait,2,0.05921025201678276,non-clickbait
article_3214,24h,Giải trí & Showbiz,BTC concert Anh trai vượt ngàn chông gai xin lỗi,clickbait,2,0.11721799522638321,non-clickbait
article_0529,Báo Mới,Quốc tế,Vũ khí tàng hình Mỹ xuyên phá lòng đất Iran?,clickbait,4,0.7512834072113037,clickbait
article_0433,SaoStar,Sức khỏe & Đời sống,Phát hiện bộ xương người trong bồn chứa nước ở Đồng Nai,non-clickbait,4,0.3705669939517975,non-clickbait
article_1007,24h,Kinh doanh & Kinh tế,Loạt bất động sản trị giá hàng trăm triệu đô của công chúa nhạc pop Taylor Swift,clickbait,3,0.9374402165412903,clickbait
article_2275,Tuổi Trẻ,Giải trí & Showbiz,"Dưới đáy hồ và John Wick ra rạp, cạnh tranh với Doraemon",non-clickbait,0,0.20177391171455383,non-clickbait
article_2687,24h,Other,Lọ Lem như tiểu thư quý tộc ở Paris với set đồ hơn 200 triệu đồng,clickbait,3,0.9458011984825134,clickbait
article_0613,Tuổi Trẻ,Chính trị & An ninh,Ly rượu đầy mà nghĩa tình lại cạn,non-clickbait,3,0.6600902080535889,clickbait
article_1684,Báo Mới,Giáo dục & Học đường,Đồng chí Phó Bí thư Thường trực Tỉnh ủy Đinh Thị Lụa kiểm tra công tác chuẩn bị Kỳ thi tốt nghiệp THPT năm 2025,non-clickbait,3,0.011485951952636242,non-clickbait
article_0256,Báo Mới,Thể thao,Bảng xếp hạng Serie A 2025/2026 mới nhất,non-clickbait,1,0.07068779319524765,non-clickbait
article_1837,VietNamNet,Sức khỏe & Đời sống,"Nghỉ việc lương cao để ở nhà chăm con, 'bố bỉm sữa' bị viêm khớp, trầm cảm",non-clickbait,3,0.9662516117095947,clickbait
article_2630,VietNamNet,Chính trị & An ninh,"Kế toán trưởng Ủy ban mặt trận Gia Lai tham ô hơn 4,1 tỷ để sửa nhà, mua đất",non-clickbait,4,0.042009055614471436,non-clickbait
article_2278,Tuổi Trẻ,Giải trí & Showbiz,'Brokeback Mountain' vượt lên sự kỳ thị đồng tính để trở thành kiệt tác,clickbait,2,0.7318258285522461,clickbait
article_0711,SaoStar,Quốc tế,"Quả cầu khổng lồ rơi từ trên trời xuống khu phố, người dân hoang mang",clickbait,0,0.9527502655982971,clickbait
article_3507,Báo Mới,Xe & Vận tải,"Bentley Bentayga Speed 2025 mở đặt hàng tại Malaysia, giá hơn 17 tỷ đồng",non-clickbait,1,0.047735653817653656,non-clickbait
article_3329,VnExpress,Other,Ngày hội du lịch kết hợp chạy bộ của các gia đình tại Quy Nhơn,non-clickbait,3,0.017176710069179535,non-clickbait
article_0044,VnExpress,Tin tức tổng hợp,Hiện trạng khu đất 150 ha ở Thủ Thiêm sẽ làm công viên sinh thái,non-clickbait,2,0.0443899892270565,non-clickbait
article_1641,Báo Mới,Giáo dục & Học đường,"Từ năm 2027, bác sĩ phải qua kỳ thi đánh giá năng lực hành nghề khám chữa bệnh",non-clickbait,4,0.03439110517501831,non-clickbait
article_1794,Thanh Niên,Giáo dục & Học đường,"Điểm thi lớp 10 của TP.HCM: Môn ngữ văn có 2 thí sinh đạt 9,5 điểm",non-clickbait,4,0.039750516414642334,non-clickbait
article_0150,SaoStar,Giải trí & Showbiz,Midu lần đầu tiết lộ bí mật liên quan đến chồng thiếu gia,clickbait,0,0.943295419216156,clickbait
article_1983,VnExpress,Other,Loạt tranh gợi hoài niệm về một thời đọc báo giấy,non-clickbait,1,0.17314834892749786,non-clickbait
article_0972,Kênh14,Giải trí & Showbiz,"10 lần phim Việt chọn sai nữ chính: Lan Ngọc quá lố, Nhã Phương tẻ nhạt thôi rồi",clickbait,2,0.978405237197876,clickbait
article_2816,Tuổi Trẻ,Giáo dục & Học đường,Giáo sư Nhật Bản trích 1 tỉ đồng tiền thưởng tặng sinh viên Việt Nam,non-clickbait,0,0.044514428824186325,non-clickbait
article_2138,24h,Công nghệ & Khoa học,"Chế độ ẩn danh của Chrome không hề ""ẩn danh"" như bạn nghĩ, đây là sự thật",clickbait,1,0.9560223817825317,clickbait
article_2509,VnExpress,Other,Tỉnh nào có đường bờ biển dài nhất sau sáp nhập?,clickbait,1,0.8993868231773376,clickbait
article_3020,VnExpress,Other,Người đi xe máy bay qua đầu ôtô sau cú đâm mạnh,non-clickbait,4,0.174480602145195,non-clickbait
article_1577,24h,Thể thao,"Video bóng Real Madrid - Pachuca: 10 đấu 11, dàn sao tỏa sáng (FIFA Club World Cup)",non-clickbait,1,0.21992333233356476,non-clickbait
article_1211,Thanh Niên,Sức khỏe & Đời sống,Đảm bảo cấp điện ổn định cho kỳ thi tốt nghiệp THPT Quốc gia,non-clickbait,4,0.026105916127562523,non-clickbait
article_3596,Báo Mới,Other,Kon Tum chấp thuận chủ đầu tư mới cho dự án FLC Legacy,non-clickbait,4,0.02898062951862812,non-clickbait
article_2007,VnExpress,Other,Phim kinh dị '28 Years Later' nhận phản hồi tốt,non-clickbait,4,0.30399003624916077,non-clickbait
article_1458,Thanh Niên,Sức khỏe & Đời sống,Những sai lầm khi tắm không phải ai cũng biết,clickbait,0,0.9474782943725586,clickbait
article_1933,Báo Mới,Thể thao,"Tiến Linh lập một loạt cột mốc, đi vào lịch sử V-League",non-clickbait,3,0.592961311340332,clickbait
article_0039,VnExpress,Tin tức tổng hợp,130 gian trưng bày tại Hội Báo toàn quốc 2025,non-clickbait,2,0.01784873753786087,non-clickbait
article_3372,Thanh Niên,Other,"Crossover cỡ trung: Đại lý 'cắn răng' chịu lỗ, Ford Territory lần đầu vượt Mazda CX-5",clickbait,2,0.16885696351528168,non-clickbait
article_3110,Thanh Niên,Other,Chung tay lập liên minh AI đầu tiên của Việt Nam,non-clickbait,1,0.07416429370641708,non-clickbait
article_0649,Thanh Niên,Other,"Iran vẫn cung cấp dầu đều đặn, Israel nối lại xuất khẩu khí đốt",non-clickbait,2,0.03764399513602257,non-clickbait
article_1729,VnExpress,Thể thao,Alcaraz giành danh hiệu ATP Tour thứ 21,non-clickbait,3,0.019419347867369652,non-clickbait
article_0695,Kênh14,Giải trí & Showbiz,"Phải đến khi “anh Long” sang Việt Nam, nhiều người mới gật gù: Sơn Tùng quá giống G-Dragon!",clickbait,0,0.9521309733390808,clickbait
article_2796,VnExpress,Other,Mẹ bầu tìm cách phòng cúm,non-clickbait,0,0.5845380425453186,clickbait
article_0959,VietNamNet,Thể thao,"Tin tức về chuyển nhượng 22/6: Osimhen muốn về MU, Liverpool lấy Guehi",non-clickbait,3,0.025589553639292717,non-clickbait
article_0475,24h,Quốc tế,IRGC cảnh báo Mỹ 'sẽ không thoát được',clickbait,3,0.5897458791732788,clickbait
article_1943,Báo Mới,Thể thao,200 người tham gia chạy cùng người khuyết tật,non-clickbait,0,0.028167473152279854,non-clickbait
article_3493,Báo Mới,Xe & Vận tải,"Phú Yên sắp đấu giá 64 lô đất, khởi điểm gần 16 triệu/m2",non-clickbait,4,0.0446808747947216,non-clickbait
article_3310,VnExpress,Other,48 giờ đạp xe lang thang Thượng Hải,non-clickbait,2,0.16371268033981323,non-clickbait
article_0065,Tuổi Trẻ,Other,Nhà báo chiến trường - ngòi bút giữa đạn bom - Kỳ 5: 'Nếu tôi hy sinh xin gửi cuốn phim về tòa soạn',non-clickbait,1,0.4495134651660919,non-clickbait
article_1157,VnExpress,Other,Tiện ích của khu biệt lập The Privé,non-clickbait,4,0.0586685985326767,non-clickbait
article_1771,Tuổi Trẻ,Other,Chọn vali du lịch chuẩn Ý cùng KOS Shop,non-clickbait,0,0.24535614252090454,non-clickbait
article_2793,VnExpress,Other,Nguy hại từ trò 'ăn thùng uống vại' để câu view,clickbait,0,0.9312127232551575,clickbait
article_1394,VnExpress,Other,Đau ngực có phải dấu hiệu ung thư vú?,clickbait,1,0.86200350522995,clickbait
article_2711,Báo Mới,Công nghệ & Khoa học,Bệnh viện Hữu nghị Việt Đức và Bệnh viện Mặt Trời ký kết hợp tác chuyên môn,non-clickbait,3,0.01711089164018631,non-clickbait
article_2026,Thanh Niên,Other,Hòn đảo của Việt Nam trong top 3 đẹp nhất châu Á,non-clickbait,2,0.12511882185935974,non-clickbait
article_3627,Báo Mới,Other,500.000 tỷ đồng đã sẵn sàng bơm vào các dự án hạ tầng,non-clickbait,3,0.024516336619853973,non-clickbait
article_3136,VietNamNet,Other,"Cảnh khác lạ chưa từng có ở Quất Lâm: Loạt khách sạn, nhà nghỉ bỏ hoang đến mục nát",clickbait,0,0.9426124691963196,clickbait
article_0940,VietNamNet,Thể thao,CLB Đà Nẵng muốn đổi sân đá play-off với Bình Phước,non-clickbait,3,0.02286800742149353,non-clickbait
article_0866,VnExpress,Công nghệ & Khoa học,Khu công nghiệp đầu tiên đặt mục tiêu dùng 50% năng lượng tái tạo,non-clickbait,3,0.021471237763762474,non-clickbait
article_3275,Báo Mới,Other,"Xé quy trình, cứu người đàn ông nhồi máu cơ tim không có bảo hiểm y tế",non-clickbait,0,0.05033063143491745,non-clickbait
article_3104,Thanh Niên,Other,Rò rỉ lịch trình cập nhật One UI 8 cho điện thoại Galaxy cũ,non-clickbait,3,0.06973154842853546,non-clickbait
article_3593,Báo Mới,Other,"PC Quảng Nam tiếp nhận, bán điện trực tiếp đến hộ dân từ 5 hợp tác xã",non-clickbait,0,0.023419944569468498,non-clickbait
article_0294,VnExpress,Quốc tế,Việt Nam kêu gọi các bên chấm dứt hành động quân sự ở Trung Đông,non-clickbait,2,0.04845096170902252,non-clickbait
article_0111,VietNamNet,Chính trị & An ninh,Bộ Quốc phòng công khai quy hoạch chi tiết mở rộng Quảng trường Ba Đình,non-clickbait,3,0.017176710069179535,non-clickbait
article_3034,VnExpress,Other,Suzuki Jimny ra phiên bản cuối cùng,non-clickbait,2,0.032497502863407135,non-clickbait
article_0331,Tuổi Trẻ,Quốc tế,4 kịch bản khi liên minh cầm quyền ở Thái Lan lung lay,non-clickbait,0,0.19609393179416656,non-clickbait
article_0832,VnExpress,Công nghệ & Khoa học,125 doanh nghiệp vào Top công nghiệp 4.0,non-clickbait,4,0.036528125405311584,non-clickbait
article_2247,VnExpress,Other,Em của trung tá CSGT hy sinh khi bắt ôtô ma túy được nhận vào ngành,non-clickbait,0,0.02501159906387329,non-clickbait
article_3235,Báo Mới,Other,Thêm tiết lộ gây sốc từ người phụ nữ Trung Quốc 22 năm không tẩy trang,clickbait,2,0.97334223985672,clickbait
article_0461,24h,Quốc tế,Tên lửa đạn đạo siêu nặng Iran lần đầu tấn công Israel: Đòn đánh tạo chấn động vượt khỏi Trung Đông,clickbait,1,0.2646908462047577,non-clickbait
article_3219,24h,Giải trí & Showbiz,"Tùng Dương, Ngọc Anh khiến khán giả xúc động khi hát nhạc Phú Quang",non-clickbait,2,0.2563197612762451,non-clickbait
article_1934,Báo Mới,Thể thao,"Tin tức về chuyển nhượng 23/6: MU lấy Watkins, Liverpool chốt Isak",non-clickbait,2,0.024845436215400696,non-clickbait
article_0212,24h,Tin tức tổng hợp,Phẫn nộ cảnh mẹ bỏ con 18 tháng tuổi giữa đường đông xe cộ,clickbait,3,0.8798195719718933,clickbait
article_2557,Tuổi Trẻ,Thể thao,Video tóm tắt sự nghiệp của 'hoàng đế' Beckenbauer,non-clickbait,3,0.6923820376396179,clickbait
article_0946,VietNamNet,Thể thao,Arsenal bán Martinelli cho Bayern Munich giá cao ngất ngưởng,clickbait,2,0.71268230676651,clickbait
article_0088,Thanh Niên,Chính trị & An ninh,Xây dựng đội ngũ cán bộ đưa đất nước bước vào kỷ nguyên mới,non-clickbait,0,0.02956334501504898,non-clickbait
article_0676,VietNamNet,Kinh doanh & Kinh tế,"Giá vàng hôm nay 22/6/2025: Thế giới quay đầu giảm, vàng nhẫn tăng vọt",non-clickbait,0,0.08411581814289093,non-clickbait
article_0507,Báo Mới,Quốc tế,"Sau đòn tấn công hạt nhân, Iran lặng lẽ chuẩn bị gì cho Mỹ?",clickbait,2,0.8837887048721313,clickbait
article_3392,Thanh Niên,Other,Vụ ô tô tông 2 mẹ con tử vong ở TP.HCM: Chủ xe Jeep có bị phạt?,clickbait,3,0.780829668045044,clickbait
article_0863,VnExpress,Công nghệ & Khoa học,Sam Altman nói 'không biết chăm con thế nào nếu thiếu ChatGPT',non-clickbait,0,0.9236612319946289,clickbait
article_3558,VietNamNet,Other,Bạn đọc giúp đỡ em Nguyễn Tài bị tai nạn giao thông hơn 223 triệu đồng,non-clickbait,3,0.030300550162792206,non-clickbait
article_3724,24h,Sức khỏe & Đời sống,"7 người nhập viện cấp cứu vì say nắng, có ca nguy kịch, phải thở máy",non-clickbait,2,0.07450025528669357,non-clickbait
article_0660,Thanh Niên,Other,Tỉ phú Ấn Độ qua đời nghi do nuốt phải ong,clickbait,3,0.36012327671051025,non-clickbait
article_0010,VnExpress,Tin tức tổng hợp,Quốc hội bước vào tuần làm việc cuối cùng của kỳ họp dài kỷ lục,non-clickbait,0,0.04356881603598595,non-clickbait
article_1981,VnExpress,Other,'Elio' - chuyến du hành cảm xúc,non-clickbait,3,0.19845226407051086,non-clickbait
article_1424,VnExpress,Other,Những người sống mà không cần ngủ,non-clickbait,4,0.830112636089325,clickbait
article_0084,Thanh Niên,Chính trị & An ninh,"Thủ tướng: Phát huy truyền thống trăm năm báo chí cách mạng, 'tâm sáng - lòng trong - bút sắc'",non-clickbait,2,0.035846926271915436,non-clickbait
article_1149,VnExpress,Other,Blanca City thu hút hàng nghìn người tại sự kiện ra mắt,non-clickbait,2,0.032620545476675034,non-clickbait
article_0017,VnExpress,Tin tức tổng hợp,Phương án tổ chức giao thông qua cầu Nhơn Trạch nối TP HCM - Đồng Nai,non-clickbait,3,0.02122640050947666,non-clickbait
article_1438,Tuổi Trẻ,Xe & Vận tải,'Dân chơi' xe xăng trở thành tín đồ xe điện: 'Xe đốt trong giờ như đồ cổ lỗ sĩ',clickbait,3,0.9764232039451599,clickbait
article_3207,24h,Other,Phương Mai: 'Ly hôn không phải là thất bại',clickbait,2,0.6626327633857727,clickbait
article_1547,SaoStar,Thể thao,Thần đồng top 40 thế giới tái ngộ HAGL,non-clickbait,3,0.34015631675720215,non-clickbait
article_3076,Tuổi Trẻ,Other,"Chấm dứt dự án 'treo' 15 năm, trả lại quyền lợi cho dân",non-clickbait,4,0.10539454966783524,non-clickbait
article_1435,Tuổi Trẻ,Xe & Vận tải,"Honda Winner X giảm giá tới 16 triệu đồng, cạnh tranh quyết liệt Yamaha Exciter",non-clickbait,4,0.09017308056354523,non-clickbait
article_1632,24h,Thể thao,"Người đẹp bi-a nữ bỏ túi 760 triệu đồng, Kim Ga Young vô địch dễ dàng",non-clickbait,2,0.04586266726255417,non-clickbait
article_2863,Thanh Niên,Other,CLB Bình Phước của Công Phượng được treo thưởng khủng 10 tỉ đồng trận play-off: Khát vọng V-League!,non-clickbait,0,0.3319583833217621,non-clickbait
article_0629,Thanh Niên,Quốc tế,"Đánh bom tự sát tại nhà thờ Syria, ít nhất 20 người thiệt mạng",non-clickbait,3,0.034979648888111115,non-clickbait
article_1197,Thanh Niên,Sức khỏe & Đời sống,Bản hòa ca sắc màu trên sông Hàn: Vẽ ‘hành tinh xanh’ bằng pháo hoa,clickbait,2,0.14953137934207916,non-clickbait
article_0965,VietNamNet,Thể thao,"Lautaro Martinez ghi tuyệt phẩm, Inter Milan thắng nhọc đội bóng châu Á",non-clickbait,3,0.20729495584964752,non-clickbait
article_1240,Thanh Niên,Other,Nữ CSGT dẫn đoàn duy nhất lái siêu mô tô trong 'Vinh quang Công an nhân dân Việt Nam',non-clickbait,2,0.7492707371711731,clickbait
article_1765,Tuổi Trẻ,Du lịch & Ẩm thực,"Khám phá Chiang Mai, trải nghiệm thiên đường du lịch miền bắc Thái Lan",non-clickbait,0,0.231440469622612,non-clickbait
article_2311,Thanh Niên,Văn hóa & Nghệ thuật,"Báo Thanh Niên đoạt giải A sự kiện, hoạt động ấn tượng Hội Báo toàn quốc 2025",non-clickbait,0,0.023848090320825577,non-clickbait
article_0658,Thanh Niên,Other,"Vé số độc đắc 7.300 tỉ đồng, kỷ lục của EuroMillions đã có chủ",non-clickbait,1,0.8747742176055908,clickbait
article_2260,VnExpress,Other,Nỗi đau chưa nguôi từ vụ hỏa hoạn 8 người chết ở TP HCM,non-clickbait,0,0.19767668843269348,non-clickbait
article_2191,Báo Mới,Other,Quang Tuấn lại đóng phim 'ma',non-clickbait,3,0.6530439257621765,clickbait
article_1196,Thanh Niên,Chính trị & An ninh,Đời sống,clickbait,4,0.21174263954162598,non-clickbait
article_1912,24h,Thể thao,"Kiều nữ bóng chuyền Kayla Simmons ""tắm tiên"" trên bãi biển thơ mộng",clickbait,3,0.8946975469589233,clickbait
article_0508,Báo Mới,Quốc tế,Thêm ảnh vệ tinh chỉ rõ thiệt hại của cơ sở hạt nhân Iran sau khi Mỹ tấn công,non-clickbait,3,0.02239282988011837,non-clickbait
article_3003,Báo Mới,Công nghệ & Khoa học,Ảnh vệ tinh về thiệt hại ở cơ sở hạt nhân Fordow do bom phá boong-ke gây ra,non-clickbait,4,0.053206201642751694,non-clickbait
article_3427,VietNamNet,Du lịch & Ẩm thực,"Mải tạo dáng, du khách làm gãy ghế pha lê trong bảo tàng",non-clickbait,2,0.4463099241256714,non-clickbait
article_2310,Thanh Niên,Other,Việt Nam Tân văn - tờ báo đối ngoại hiếm hoi trong kháng chiến chống Pháp,non-clickbait,1,0.05184547230601311,non-clickbait
article_3265,Báo Mới,Other,"Mỗi ngày hút 2 bao thuốc lá, người đàn ông nguy kịch giữa đường",non-clickbait,4,0.8048664331436157,clickbait
article_0149,SaoStar,Giải trí & Showbiz,Điều kỳ diệu của Đàm Vĩnh Hưng,clickbait,1,0.8851359486579895,clickbait
article_1284,SaoStar,Giải trí & Showbiz,"Dịu Dàng Màu Nắng: Lương Thu Trang ngoại tình vụng về, lỗi sơ đẳng cũng mắc phải",clickbait,4,0.937210738658905,clickbait
article_3508,Báo Mới,Xe & Vận tải,Geely Galaxy A7 EM-i chạy tới 2.100km chỉ 363 triệu mở bán,non-clickbait,1,0.05271640419960022,non-clickbait
article_1077,Báo Mới,Other,Hành trình giữ hồn Việt trên từng sợi chỉ,clickbait,1,0.60964035987854,clickbait
article_3240,Báo Mới,Other,Mất con vì hội chứng hiếm gặp gây tổn thương gan,non-clickbait,3,0.44037899374961853,non-clickbait
article_2555,Tuổi Trẻ,Thể thao,Cổ động viên Việt Nam trên khán đài Jalan Besar,non-clickbait,0,0.3168446719646454,non-clickbait
article_1594,24h,Thể thao,Trực tiếp bóng đá Juventus - Wydad: Vlahovic lập công trên chấm penalty (FIFA Club World Cup),non-clickbait,4,0.041969768702983856,non-clickbait
article_1206,Thanh Niên,Sức khỏe & Đời sống,Hành trình 100 ngày giảm cân của chàng trai từng nghi ngờ bản thân,clickbait,1,0.9437636137008667,clickbait
article_0347,Thanh Niên,Other,Muông thú trở về đại ngàn Chư Mom Ray,non-clickbait,3,0.07565305382013321,non-clickbait
article_3511,Báo Mới,Xe & Vận tải,Mitsubishi Xforce có dấu hiệu 'hụt hơi',non-clickbait,1,0.6075758934020996,clickbait
article_2282,Tuổi Trẻ,Giải trí & Showbiz,Công Trí lại đưa lãnh Mỹ A lên bộ sưu tập mới,non-clickbait,1,0.13352815806865692,non-clickbait
article_0155,SaoStar,Giải trí & Showbiz,"Nam ca sĩ Việt bị tai nạn mất một tay, giờ bán trà sữa nuôi 3 con",clickbait,1,0.7637922167778015,clickbait
article_0448,SaoStar,Sức khỏe & Đời sống,"Video: Con gái gọi về qua camera, cha nghe tiếng liền có hành động khiến ai cũng vui lây",clickbait,0,0.964821994304657,clickbait
article_0772,Báo Mới,Other,TPHCM sau sáp nhập: Đòn bẩy để y tế công – tư phát triển bệnh viện vệ tinh,non-clickbait,0,0.054903849959373474,non-clickbait
article_2062,Thanh Niên,Other,Ngắm loạt cảnh đẹp Việt Nam trong giải thưởng nhiếp ảnh quốc tế,non-clickbait,2,0.10498092323541641,non-clickbait
article_0450,SaoStar,Sức khỏe & Đời sống,Vụ sữa bột Hiup giả: Những con số giật mình,clickbait,0,0.9121235609054565,clickbait
article_1916,24h,Thể thao,"Mã Minh Cẩm loại cao thủ bi-a Tây Ban Nha, 2 cơ thủ Việt Nam đua giải 1,9 tỷ đồng",non-clickbait,1,0.06489011645317078,non-clickbait
article_0572,VnExpress,Kinh doanh & Kinh tế,Tòa án tối cao Mỹ bác tiêu chuẩn khí thải ôtô của California,non-clickbait,4,0.050611432641744614,non-clickbait
article_0069,Tuổi Trẻ,Other,Nhiều bệnh viện phía Nam ngừng chụp PET/CT: Cái 'áo cơ chế' làm khổ người bệnh,clickbait,0,0.8006529808044434,clickbait
article_2866,Thanh Niên,Other,"CLB Bình Định ‘chiến đấu’ kiên cường, vẫn thua đau Hà Nội: Rớt hạng, kết cục cay đắng!",non-clickbait,2,0.9315870404243469,clickbait
article_2737,Báo Mới,Other,Một bệnh viện cầu cứu khi bị hacker đe dọa tung dữ liệu bệnh nhân lên mạng,clickbait,4,0.32018330693244934,non-clickbait
article_2412,24h,Other,Huawei nhá hàng siêu phẩm hứa hẹn làm thế giới choáng ngợp,clickbait,1,0.9117313623428345,clickbait
article_0618,Tuổi Trẻ,Chính trị & An ninh,Tòa án cấp thành phố xử xong vẫn 'đứng hình' vì cái tờ trình của ủy ban phường,non-clickbait,2,0.9553608298301697,clickbait
article_2341,VietNamNet,Công nghệ & Khoa học,"Nghề báo là nghề dấn thân, đòi hỏi những con người đặc biệt",non-clickbait,0,0.27605581283569336,non-clickbait
article_2045,Thanh Niên,Other,Chưa từng có: Khách bay đêm đến TP.HCM được miễn phí 1 đêm khách sạn,clickbait,0,0.5140191316604614,clickbait
article_1024,24h,Kinh doanh & Kinh tế,Kinh tế Mỹ có thể đối mặt với cú sốc chiến tranh từ Trung Đông,clickbait,4,0.07899691164493561,non-clickbait
article_2994,Báo Mới,Công nghệ & Khoa học,Vén màn bí mật bức phù điêu hình đại bàng vàng,clickbait,3,0.9464978575706482,clickbait
article_1812,Thanh Niên,Giáo dục & Học đường,"Đại học Đà Nẵng: Chủ động, tiên phong trong đào tạo nguồn nhân lực chất lượng cao",non-clickbait,1,0.039787810295820236,non-clickbait
article_0470,24h,Quốc tế,Tiết lộ các loại vũ khí Mỹ sử dụng trong cuộc tấn công cơ sở hạt nhân Iran,non-clickbait,1,0.23563562333583832,non-clickbait
article_0994,SaoStar,Giải trí & Showbiz,Đoạn clip giả mạo Mỹ Tâm khiến cộng đồng mạng 'dậy sóng',clickbait,3,0.9789353013038635,clickbait
article_0409,VietNamNet,Tin tức tổng hợp,Vụ án Tập đoàn Phúc Sơn: Hậu ‘Pháo’ và đồng phạm gây thiệt hại hơn 1.168 tỷ đồng,non-clickbait,4,0.07217757403850555,non-clickbait
article_1639,Báo Mới,Giáo dục & Học đường,"Kỳ thi tốt nghiệp THPT: Hà Nội siết chặt quy chế, phòng ngừa gian lận công nghệ cao",non-clickbait,4,0.034100428223609924,non-clickbait
article_1752,VnExpress,Thể thao,CLB Ninh Bình lập nhiều kỷ lục khi bất bại ở giải hạng Nhất,non-clickbait,1,0.1310063749551773,non-clickbait
article_3064,VnExpress,Other,"Ôtô rẽ phải va chạm xe máy đi thẳng, ai sai?",clickbait,0,0.8668103814125061,clickbait
article_3458,24h,Xe & Vận tải,"Clip: Phóng nhanh qua điểm giao cắt, cô gái lao thẳng xe vào đầu container",clickbait,4,0.4029499888420105,non-clickbait
article_2172,Báo Mới,Other,Phản ứng bất ngờ của đạo diễn Nguyễn Quang Dũng khi Bùi Lan Hương lần đầu kết hợp với Bùi Công Nam,clickbait,3,0.8659058809280396,clickbait
article_0343,Tuổi Trẻ,Quốc tế,Nhìn lại lịch sử xung đột Israel - Iran: Cuộc không kích ngày 13-6 sẽ là bước ngoặt?,non-clickbait,4,0.7709825038909912,clickbait
article_3618,Báo Mới,Other,Tâm điểm mới trên bản đồ bất động sản Nhơn Hội,non-clickbait,1,0.14300808310508728,non-clickbait
article_0587,VnExpress,Kinh doanh & Kinh tế,Nippon Koei tư vấn quy hoạch khu công nghiệp Bàu Cạn - Tân Hiệp,non-clickbait,0,0.02590801939368248,non-clickbait
article_2441,Báo Mới,Other,Cảnh sát giao thông Hà Nội bắt giữ 2 đối tượng trộm xe máy trong đêm,non-clickbait,1,0.05414869263768196,non-clickbait
article_3794,24h,Giáo dục & Học đường,"Một kỹ năng đơn giản nhưng quyết định tương lai con cái, cha mẹ không nên bỏ qua",clickbait,0,0.9628831148147583,clickbait
article_3233,24h,Giải trí & Showbiz,"Em gái ruột Trấn Thành khóc: ""Mọi người nghĩ là chúng tôi được sống sung sướng quá""",clickbait,3,0.9522643685340881,clickbait
article_1252,VietNamNet,Giáo dục & Học đường,"Sau sáp nhập, người dân tỉnh, thành nào ‘giàu’ nhất cả nước?",clickbait,4,0.929632306098938,clickbait
article_2187,Báo Mới,Giải trí & Showbiz,Rộ tin đồn Lisa BLACKPINK bí mật kết hôn với Frédéric Arnault,clickbait,4,0.8808483481407166,clickbait
article_3478,Báo Mới,Xe & Vận tải,"SUV Đức cao cấp Volkswagen Tiguan Platinum sắp ra mắt, giá 1,688 tỷ đồng",non-clickbait,0,0.03967602923512459,non-clickbait
article_3704,24h,Sức khỏe & Đời sống,Kiểu ăn nào tốt nhất cho người bị gan nhiễm mỡ?,clickbait,4,0.895613968372345,clickbait
article_3515,Tuổi Trẻ,Other,Cuộc gọi cuối cùng của vợ chồng nghèo trước giờ bị lật vỏ lãi trên biển,clickbait,4,0.8104788661003113,clickbait
article_2094,VietNamNet,Sức khỏe & Đời sống,"Đà Nẵng đình chỉ, thu hồi mặt nạ dưỡng da do ca sĩ Đoàn Di Băng quảng cáo",non-clickbait,3,0.020332353189587593,non-clickbait
article_0969,Kênh14,Giải trí & Showbiz,"Bom tấn 18+ được mong chờ nhất hè 2025: Huyền thoại tái xuất, toàn cầu lại sắp ""bùng nổ"" rồi!",clickbait,3,0.9719126224517822,clickbait
article_1109,VnExpress,Other,InterContinental nâng tầm bất động sản cao cấp tại Thanh Xuan Valley,non-clickbait,3,0.03416481614112854,non-clickbait
article_2842,Thanh Niên,Other,"Nguyên Thanh, Ngọc Hoa vô địch nội dung gian khó nhất của Tiền Phong Marathon",non-clickbait,4,0.036356665194034576,non-clickbait
article_1763,Tuổi Trẻ,Du lịch & Ẩm thực,Vỡ òa bữa tiệc pháo hoa cùng rock của Bồ Đào Nha và Anh,non-clickbait,1,0.0947614461183548,non-clickbait
article_1275,SaoStar,Giải trí & Showbiz,10 siêu phẩm K‑Drama đã 'bật đèn xanh' cho mùa tiếp theo,clickbait,4,0.9312127232551575,clickbait
article_0752,24h,Chính trị & An ninh,Kỳ cuối: Xuyên đêm giao thừa truy tìm kẻ cướp ngân hàng,non-clickbait,3,0.06760822981595993,non-clickbait
article_2465,Báo Mới,Chính trị & An ninh,Khởi tố Chủ tịch HĐQT Công ty CP Nước GMT về tội lừa đảo chiếm đoạt tài sản,non-clickbait,3,0.014337031170725822,non-clickbait
article_1674,Báo Mới,Other,TP.HCM công bố điểm thi vào 10: 37% bài thi Toán có điểm dưới trung bình,non-clickbait,4,0.03058881126344204,non-clickbait
article_1676,Báo Mới,Giáo dục & Học đường,"Hà Nội tập huấn coi thi tốt nghiệp THPT năm 2025: Không chủ quan, sẵn sàng ứng phó với mọi tình huống",non-clickbait,4,0.050470851361751556,non-clickbait
article_1366,Báo Mới,Kinh doanh & Kinh tế,Giải bài toán nông sản 'được mùa mất giá',non-clickbait,1,0.38598203659057617,non-clickbait
article_1542,SaoStar,Thể thao,Dancesport đang thay đổi diện mạo thể thao Việt như thế nào?,non-clickbait,3,0.9508692026138306,clickbait
article_3132,VietNamNet,Other,Đà Nẵng công bố quyết định của Thủ tướng về thành lập khu thương mại tự do,non-clickbait,0,0.025371313095092773,non-clickbait
article_0390,VietNamNet,Tin tức tổng hợp,Ông Lê Thanh Nam giữ chức Chánh Văn phòng UBND TP Hà Nội,non-clickbait,3,0.014447852969169617,non-clickbait
article_0486,24h,Quốc tế,"[Podcast] Vụ ""cha đẻ"" chương trình vũ khí hạt nhân Iran bị bắn chết giữa ban ngày",non-clickbait,2,0.4011891782283783,non-clickbait
article_1737,VnExpress,Thể thao,Xuân Son: 'Tôi nóng lòng cùng tuyển Việt Nam phục hận Malaysia',non-clickbait,2,0.1420532613992691,non-clickbait
article_0563,VnExpress,Kinh doanh & Kinh tế,Agribank nhận giải 'Vinh quang Việt Nam 2025',non-clickbait,4,0.055515117943286896,non-clickbait
article_0879,Tuổi Trẻ,Kinh doanh & Kinh tế,Loạt lãnh đạo Chứng khoán Tiên Phong từ chức cùng một ngày,non-clickbait,0,0.05649606138467789,non-clickbait
article_2476,Báo Mới,Other,Bình gas mini phát nổ khiến 8 người gặp nạn,non-clickbait,4,0.11456651240587234,non-clickbait
article_2438,Báo Mới,Other,Công an điều tra vụ nam thanh niên đánh dã man 2 cô gái,non-clickbait,0,0.0844927579164505,non-clickbait
article_0920,Thanh Niên,Other,TP.HCM và Nam bộ đón đợt mưa lớn kéo dài 4 ngày,non-clickbait,0,0.041734807193279266,non-clickbait
article_3578,24h,Xe & Vận tải,Ford Everest vs Mazda CX-8: Đối thủ nặng ký phân khúc SUV 7 chỗ,non-clickbait,2,0.034358687698841095,non-clickbait
article_3067,VnExpress,Other,Audi Q3 2026 - bản nâng cấp toàn diện,non-clickbait,1,0.046076804399490356,non-clickbait
article_0878,Tuổi Trẻ,Quốc tế,Campuchia ngừng nhập khẩu xăng dầu từ Thái Lan,non-clickbait,3,0.01870722882449627,non-clickbait
article_0318,VnExpress,Quốc tế,Nguy cơ nếu Israel tấn công 'pháo đài hạt nhân' Iran,non-clickbait,1,0.204580157995224,non-clickbait
article_3720,24h,Sức khỏe & Đời sống,5 loại trái cây giúp giải độc gan,clickbait,1,0.5599067211151123,clickbait
article_2363,VietNamNet,Công nghệ & Khoa học,Ra mắt Liên minh AI Âu Lạc sẽ hiện thực hóa chủ quyền AI Việt Nam,non-clickbait,2,0.024964015930891037,non-clickbait
article_1957,Báo Mới,Thể thao,CLB Đà Nẵng làm điều bất ngờ trước trận đá play-off với đội bóng của Công Phượng,clickbait,0,0.873160719871521,clickbait
article_0859,VnExpress,Công nghệ & Khoa học,Robot nhận diện rủi ro về điện của quán quân PitchFest 2025,non-clickbait,4,0.029008125886321068,non-clickbait
article_1331,Báo Mới,Kinh doanh & Kinh tế,Không để lỡ 'chuyến tàu tốc hành' mang đến cơ hội phát triển vì những 'điểm nghẽn' của pháp luật,clickbait,3,0.5667080879211426,clickbait
article_2774,VnExpress,Other,Bí mật của 'thánh ăn' Hàn Quốc,clickbait,0,0.9542226791381836,clickbait
article_1291,SaoStar,Giải trí & Showbiz,Phim kinh dị Shinmyeong dựa trên scandal có thật: Vì sao phim kinh phí thấp lại hot đến vậy?,clickbait,4,0.940188467502594,clickbait
article_2420,24h,Other,"iPhone fullbox giá từ 15 triệu đồng, màu hồng đẹp mãn nhãn",non-clickbait,2,0.06080764904618263,non-clickbait
article_0169,SaoStar,Giải trí & Showbiz,"Quốc Trường phản ứng khi khán giả vây kín, kéo tay níu áo",clickbait,2,0.9239361882209778,clickbait
article_0873,VnExpress,Công nghệ & Khoa học,Phó thủ tướng đề nghị Google phổ cập AI cho doanh nghiệp Việt,non-clickbait,4,0.03096751682460308,non-clickbait
article_1619,24h,Thể thao,"Cazorla 40 tuổi tỏa sáng giúp đội tí hon lên hạng La Liga, chờ so tài Yamal & Mbappe",clickbait,2,0.3761933445930481,non-clickbait
article_0270,Báo Mới,Thể thao,Đương kim vô địch Champions League tạo bất ngờ đầu tiên ở FIFA Club World Cup 2025,clickbait,4,0.2499503791332245,non-clickbait
article_0244,Báo Mới,Thể thao,Lịch thi đấu bóng đá hôm nay ngày 22/6/2025,non-clickbait,3,0.023939194157719612,non-clickbait
article_2405,24h,Other,Bảo trì điều hòa đúng cách - bí quyết tiết kiệm điện và kéo dài tuổi thọ thiết bị,clickbait,3,0.04954301565885544,non-clickbait
article_3384,Thanh Niên,Other,Vụ xe bán tải cán người trong bệnh viện: Làm sao để lùi xe an toàn?,clickbait,3,0.6537350416183472,clickbait
article_1785,Thanh Niên,Giáo dục & Học đường,"Học tại Việt Nam, nhận bằng cử nhân Anh quốc có uy tín?",clickbait,1,0.8907226920127869,clickbait
article_0525,Báo Mới,Quốc tế,IAEA kêu gọi đối thoại để duy trì cơ chế không phổ biến vũ khí hạt nhân,non-clickbait,4,0.04054073989391327,non-clickbait
article_2440,Báo Mới,Other,"Xác minh clip đối tượng hành hung 2 cô gái trên vỉa hè tại huyện Hiệp Hòa, tỉnh Bắc Giang",non-clickbait,4,0.036804068833589554,non-clickbait
article_2176,Báo Mới,Giải trí & Showbiz,Lily Chen bức xúc khi bị tung tin đồn trúng số,clickbait,4,0.8083699941635132,clickbait
article_0957,VietNamNet,Thể thao,CĐV 'đại náo' sân Thiên Trường ngày Nam Định nâng Cúp,clickbait,2,0.8587185740470886,clickbait
article_0361,Thanh Niên,Tin tức tổng hợp,Hà Nội có tân Chánh văn phòng UBND thành phố,non-clickbait,2,0.01584536023437977,non-clickbait
article_0359,Thanh Niên,Tin tức tổng hợp,Đồng Nai: Điều tra vụ phát hiện bộ xương người trong bồn chứa nước,non-clickbait,4,0.06859986484050751,non-clickbait
article_0320,VnExpress,Quốc tế,Quan chức Thái Lan nói Thủ tướng Paetongtarn sẽ không từ chức,non-clickbait,1,0.10908732563257217,non-clickbait
article_0136,VietNamNet,Chính trị & An ninh,Bí thư Bà Rịa - Vũng Tàu nói lời 'gan ruột' trước thời khắc sáp nhập với TPHCM,non-clickbait,0,0.90456622838974,clickbait
article_0707,SaoStar,Quốc tế,Người vợ bị chồng cắn đứt mũi vì ngoại tình,clickbait,2,0.9631266593933105,clickbait
article_2076,VietNamNet,Sức khỏe & Đời sống,Bệnh viện nghìn tỷ có sân đỗ trực thăng sắp hoạt động sau 18 năm khởi công,non-clickbait,0,0.04181298613548279,non-clickbait
article_3719,24h,Sức khỏe & Đời sống,7 ý tưởng bữa sáng cung cấp năng lượng cho sĩ tử,clickbait,4,0.6721165180206299,clickbait
article_0171,SaoStar,Giải trí & Showbiz,Nhan sắc nữ diễn viên Việt vừa được cầu hôn bằng nhẫn kim cương gây chú ý,clickbait,3,0.9788748621940613,clickbait
article_0631,Thanh Niên,Quốc tế,5 bác sĩ bị điều tra về nghi vấn giúp cựu Thủ tướng Thaksin tránh ở tù,non-clickbait,2,0.10980119556188583,non-clickbait
article_1260,Kênh14,Giải trí & Showbiz,"Lisa (BLACKPINK) bí mật kết hôn với bạn trai tài phiệt, hơn 200.000 người sốc?",clickbait,1,0.9641867876052856,clickbait
article_3105,Thanh Niên,Other,Cảnh báo khẩn đến hàng triệu người dùng CapCut,clickbait,4,0.9207897186279297,clickbait
article_2660,SaoStar,Công nghệ & Khoa học,Tổng thống Trump xem xét gia hạn thêm cho TikTok,non-clickbait,3,0.020984293892979622,non-clickbait
article_1364,Báo Mới,Kinh doanh & Kinh tế,Việt Nam lọt top 8 thị trường xuất khẩu lớn nhất của Singapore,non-clickbait,3,0.024492992088198662,non-clickbait
article_0249,Báo Mới,Thể thao,Chuyển nhượng LaLiga mới nhất,non-clickbait,2,0.03302355483174324,non-clickbait
article_1958,Báo Mới,Thể thao,Khai mạc Giải vô địch châu Á Muay lần đầu tổ chức ở Việt Nam,non-clickbait,1,0.03825005888938904,non-clickbait
article_0143,Kênh14,Sức khỏe & Đời sống,"Bán chân gà doanh thu hơn 100 tỷ chỉ trên một sàn TMĐT, mẹ con Bà Tuyết Diamond vẫn tuyên bố sốc",clickbait,3,0.9838160872459412,clickbait
article_1305,24h,Kinh doanh & Kinh tế,Các bà mẹ 'ngồi trên đống lửa' khi mua sữa HIUP27 cho con tăng chiều cao,clickbait,2,0.9726495146751404,clickbait
article_3341,VnExpress,Other,4 quán cơm gà khách nên thử khi đến Hội An,clickbait,3,0.5243185758590698,clickbait
article_2532,VnExpress,Other,Chàng trai dẫn đầu 150.000 thí sinh với điểm Toán tuyệt đối,non-clickbait,0,0.1460263580083847,non-clickbait
article_2320,Thanh Niên,Other,Triển lãm tranh kỷ niệm 132 năm bác sĩ Yersin đặt chân đến cao nguyên Lang Biang,non-clickbait,1,0.05122493579983711,non-clickbait
article_1065,Báo Mới,Văn hóa & Nghệ thuật,Trao giải Cuộc thi viết tìm hiểu 80 năm Ngày truyền thống CAND,non-clickbait,0,0.03494669869542122,non-clickbait
article_3367,Thanh Niên,Other,Hãng ô tô nào triệu hồi xe nhiều nhất từ đầu năm 2025 đến nay?,clickbait,4,0.6779006123542786,clickbait
article_3473,Báo Mới,Xe & Vận tải,Porsche Carrera GT từ thất bại trở thành siêu xe huyền thoại,non-clickbait,3,0.5569568872451782,clickbait
article_0325,VnExpress,Quốc tế,Israel bác tin đồn sắp cạn tên lửa đánh chặn,non-clickbait,2,0.10975347459316254,non-clickbait
article_3198,24h,Giải trí & Showbiz,HuyR suýt bỏ concert 'Anh trai vượt ngàn chông gai' vì vợ cấp cứu giữa thai kỳ,non-clickbait,2,0.5540633201599121,clickbait
article_0967,VietNamNet,Thể thao,V-League hạ màn: Nghẹt thở cuộc chiến trụ hạng,non-clickbait,4,0.09376094490289688,non-clickbait
article_3039,VnExpress,Other,VinFast VF 5 chiếm hơn 80% thị phần phân khúc CUV A+,non-clickbait,4,0.03390795737504959,non-clickbait
article_1071,Báo Mới,Văn hóa & Nghệ thuật,Đối mặt với giải pháp bảo tồn,non-clickbait,1,0.10951516032218933,non-clickbait
article_2296,Thanh Niên,Văn hóa & Nghệ thuật,Câu chuyện về tình mẫu tử trong tranh của họa sĩ Nguyễn Như Đức,non-clickbait,3,0.03403615579009056,non-clickbait
article_3218,24h,Giải trí & Showbiz,Nhạc sĩ của bài hát đình đám 'Xin lỗi tình yêu' lần đầu tiết lộ thu nhập,clickbait,2,0.8367547988891602,clickbait
article_1199,Thanh Niên,Sức khỏe & Đời sống,"Từ 1.7, sàn nộp thuế thay người bán: Chưa hết nghĩa vụ",non-clickbait,2,0.04240383207798004,non-clickbait
article_2445,Báo Mới,Chính trị & An ninh,Khởi tố loạt cán bộ tiếp tay cho tội phạm ma túy,non-clickbait,3,0.01796896755695343,non-clickbait
article_0872,VnExpress,Công nghệ & Khoa học,Robot thay thế công nhân lành nghề ở nhà máy drone,non-clickbait,1,0.12205154448747635,non-clickbait
article_2753,Báo Mới,Other,"Ứng dụng Việt gây hao pin nghiêm trọng, Google lên tiếng",clickbait,4,0.8847880363464355,clickbait
article_0706,SaoStar,Quốc tế,Tịch thu hơn 28 tỷ đồng tiền mặt giấu dưới gầm giường của cặp vợ chồng,non-clickbait,3,0.22034244239330292,non-clickbait
article_0418,VietNamNet,Tin tức tổng hợp,Bắt nhân viên điện lực lừa người dân hơn nửa tỷ đồng làm đường điện,non-clickbait,4,0.06773144751787186,non-clickbait
article_3340,VnExpress,Other,"Du khách quốc tế kể chuyện 'vượt nắng, ngâm đá' ở giải chạy Quy Nhơn",clickbait,4,0.2728956639766693,non-clickbait
article_0480,24h,Quốc tế,Thực hư video người Israel tháo chạy ở Tel Aviv khi Iran tấn công tên lửa,clickbait,1,0.824603259563446,clickbait
article_1627,24h,Thể thao,"Em trai Bellingham lập công cho Dortmund: Gợi nhớ Lampard, huyền thoại đánh giá cao",non-clickbait,0,0.8701565861701965,clickbait
article_0855,VnExpress,Công nghệ & Khoa học,"Midjourney ra AI tạo video cạnh tranh Veo 3, Sora",non-clickbait,1,0.0768221914768219,non-clickbait
article_1952,Báo Mới,Thể thao,Tiền vệ Nguyễn Hoàng Đức truyền cảm hứng cho gần 200 cầu thủ nhí Hải Dương,non-clickbait,4,0.04348750039935112,non-clickbait
article_2733,Báo Mới,Công nghệ & Khoa học,Nami Foundation đồng hành phát triển nguồn nhân lực công nghệ blockchain,non-clickbait,2,0.036528125405311584,non-clickbait
article_0988,SaoStar,Giải trí & Showbiz,Xúc động tâm sự Hồ Ngọc Hà gửi con trai du học nước ngoài,clickbait,1,0.9345147609710693,clickbait
article_1686,Báo Mới,Other,"TP Hồ Chí Minh công bố điểm chuẩn vào lớp 10 chuyên, tích hợp năm 2025",non-clickbait,0,0.023286305367946625,non-clickbait
article_1528,VietNamNet,Quốc tế,Tổng thống Putin đưa ra lời cảnh báo giữa lúc ông Trump cân nhắc tấn công Iran,non-clickbait,0,0.4803701341152191,non-clickbait
article_1400,VnExpress,Other,Nên ăn và tránh gì trước khi chạy bộ?,non-clickbait,2,0.9020070433616638,clickbait
article_1384,VnExpress,Other,Vào viện khám cũng là lúc phải chạy thận suốt đời,clickbait,2,0.7452593445777893,clickbait
article_0414,VietNamNet,Tin tức tổng hợp,"Danh tính vợ chồng cầm đầu đường dây buôn 10.000 chai nước hoa Chanel, Dior giả",non-clickbait,4,0.10070161521434784,non-clickbait
article_1034,24h,Kinh doanh & Kinh tế,"Trước khi bị bắt, Tiktoker Hải Sen khoe loạt xe sang và đơn hàng ""khủng” cỡ nào?",clickbait,1,0.9635405540466309,clickbait
article_0902,Thanh Niên,Other,Số định danh sẽ thay mã số thuế,non-clickbait,0,0.04676847532391548,non-clickbait
article_3129,VietNamNet,Other,"Đất có sổ đỏ nhưng chưa rõ mốc giới, đừng vội xây nhà",clickbait,3,0.9577545523643494,clickbait
article_1101,Báo Mới,Other,Vé máy bay Hà Nội - Nha Trang khứ hồi tuần 23-29/6/2025: Vẫn đang ở mức cao,non-clickbait,3,0.01342825498431921,non-clickbait
article_1825,Thanh Niên,Giáo dục & Học đường,"Thi tốt nghiệp THPT 2025: Từ 4 môn, có bao nhiêu tổ hợp xét tuyển ĐH, CĐ?",non-clickbait,0,0.584004282951355,clickbait
article_0385,Thanh Niên,Other,Chuyên gia tư vấn trực tuyến về nhồi máu cơ tim và bệnh tim mạch nguy hiểm,non-clickbait,2,0.018869252875447273,non-clickbait
article_2713,Báo Mới,Công nghệ & Khoa học,Hệ sinh thái số PIACOM: Chất xúc tác chuyển đổi số ngành xăng dầu Việt Nam,non-clickbait,2,0.03305475041270256,non-clickbait
article_1514,VietNamNet,Quốc tế,"Nga tập kích sân bay quân sự Ukraine bằng tên lửa, UAV hạng nặng",non-clickbait,4,0.05174954608082771,non-clickbait
article_3017,Báo Mới,Công nghệ & Khoa học,Khoảnh khắc khinh khí cầu chở 21 người bốc cháy ở Brazil,non-clickbait,4,0.23855021595954895,non-clickbait
article_0784,Báo Mới,Other,Sắp thông xe 6 dự án thành phần đoạn tuyến cao tốc,non-clickbait,3,0.01374232117086649,non-clickbait
article_0098,Thanh Niên,Tin tức tổng hợp,"Bí thư TP.HCM: Vận hành thử 102 phường, xã mới 'đáp ứng mong đợi'",non-clickbait,3,0.017392344772815704,non-clickbait
article_0953,VietNamNet,Thể thao,"HLV Nam Định nói lời xúc động, ôm hôn vợ sắp cưới cực xinh",clickbait,0,0.9269675612449646,clickbait
article_3437,24h,Xe & Vận tải,Clip: Kinh hoàng xe máy lộn nhiều vòng sau khi bị ô tô tải tạt đầu,clickbait,3,0.9007046222686768,clickbait
article_2693,24h,Other,Sao Việt rộ mốt tóc siêu ngắn,clickbait,0,0.8226169943809509,clickbait
article_2791,VnExpress,Other,Những sai lầm người thông minh chỉ mắc một lần,clickbait,3,0.9753196239471436,clickbait
article_0108,Thanh Niên,Other,'Thành công của bà con cũng là thành công của đất nước',non-clickbait,1,0.09089674800634384,non-clickbait
article_3146,VietNamNet,Other,"Lưu ý quan trọng khi nộp thuế để chuyển nhượng đất trơn tru, tránh ‘mắc kẹt’",clickbait,2,0.9331267476081848,clickbait
article_3323,VnExpress,Other,Ý nghĩa của 81 chiếc đinh trên cổng chính Tử Cấm Thành,clickbait,4,0.2538610100746155,non-clickbait
article_1624,24h,Thể thao,"Dự đoán tỷ số FIFA Club World Cup: Real Madrid ""trút giận"", Juventus tiếp đà thăng hoa",clickbait,4,0.22354651987552643,non-clickbait
article_2932,SaoStar,Du lịch & Ẩm thực,Mùa vàng Tây Bắc: Trải nghiệm bản làng giữa hè nắng,non-clickbait,4,0.3259495198726654,non-clickbait
article_0296,VnExpress,Quốc tế,Ảnh vệ tinh cơ sở hạt nhân Fordow sau đòn tập kích của Mỹ,non-clickbait,4,0.045564454048871994,non-clickbait
article_1009,24h,Kinh doanh & Kinh tế,Giá vàng hôm nay 23-6: Giảm mạnh ngay đầu phiên,non-clickbait,2,0.04150110110640526,non-clickbait
article_2127,SaoStar,Giáo dục & Học đường,"Học sinh viết văn tả bố, đọc câu nào ngán ngẩm câu đó",clickbait,1,0.8453688621520996,clickbait
article_3544,VietNamNet,Other,Bạn đọc ủng hộ các hoàn cảnh khó khăn 10 ngày đầu tháng 6/2025,non-clickbait,2,0.018653521314263344,non-clickbait
article_0579,VnExpress,Kinh doanh & Kinh tế,"TP HCM đặt mục tiêu dịch vụ tăng trưởng 8,6% mỗi năm",non-clickbait,1,0.05365069955587387,non-clickbait
article_3797,24h,Giáo dục & Học đường,Điểm thi lớp 10 môn Toán ở TP HCM 'khả quan',non-clickbait,0,0.1577846258878708,non-clickbait
article_2987,Báo Mới,Công nghệ & Khoa học,Nepal phát hiện trữ lượng khí mê-tan cực lớn,non-clickbait,1,0.22076214849948883,non-clickbait
article_3694,24h,Sức khỏe & Đời sống,"Quý ông thích uống bia sau tập thể dục - niềm vui ngắn, hậu quả dài",clickbait,1,0.8727275133132935,clickbait
article_3526,Tuổi Trẻ,Other,Làm việc có nhất thiết phải qua bàn nhậu?,clickbait,1,0.9507778882980347,clickbait
article_1607,24h,Thể thao,UEFA thay đổi luật vô cùng thú vị ngăn chặn thủ môn câu giờ,clickbait,0,0.9001793265342712,clickbait
article_3350,Tuổi Trẻ,Sức khỏe & Đời sống,"Sốt xuất huyết 'nóng' trở lại ở TP.HCM, nhiều trẻ nguy kịch",non-clickbait,0,0.5596058964729309,clickbait
article_2304,Thanh Niên,Văn hóa & Nghệ thuật,Ngày hội văn hóa áo dài TP.HCM 2025,non-clickbait,1,0.04676847532391548,non-clickbait
article_1413,VnExpress,Other,"Vì sao không nên chủ quan khi trẻ chơi cùng chó, mèo?",non-clickbait,3,0.8704871535301208,clickbait
article_1660,Báo Mới,Giáo dục & Học đường,Mô hình gây quỹ học bổng trong trường học: Nơi hội tụ của lòng nhân ái,non-clickbait,3,0.02693789079785347,non-clickbait
article_3512,Báo Mới,Xe & Vận tải,Honda giới thiệu xe đạp điện bốn bánh chở hàng,non-clickbait,2,0.021145395934581757,non-clickbait
article_3568,24h,Xe & Vận tải,Top xe MPV từ giá rẻ đến hạng sang đáng chú ý hiện nay,non-clickbait,2,0.6579780578613281,clickbait
article_0557,VnExpress,Kinh doanh & Kinh tế,Hơn 1 tỷ USD 'bốc hơi' khỏi thị trường tiền số,clickbait,1,0.5397111177444458,clickbait
article_2491,VnExpress,Other,"Phổ điểm Toán, Văn, Tiếng Anh thi lớp 10 của TP HCM",non-clickbait,2,0.025516601279377937,non-clickbait
article_0095,Thanh Niên,Chính trị & An ninh,"Thủ tướng: Phân cấp, phân quyền, tăng cường hậu kiểm, giảm phiền hà",non-clickbait,3,0.012552118860185146,non-clickbait
article_2894,VietNamNet,Xe & Vận tải,"Nếu về Việt Nam, Lada Azimut có sáng cửa cạnh tranh ở phân khúc SUV cỡ B?",non-clickbait,0,0.8915280699729919,clickbait
article_2353,VietNamNet,Công nghệ & Khoa học,"SM-6 tên lửa 'sát thủ 2 trong 1' khiến kẻ thù trên trời, dưới biển lạnh sống lưng",clickbait,1,0.907312273979187,clickbait
article_2444,Báo Mới,Chính trị & An ninh,Khởi tố TikToker Vũ Hồng Phúc 'Cún Bông',non-clickbait,3,0.045099567621946335,non-clickbait
article_3532,VietNamNet,Other,Bạn đọc giúp đỡ em Hoàng Tiến Đạt suy thận giai đoạn cuối hơn 51 triệu đồng,non-clickbait,0,0.035712167620658875,non-clickbait
article_0342,Tuổi Trẻ,Quốc tế,Toàn cảnh chiến sự Iran - Israel những ngày qua,non-clickbait,1,0.06928941607475281,non-clickbait
article_1254,VietNamNet,Giáo dục & Học đường,Trường ĐH Công nghệ - ĐHQGHN thêm 2 tổ hợp xét tuyển mới năm 2025 có môn Tin,non-clickbait,3,0.016246216371655464,non-clickbait
article_2492,VnExpress,Other,Điểm chuẩn lớp 10 chuyên Sư phạm cao nhất 21/30,non-clickbait,2,0.02157406695187092,non-clickbait
article_0366,Thanh Niên,Tin tức tổng hợp,Cựu giám đốc 'cấp nhanh' phiếu lý lịch tư pháp bị áp giải đến tòa,non-clickbait,2,0.08262329548597336,non-clickbait
article_1738,VnExpress,Thể thao,Nam Định nhận chức vô địch V-League 2024-2025,non-clickbait,1,0.07011259347200394,non-clickbait
article_3769,24h,Du lịch & Ẩm thực,48 giờ ở Hong Kong cho người đi lần đầu,non-clickbait,0,0.07765743881464005,non-clickbait
article_1315,24h,Kinh doanh & Kinh tế,Cả ngàn chai nước mắm bị vứt bỏ trong bụi rậm ở Quảng Nam,non-clickbait,3,0.2253313660621643,non-clickbait
article_3783,24h,Du lịch & Ẩm thực,"Bằng lăng nở rộ, ""nhuộm"" tím khắp phố phường Hà Nội",non-clickbait,0,0.8810532093048096,clickbait
article_3619,Báo Mới,Other,Khẩn trương giải quyết vướng mắc về COD và giá FIT của các dự án năng lượng tái tạo,non-clickbait,2,0.023984873667359352,non-clickbait
article_1938,Báo Mới,Thể thao,"Pogba tái xuất sân cỏ, thi đấu đỉnh cao",non-clickbait,4,0.2147737443447113,non-clickbait
article_1807,Thanh Niên,Giáo dục & Học đường,"Cha mẹ, thầy cô hát tặng sĩ tử trong lễ tri ân, nhiều người bật khóc",non-clickbait,0,0.9246196150779724,clickbait
article_2533,VnExpress,Other,"FPTU xếp thứ 80 đại học toàn cầu về việc làm, tăng trưởng kinh tế",non-clickbait,3,0.013222822919487953,non-clickbait
article_1465,Thanh Niên,Sức khỏe & Đời sống,Tuổi 30: ai thuộc nhóm dễ bị tiểu đường?,clickbait,0,0.92637038230896,clickbait
article_2302,Thanh Niên,Văn hóa & Nghệ thuật,Thế Lữ với dòng báo chí mang tư tưởng khai sáng,non-clickbait,4,0.1059020459651947,non-clickbait
article_1428,Tuổi Trẻ,Xe & Vận tải,Pin xe điện còn 'trường thọ' hơn cả bản thân xe xăng,non-clickbait,3,0.9467446208000183,clickbait
article_2573,Thanh Niên,Giải trí & Showbiz,"Phương Anh Đào 'bắt trend' Tây Du Ký, Cris Phan 'sắm vai' cả dàn cast | ON TRENDING",non-clickbait,3,0.9554024338722229,clickbait
article_0370,Thanh Niên,Tin tức tổng hợp,"Cựu giám đốc Hoàng Quốc Hùng nhận hối lộ hơn 43 tỉ, nộp lại hơn 39 tỉ",non-clickbait,4,0.052667658776044846,non-clickbait
article_2962,24h,Other,Chuyên gia trang điểm Diệp Bùi chọn ngã rẽ mới để viết tiếp ước mơ,clickbait,2,0.12043881416320801,non-clickbait
article_1067,Báo Mới,Văn hóa & Nghệ thuật,"Gìn giữ, phát huy giá trị văn hóa truyền thống của đồng bào dân tộc Dao",non-clickbait,1,0.07470250874757767,non-clickbait
article_1984,VnExpress,Other,Á hậu có nụ cười đẹp nhất tại Hoa hậu Hoàn vũ Việt Nam 2025,non-clickbait,2,0.035111747682094574,non-clickbait
article_2449,Báo Mới,Other,Mời đối tượng đưa thông tin sai sự thật về đưa đón bệnh nhân tại Bệnh viện Đa khoa Gia Lai lên làm việc,non-clickbait,4,0.052618954330682755,non-clickbait
article_1576,24h,Thể thao,"Trực tiếp bóng đá Man City - Al Ain: Chiến thắng đậm đà của ""Man xanh"" (Hết giờ)",non-clickbait,2,0.07030384242534637,non-clickbait
article_0154,SaoStar,Giải trí & Showbiz,Yêu cầu 'kỳ lạ' của Trấn Thành trong ngày sinh nhật Hari Won,clickbait,1,0.9616420269012451,clickbait
article_2197,Báo Mới,Giải trí & Showbiz,Nghề báo và cuộc sống gia đình,non-clickbait,4,0.45590630173683167,non-clickbait
article_3579,24h,Xe & Vận tải,"Clip: Hết hồn ""khối nghỉ hè"" giúp bố rửa xe và cái kết tê tái",clickbait,1,0.959307074546814,clickbait
article_2373,SaoStar,Kinh doanh & Kinh tế,Giá xăng dầu hôm nay 22/6: Tiếp tục tăng,non-clickbait,1,0.07107366621494293,non-clickbait
article_0364,Thanh Niên,Tin tức tổng hợp,"Chủ tịch UBND 39 xã, phường mới ở Hưng Yên",non-clickbait,3,0.015693791210651398,non-clickbait
article_1362,Báo Mới,Kinh doanh & Kinh tế,Phó Thủ tướng Lê Thành Long dự lễ khởi công dự án Thép Xanh Nam Định.,non-clickbait,2,0.019794780761003494,non-clickbait
article_2104,VietNamNet,Sức khỏe & Đời sống,Điều gì xảy ra với cơ thể khi bạn bỏ ăn tối trong 1 tháng?,clickbait,3,0.9717521667480469,clickbait
article_2928,SaoStar,Du lịch & Ẩm thực,Hà Giang hè này không chỉ có mùa tam giác mạch,clickbait,1,0.7523766160011292,clickbait
article_1919,Báo Mới,Thể thao,Liệu Nguyễn Công Phượng có viết lại lịch sử bóng đá Việt Nam 10 năm qua?,clickbait,3,0.8905800580978394,clickbait
article_2561,Tuổi Trẻ,Thể thao,"Sóng gió FIFA: Chủ tịch Infantino trễ họp vì ông Trump, đại biểu phẫn nộ bỏ về",clickbait,4,0.6657909750938416,clickbait
article_2546,Tuổi Trẻ,Thể thao,"V-League 2024-2025: Bàn thắng và khán giả giảm, thẻ phạt tăng",non-clickbait,1,0.06797852367162704,non-clickbait
article_1095,Báo Mới,Other,Ghềnh Bàng - 'Viên ngọc thô' quyến rũ của bán đảo Sơn Trà,non-clickbait,0,0.7225759029388428,clickbait
article_0609,Tuổi Trẻ,Chính trị & An ninh,218 nghi phạm núp bóng doanh nghiệp gọi điện lừa đảo hàng trăm ngàn người già cả nước,non-clickbait,3,0.051605965942144394,non-clickbait
article_0362,Thanh Niên,Tin tức tổng hợp,Cục Thi hành án dân sự TP.HCM: Áp dụng biên lai điện tử từ ngày 23.6,non-clickbait,1,0.036356665194034576,non-clickbait
article_0702,SaoStar,Quốc tế,Tịch thu balo chứa hơn 2 tỷ đồng tiền mặt của một hành khách khi xuất cảnh,non-clickbait,3,0.028140753507614136,non-clickbait
article_2632,VietNamNet,Chính trị & An ninh,Bắt 6 đối tượng hiếp dâm bé gái trong rừng cao su ở Đắk Lắk,clickbait,0,0.05000489577651024,non-clickbait
article_3215,24h,Giải trí & Showbiz,Khán giả bỏ về vì concert 'Anh trai vượt ngàn chông gai' bị mất điện,non-clickbait,4,0.256552517414093,non-clickbait
article_2837,Thanh Niên,Thể thao,5 tiếng cân não giữa siêu đại kiện tướng Lê Quang Liêm và 35 kỳ thủ nhí,non-clickbait,4,0.32279276847839355,non-clickbait
article_0951,VietNamNet,Thể thao,Gần 700 VĐV dự giải cầu lông các nhóm tuổi thiếu niên QG 2025,non-clickbait,3,0.014971480704843998,non-clickbait
article_1545,SaoStar,Thể thao,Trò cưng của HLV Troussier tiễn Bình Định xuống hạng,non-clickbait,3,0.5069461464881897,clickbait
article_2084,VietNamNet,Sức khỏe & Đời sống,"Thu hồi lô thuốc chống phù nề, kháng viêm Alfachim 4.2 không đạt chất lượng",non-clickbait,1,0.048136770725250244,non-clickbait
article_1999,VnExpress,Other,Hàng trăm fan Việt đón G-Dragon,non-clickbait,0,0.04088399186730385,non-clickbait
article_1256,VietNamNet,Giáo dục & Học đường,"Tỉnh duy nhất nào của Việt Nam chưa từng sáp nhập, đổi tên hàng trăm năm qua?",clickbait,4,0.9121235609054565,clickbait
article_3567,24h,Xe & Vận tải,"Ford Territory - Khám phá ""lãnh thổ"" riêng trong thế giới crossover",clickbait,0,0.7034476399421692,clickbait
article_1476,Thanh Niên,Sức khỏe & Đời sống,Ngày mới với tin tức sức khỏe: Cách ngủ máy lạnh không bị khô họng,non-clickbait,2,0.8321685194969177,clickbait
article_0744,24h,Chính trị & An ninh,"Triệt phá đường dây lừa đảo hàng trăm ngàn người già do ""ông trùm"" ở TP HCM cầm đầu",non-clickbait,1,0.3374764025211334,non-clickbait
article_3154,VietNamNet,Other,"Vác mai đi đào khoai, tôi 'mắc kẹt' với mảnh đất 1,5 tỷ ở rìa thành phố",clickbait,4,0.9532315135002136,clickbait
article_0432,SaoStar,Sức khỏe & Đời sống,Thời tiết TP.HCM và Nam Bộ hôm nay (23/6),non-clickbait,0,0.034358687698841095,non-clickbait
article_0729,24h,Chính trị & An ninh,"Vụ hành khách ôm, xé áo nữ tài xế taxi: Dấu hiệu của tội gì?",clickbait,4,0.8372876048088074,clickbait
article_2493,VnExpress,Other,Nữ sinh bốn lần liên tiếp đạt điểm tuyệt đối Đọc - Viết ở bài thi SAT,non-clickbait,3,0.022158870473504066,non-clickbait
article_2621,VietNamNet,Chính trị & An ninh,Luật sư đề nghị miễn trách nhiệm hình sự cho bị cáo Trịnh Văn Quyết,non-clickbait,2,0.03521113842725754,non-clickbait
article_1610,24h,Thể thao,"Dự đoán tỷ số FIFA Club World Cup: PSG tự quyết vé đi tiếp, Atletico rơi ""cửa tử""",non-clickbait,1,0.38193970918655396,non-clickbait
article_3417,VietNamNet,Du lịch & Ẩm thực,Xử phạt công ty tổ chức dù lượn sau sự cố húc vào du khách trên bãi biển Hạ Long,non-clickbait,3,0.017342347651720047,non-clickbait
article_1882,SaoStar,Sức khỏe & Đời sống,"3 thực phẩm giúp 'giải nhiệt' tự nhiên, ngủ sâu và thư giãn tinh thần trong mùa hè",clickbait,3,0.9739436507225037,clickbait
article_1453,Thanh Niên,Sức khỏe & Đời sống,"Suy thận, thậm chí ung thư thận, từ những thói quen này",clickbait,0,0.9197146892547607,clickbait
article_3561,24h,Xe & Vận tải,Giá xe Ford Everest niêm yết và lăn bánh tháng 6/2025,non-clickbait,1,0.07237402349710464,non-clickbait
article_0242,Báo Mới,Thể thao,CLB Đà Nẵng muốn đổi sân đá play-off với Bình Phước,non-clickbait,2,0.029201293364167213,non-clickbait
article_1555,SaoStar,Thể thao,Đáng khen cho Công Phượng,non-clickbait,1,0.7046176791191101,clickbait
article_1675,Báo Mới,Giáo dục & Học đường,"Nghề báo là nghề dấn thân, đòi hỏi những con người đặc biệt",non-clickbait,2,0.22194033861160278,non-clickbait
article_0036,VnExpress,Tin tức tổng hợp,"Cả nước còn hơn 1,2 triệu hộ nghèo, cận nghèo",non-clickbait,4,0.037397127598524094,non-clickbait
article_2003,VnExpress,Other,Báo chí thế kỷ 20 qua ảnh tư liệu,non-clickbait,0,0.03286798298358917,non-clickbait
article_2709,Báo Mới,Other,"Meta ra mắt kính thông minh, tích hợp AI, giá từ 8 triệu đồng",non-clickbait,1,0.05577168986201286,non-clickbait
article_0389,VietNamNet,Tin tức tổng hợp,Hà Nội quyết lắp dải phân cách cứng: Không thể chấp nhận giao thông lộn xộn mãi!,non-clickbait,4,0.4644840657711029,non-clickbait
article_1852,VietNamNet,Sức khỏe & Đời sống,"Người dân chen kín vỉa hè, tranh nhau mua cua luộc ở TPHCM",non-clickbait,0,0.46453720331192017,non-clickbait
article_0236,Báo Mới,Thể thao,Không cá nhân nào lớn hơn tập thể,clickbait,0,0.834339439868927,clickbait
article_1073,Báo Mới,Other,Văn hóa - Ngọn lửa thắp sáng tinh thần dân tộc,clickbait,3,0.028274601325392723,non-clickbait
article_1789,Thanh Niên,Giáo dục & Học đường,Phụ huynh nói gì khi đăng bài tố trường 'biển thủ' tiền sách giáo khoa?,clickbait,3,0.9628131985664368,clickbait
article_1751,VnExpress,Thể thao,Vì sao Công Phượng nhường đàn em đá phạt đền?,clickbait,4,0.8537908792495728,clickbait
article_3644,Báo Mới,Other,Sân bay Vinh đóng cửa đến cuối năm 2025,non-clickbait,2,0.01587584614753723,non-clickbait
article_2638,VietNamNet,Chính trị & An ninh,15 tuổi có được đứng tên trên sổ đỏ: Sự thật khiến nhiều người bất ngờ,clickbait,1,0.9616420269012451,clickbait
article_1320,Báo Mới,Other,Động thái bất thường của NSƯT Việt Anh,clickbait,0,0.942135214805603,clickbait
article_3748,24h,Du lịch & Ẩm thực,"Món đặc sản khiến du khách ""rùng mình"" nhưng dân bản địa lại mê mẩn",clickbait,4,0.9594212770462036,clickbait
article_3377,Thanh Niên,Other,Số vụ trẻ em tử vong trong ô tô đang có chiều hướng gia tăng,non-clickbait,3,0.03484803065657616,non-clickbait
article_2748,Báo Mới,Other,Bà Đào Phạm Hoàng Quyên làm Tổng Biên tập Báo Phú Yên sau hợp nhất,non-clickbait,0,0.039564553648233414,non-clickbait
article_2954,24h,Other,6 layout độc lạ đón tuổi 24 của Bảo Ngọc - nàng hậu cao 1m86,clickbait,4,0.9005298018455505,clickbait
article_0589,VnExpress,Kinh doanh & Kinh tế,TikTok gỡ 500.000 tài khoản vi phạm mỗi năm,non-clickbait,3,0.05722925439476967,non-clickbait
article_0748,24h,Chính trị & An ninh,Án mạng đau lòng ở An Giang xuất phát từ va chạm với con chó,non-clickbait,3,0.5427117943763733,clickbait
article_1473,Thanh Niên,Sức khỏe & Đời sống,Bác sĩ chỉ cách sử dụng máy lạnh tốt cho sức khỏe,clickbait,0,0.2702876031398773,non-clickbait
article_2002,VnExpress,Other,Dấu ấn Xuân Hạnh khi giữ vương miện Miss Cosmo,non-clickbait,4,0.1264611780643463,non-clickbait
article_0447,SaoStar,Sức khỏe & Đời sống,Nhà Báo Minh Hà: Nữ nhà báo trong thời đại chuyển đổi số,non-clickbait,4,0.06483088433742523,non-clickbait
article_3307,VnExpress,Other,Khách Việt nhập cảnh Đài Loan bắt buộc khai báo trực tuyến từ 1/10,non-clickbait,4,0.04935940355062485,non-clickbait
article_0139,VietNamNet,Chính trị & An ninh,Thủ tướng: Luật Thuế thu nhập cá nhân phải thuận lợi cho đóng và hoàn thuế,non-clickbait,3,0.01701262593269348,non-clickbait
article_2506,VnExpress,Other,Giành ngôi thủ khoa chuyên Lam Sơn với hai điểm 10,non-clickbait,0,0.03358950465917587,non-clickbait
article_3092,Thanh Niên,Other,Agora và WIZ.AI đẩy mạnh các giải pháp AI cho doanh nghiệp,non-clickbait,0,0.03458621725440025,non-clickbait
article_2182,Báo Mới,Other,Chiến sĩ mới tự tin chinh phục '3 tiếng nổ',clickbait,4,0.34246155619621277,non-clickbait
article_3634,Báo Mới,Other,Huế: Quy hoạch xây dựng Khu công nghiệp Hương Lâm rộng 140 ha,non-clickbait,3,0.01686626486480236,non-clickbait
article_3035,VnExpress,Other,BMW dùng hạt lanh thay thế sợi carbon,non-clickbait,2,0.03886548429727554,non-clickbait
article_2970,Báo Mới,Công nghệ & Khoa học,Khối băng 50.000 năm hé lộ viễn cảnh khí hậu đáng sợ nhất,clickbait,4,0.9400236010551453,clickbait
article_0739,24h,Chính trị & An ninh,Lời khai ban đầu của kẻ cướp sát hại nữ chủ tiệm tạp hoá ở Đồng Nai,non-clickbait,3,0.15184348821640015,non-clickbait
article_1355,Báo Mới,Other,Có nên học lập trình trong thời đại AI bùng nổ?,clickbait,3,0.9437636137008667,clickbait
article_3002,Báo Mới,Công nghệ & Khoa học,"Nếu thời gian có 3 chiều, chúng ta có đang hiểu sai về vũ trụ?",clickbait,4,0.8836884498596191,clickbait
article_1946,Báo Mới,Thể thao,7 đội bị loại khỏi FIFA Club World Cup,non-clickbait,2,0.16377952694892883,non-clickbait
article_3081,Tuổi Trẻ,Chính trị & An ninh,"Làm giả sổ đỏ đi cầm cố, lừa chạy điểm vào học viện, nhân viên phòng đăng ký đất lãnh 19 năm tù",non-clickbait,1,0.1041124165058136,non-clickbait
article_3301,VnExpress,Other,Show diễn hai kỷ lục Guiness tại Cát Bà ưu đãi 40% giá vé,non-clickbait,1,0.054449573159217834,non-clickbait
article_3641,Báo Mới,Other,Hướng dẫn các MẪU VĂN BẢN của UBND cấp xã,non-clickbait,0,0.029535336419939995,non-clickbait
article_3247,Báo Mới,Other,"Một Seoul Chưa Biết Đến tập 11, 12: Ho Su mất thính lực, không dám đối diện Mi Ji",non-clickbait,0,0.9386322498321533,clickbait
article_0630,Thanh Niên,Other,Điểm danh lực lượng Mỹ tại Trung Đông,non-clickbait,3,0.046638038009405136,non-clickbait
article_1654,Báo Mới,Giáo dục & Học đường,"Giáo dục lý tưởng cách mạng, đạo đức, lối sống văn hóa cho thanh niên, thiếu niên, nhi đồng trên không gian mạng: Nâng cao nhận thức, kỹ năng an toàn trên không gian mạng",non-clickbait,0,0.0443485826253891,non-clickbait
article_1747,VnExpress,Thể thao,Đội nào sẽ xuống hạng ở V-League 2024-2025?,non-clickbait,3,0.9407352805137634,clickbait
article_0714,SaoStar,Quốc tế,"Hàng trăm người xông vào một siêu thị cướp giật hàng hóa lẫn tiền, người chủ bất lực chứng kiến",clickbait,4,0.7672541737556458,clickbait
article_0377,Thanh Niên,Tin tức tổng hợp,Lao động theo hợp đồng không chính thức phải đóng bảo hiểm xã hội từ 1.7?,non-clickbait,3,0.15259964764118195,non-clickbait
article_2218,VnExpress,Other,36 cán bộ y tế bị khởi tố trong đường dây 'chạy' kết luận giám định tâm thần,non-clickbait,0,0.0384661927819252,non-clickbait
article_0062,Tuổi Trẻ,Other,Từ 'tối lửa tắt đèn có nhau' đến mất lòng nhau vì chuyện tiểu tiện của chó,clickbait,0,0.9363431930541992,clickbait
article_3131,VietNamNet,Other,Bộ Xây dựng chỉ đạo ‘hồi sinh’ toà tháp nghìn tỷ trơ xương trên đất vàng Hà Nội,clickbait,4,0.7966881990432739,clickbait
article_2291,Thanh Niên,Văn hóa & Nghệ thuật,Tỉ phú Jeff Bezos và Lauren Sánchez quyên góp từ thiện trước lễ cưới,non-clickbait,0,0.1343778520822525,non-clickbait
article_2047,Thanh Niên,Du lịch & Ẩm thực,Thú vị hành trình lắng nghe tiếng rừng,non-clickbait,2,0.13643570244312286,non-clickbait
article_3135,VietNamNet,Other,Khởi công siêu dự án gần 44.000 tỷ dưới chân đèo Hải Vân,non-clickbait,2,0.03152918815612793,non-clickbait
article_1281,SaoStar,Giải trí & Showbiz,"Đình Tú bất ngờ 'chốt đơn' quỳ gối cầu hôn, danh tính cô dâu gây chú ý",clickbait,4,0.9529695510864258,clickbait
article_1901,24h,Thể thao,"Video tennis Alcaraz - Munar: Kịch tính 3 giờ 23 phút, bản lĩnh ""tiểu Nadal"" (Queen's Club)",non-clickbait,3,0.06669066101312637,non-clickbait
article_2689,24h,Other,G-Dragon diện chiếc áo 'bà thím' suốt chuyến đi Việt Nam,non-clickbait,0,0.9221324920654297,clickbait
article_0644,Thanh Niên,Quốc tế,Nghị sĩ Dân chủ Mỹ đòi luận tội Tổng thống Trump sau vụ tấn công Iran,non-clickbait,3,0.04913078621029854,non-clickbait
article_0512,Báo Mới,Quốc tế,Tổng thống Mỹ họp thảo luận về tình hình Iran,non-clickbait,1,0.054048750549554825,non-clickbait
article_3315,VnExpress,Other,Du lịch team building hè sôi động,non-clickbait,2,0.030271871015429497,non-clickbait
article_1723,VnExpress,Thể thao,Dortmund 4-3 Mamelodi Sundowns,non-clickbait,0,0.04165676608681679,non-clickbait
article_3616,Báo Mới,Other,Tổng giám đốc Joon Park: Sheraton Hanoi West sẽ là nơi hội tụ và thăng hoa văn hóa nghỉ dưỡng,non-clickbait,0,0.052618954330682755,non-clickbait
article_2399,SaoStar,Kinh doanh & Kinh tế,Giá vàng hôm nay (10/6): Vàng nhẫn biến động,non-clickbait,1,0.07049557566642761,non-clickbait
article_2409,24h,Other,Bảng giá Apple Watch tháng 6: Giảm nhiều nhất 3 triệu đồng,non-clickbait,1,0.08517511188983917,non-clickbait
article_3621,Báo Mới,Other,Phó Thủ tướng Thường trực Chính phủ: Không hợp thức hóa các sai phạm liên quan các dự án tồn đọng,non-clickbait,4,0.03534407541155815,non-clickbait
article_1753,VnExpress,Thể thao,"Công Phượng, Phi Sơn giúp Bình Phước đoạt vé play-off",non-clickbait,4,0.039750516414642334,non-clickbait
article_1556,SaoStar,Thể thao,Công Phượng đã đúng về 'Ronaldo Việt Nam',clickbait,3,0.9657383561134338,clickbait
article_3328,VnExpress,Other,"Bình Định đón 6,5 triệu khách du lịch trong 6 tháng",non-clickbait,2,0.023779984563589096,non-clickbait
article_2787,VnExpress,Other,Mẹo luộc khoai lang ít người biết,clickbait,1,0.9237988591194153,clickbait
article_2744,Báo Mới,Công nghệ & Khoa học,PVCFC đạt 2 giải thưởng tại Industrie 4.0 Awards 2025,non-clickbait,4,0.026330305263400078,non-clickbait
article_0262,Báo Mới,Thể thao,Lịch thi đấu bóng đá hôm nay ngày 21/6/2025,non-clickbait,2,0.026205413043498993,non-clickbait
article_2148,24h,Công nghệ & Khoa học,"Microsoft chế giễu ""đột phá"" iOS 26 của Apple",clickbait,0,0.915280282497406,clickbait
article_1138,VnExpress,Other,Có nên bán nhà 40 m2 trong ngõ chuyển sang chung cư?,non-clickbait,4,0.7405498623847961,clickbait
article_0978,SaoStar,Giải trí & Showbiz,Rộ tin nữ ca sĩ hàng đầu showbiz đã bí mật kết hôn với tỷ phú đồng hồ,clickbait,2,0.9767136573791504,clickbait
article_0380,Thanh Niên,Tin tức tổng hợp,Nghề báo chuyên nghiệp của nhà tình báo Phạm Xuân Ẩn,non-clickbait,1,0.14959348738193512,non-clickbait
article_0353,Thanh Niên,Tin tức tổng hợp,HĐND TP.Đà Nẵng tổ chức kỳ họp cuối 'có ý nghĩa đặc biệt',non-clickbait,4,0.13712754845619202,non-clickbait
article_2414,24h,Other,"Galaxy S25 Edge gây sốc khi ""sống sót"" qua bài thử bẻ cong khét tiếng",clickbait,0,0.9562273025512695,clickbait
article_1987,VnExpress,Other,Hậu trường hóa trang 'ma giữ của' trong phim Út Lan,non-clickbait,4,0.8070808053016663,clickbait
article_1360,Báo Mới,Other,Vận hành thử nghiệm mô hình Trung tâm Phục vụ hành chính công xã Tiểu Cần,non-clickbait,3,0.012600625865161419,non-clickbait
article_1730,VnExpress,Thể thao,Pogba tái xuất sân cỏ,non-clickbait,3,0.16244646906852722,non-clickbait
article_2714,Báo Mới,Công nghệ & Khoa học,'Bộ tứ' chính sách thúc đẩy đổi mới sáng tạo,non-clickbait,4,0.1977541446685791,non-clickbait
article_0093,Thanh Niên,Chính trị & An ninh,"Quốc hội thông qua Nghị quyết sửa đổi Hiến pháp, bỏ cấp huyện từ 1.7",non-clickbait,0,0.03760863468050957,non-clickbait
article_3737,24h,Du lịch & Ẩm thực,Mâm cơm dân dã ngày hè với cá ngần,non-clickbait,3,0.10370323061943054,non-clickbait
article_2923,SaoStar,Du lịch & Ẩm thực,Cánh đồng lúa đẹp nhất Việt Nam tại Tam Cốc,non-clickbait,4,0.21866938471794128,non-clickbait
article_2766,VnExpress,Other,Ước mơ lớn nhất của người thợ cắt tóc,non-clickbait,1,0.5197574496269226,clickbait
article_0123,VietNamNet,Chính trị & An ninh,Phản ứng của Việt Nam trước việc Mỹ tấn công cơ sở hạt nhân Iran,non-clickbait,1,0.06960495561361313,non-clickbait
article_0131,VietNamNet,Chính trị & An ninh,Chủ tịch Đồng Tháp chia sẻ về việc đi kiểm tra thực tế tại cơ sở sau sáp nhập,non-clickbait,1,0.04913078621029854,non-clickbait
article_0782,Báo Mới,Tin tức tổng hợp,"Quảng Ninh: Công bố Quyết định giải thể Ban CHQS huyện (thị xã, thành phố)",non-clickbait,1,0.04146227240562439,non-clickbait
article_1796,Thanh Niên,Giáo dục & Học đường,Thi tốt nghiệp THPT thay đổi ra sao để phù hợp với thế giới?,clickbait,1,0.37251949310302734,non-clickbait
article_0721,SaoStar,Quốc tế,"Bị nhốt trong bếp suốt 2 ngày, cô gái được cứu nhờ ý tưởng không ai ngờ đến",clickbait,0,0.948441743850708,clickbait
article_2125,SaoStar,Giáo dục & Học đường,Mẹ bất lực vì con gái lớp 12 chỉ mê đồ trang sức nhựa: Con tôi đã thật sự hỏng rồi,clickbait,4,0.9461008310317993,clickbait
article_0837,VnExpress,Công nghệ & Khoa học,Giải thưởng AI Awards 2025 mở cổng nhận đề cử,non-clickbait,2,0.0189962275326252,non-clickbait
article_2086,VietNamNet,Sức khỏe & Đời sống,Điều gì xảy ra với cơ thể khi bạn uống trà xanh hằng ngày trong 2 tuần?,clickbait,1,0.9427707195281982,clickbait
article_0002,VnExpress,Tin tức tổng hợp,5 người thoát nạn khi ôtô bị lũ cuốn,non-clickbait,4,0.07081619650125504,non-clickbait
article_3682,24h,Giải trí & Showbiz,"Khốc liệt cuộc đua Ngoại hạng Anh 2024/25, đội nào ""biến hóa” nhất về chiến thuật?",clickbait,0,0.9578728675842285,clickbait
article_1028,24h,Kinh doanh & Kinh tế,"Vợ chồng Hà Nội rời phố về biển, chi tiền ""biến” nhà cũ thành homestay đẹp như mơ",non-clickbait,4,0.9160345196723938,clickbait
article_2990,Báo Mới,Công nghệ & Khoa học,Phát hiện người phụ nữ mang nhóm máu mới độc nhất vô nhị trên thế giới,clickbait,4,0.925567090511322,clickbait
article_1114,VnExpress,Other,AI góp phần định hình thị trường bất động sản như thế nào?,non-clickbait,3,0.907967209815979,clickbait
article_0324,VnExpress,Quốc tế,Israel cáo buộc Iran hack camera để thu thập thông tin tình báo,non-clickbait,0,0.06910072267055511,non-clickbait
article_0222,Báo Mới,Thể thao,Messi nói lời chân tình về Ronaldo,clickbait,3,0.9092645049095154,clickbait
article_3484,Báo Mới,Xe & Vận tải,"Giá xe ga Honda Vario 125 cuối tháng 6/2025, ưu đãi tiền triệu",non-clickbait,2,0.025492332875728607,non-clickbait
article_3640,Báo Mới,Other,"Gói thầu hơn 6,3 tỷ tại huyện Phú Thiện (Gia Lai): Mất quyền làm rõ, Phú Gia Thịnh phản ứng",clickbait,4,0.05223085358738899,non-clickbait
article_1715,VnExpress,Thể thao,Juventus 4-1 Wydad,non-clickbait,2,0.08359067142009735,non-clickbait
article_1372,Báo Mới,Kinh doanh & Kinh tế,Điều hòa công suất lớn chịu thuế tiêu thụ đặc biệt từ 2026,non-clickbait,0,0.03422932326793671,non-clickbait
article_3699,24h,Sức khỏe & Đời sống,"Thực phẩm giàu nước cần bổ sung cho các sĩ tử, để không bị mất nước do trời nắng nóng",clickbait,2,0.7857198715209961,clickbait
article_1853,VietNamNet,Sức khỏe & Đời sống,"Cô dâu ở TPHCM xinh như búp bê, đầu đội vương miện làm từ 10 cây vàng",clickbait,1,0.9239361882209778,clickbait
article_1137,VnExpress,Other,Kiên Giang gọi đầu tư loạt khu đô thị tỷ USD ở Phú Quốc,non-clickbait,1,0.05365069955587387,non-clickbait
article_2097,VietNamNet,Sức khỏe & Đời sống,"Trước khi bị xác định là hàng giả, sữa HIUP được quảng cáo ‘nổ’ như thế nào?",clickbait,4,0.9425595998764038,clickbait
article_1808,Thanh Niên,Giáo dục & Học đường,Nhiều ứng viên nghề luật ngỡ ngàng khi được hỏi có chịu khó không?,clickbait,4,0.9312127232551575,clickbait
article_3768,24h,Du lịch & Ẩm thực,12 vườn hồng hút khách check in tại Nhật Bản,non-clickbait,1,0.8104038834571838,clickbait
article_0082,Thanh Niên,Tin tức tổng hợp,Cơ cấu tổ chức của Ủy ban MTTQ Việt Nam TP.HCM mới từ ngày 1.7,non-clickbait,4,0.02917362004518509,non-clickbait
article_2697,24h,Other,Hãy thử sức mình với xu hướng kẻ viền môi màu nâu,non-clickbait,0,0.8084455132484436,clickbait
article_3342,VnExpress,Other,Nhà hàng Việt ở Mỹ chinh phục khách bằng món gỏi cuốn,non-clickbait,4,0.21883626282215118,non-clickbait
article_2424,Báo Mới,Chính trị & An ninh,"Bắt 36 lãnh đạo, cán bộ Viện pháp y tâm thần Trung ương liên quan đường dây 'chạy' giám định tâm thần",non-clickbait,3,0.014813887886703014,non-clickbait
article_1357,Báo Mới,Kinh doanh & Kinh tế,Tân Cảng Sài Gòn đồng hành cùng cộng đồng doanh nghiệp tại Hội nghị Đối thoại Hải quan 2025,non-clickbait,3,0.013636834919452667,non-clickbait
article_1343,Báo Mới,Other,Cục Thi hành án dân sự TP Hồ Chí Minh đẩy nhanh chuyển đổi số trong thi hành án,non-clickbait,4,0.027611490339040756,non-clickbait
article_1105,VnExpress,Other,Đà Nẵng dự kiến tăng giá đất cao nhất lên 340 triệu đồng một m2,non-clickbait,2,0.03305475041270256,non-clickbait
article_3251,Báo Mới,Other,8 thói quen khiến lỗ chân lông trên mặt ngày càng lớn,clickbait,3,0.9710468649864197,clickbait
article_0440,SaoStar,Sức khỏe & Đời sống,"Lịch âm hôm nay 22/6/2025: Tránh xây dựng, cưới hỏi kẻo rước phiền toái",non-clickbait,1,0.27717941999435425,non-clickbait
article_2525,VnExpress,Other,Sinh viên DTU vô địch giải quản trị doanh nghiệp quốc tế,non-clickbait,1,0.0426025427877903,non-clickbait
article_1167,VnExpress,Other,Nhà 65 m2 'cởi mở' cho gia chủ độc thân,clickbait,0,0.883135199546814,clickbait
article_2957,24h,Other,"Giảm 44 kg vì vợ, blogger Malaysia 'lột xác' trong lễ cưới",clickbait,4,0.9343352913856506,clickbait
article_1155,VnExpress,Other,Nhà phố 5 tầng đa năng cho gia đình trẻ,non-clickbait,4,0.0682264193892479,non-clickbait
article_3107,Thanh Niên,Other,Camera an ninh lưu trữ cảnh quay trong bao lâu?,clickbait,4,0.5827581882476807,clickbait
article_1220,Thanh Niên,Sức khỏe & Đời sống,Ngôi nhà cổ gần 90 năm ở TP.HCM: Vẻ đẹp hiếm có giữa đồng lúa xanh,non-clickbait,2,0.8827314972877502,clickbait
article_0931,Thanh Niên,Other,Quét mã QR cho... dừa,clickbait,0,0.3698838949203491,non-clickbait
article_3274,Báo Mới,Sức khỏe & Đời sống,Kết quả xổ số Vietlott Power ngày 23/6/2025,non-clickbait,0,0.035745806992053986,non-clickbait
article_2252,VnExpress,Other,Trinh sát quật ngã nghi can sát hại bà chủ tiệm tạp hóa,non-clickbait,2,0.041969768702983856,non-clickbait
article_0338,Tuổi Trẻ,Other,Iran có nói 'tạo bất ngờ khiến thế giới ghi nhớ hàng thế kỷ'?,clickbait,2,0.9765576720237732,clickbait
article_3503,Báo Mới,Xe & Vận tải,SUV của BYD lộ ảnh ngoại thất tương đồng Land Rover Defender,non-clickbait,3,0.20283767580986023,non-clickbait
article_0372,Thanh Niên,Other,Công bố danh mục địa bàn cấp xã áp dụng lương tối thiểu vùng từ 1.7,non-clickbait,0,0.029256708920001984,non-clickbait
article_0253,Báo Mới,Thể thao,Sancho gật đầu với Napoli,non-clickbait,3,0.09877259284257889,non-clickbait
article_0446,SaoStar,Sức khỏe & Đời sống,"Video: Mẹ nhẫn tâm bỏ con mới 18 tháng giữa đường, người chồng nói lý do gây bất ngờ",clickbait,1,0.96518474817276,clickbait
article_2387,SaoStar,Kinh doanh & Kinh tế,"Giá vàng hôm nay (16/6): Trong nước tiếp tục bứt phá, vàng nhẫn đắt ngang vàng miếng",non-clickbait,2,0.0350126251578331,non-clickbait
article_1006,24h,Kinh doanh & Kinh tế,"""Mỗi chiếc B-2 giá hơn 2,2 tỷ USD”: Mỹ ""đốt” chi phí khủng tấn công các địa điểm hạt nhân của Iran",clickbait,4,0.5456185936927795,clickbait
article_1600,24h,Thể thao,"Messi đá phạt ""thần sầu"" với 68 bàn ảo diệu, so kè ""vua sút phạt” châu Âu",clickbait,4,0.8818185925483704,clickbait
article_0737,24h,Chính trị & An ninh,"Bị dẫn dụ vào ""chiếc bẫy cũ”, người phụ nữ ở Quảng Ngãi ""bay màu” 2,7 tỉ đồng",clickbait,1,0.9042285680770874,clickbait
article_2139,24h,Công nghệ & Khoa học,"Khám phá ""trạng thái thứ ba” giữa sự sống và cái chết",clickbait,4,0.7281204462051392,clickbait
article_0955,VietNamNet,Thể thao,"Nhận vé rớt hạng, cầu thủ Bình Định đổ gục xuống sân",non-clickbait,3,0.43129226565361023,non-clickbait
article_1602,24h,Thể thao,Lịch thi đấu bóng đá CLB Manchester City mới nhất,non-clickbait,0,0.07329727709293365,non-clickbait
article_3375,Thanh Niên,Other,"Ô tô con lại đi lùi trên cao tốc, phạt tiền đến 40 triệu vẫn chưa sợ?",clickbait,0,0.9370381236076355,clickbait
article_1739,VnExpress,Thể thao,Vấn đề dinh dưỡng của Alcaraz và Sinner phức tạp thế nào,non-clickbait,0,0.8958420157432556,clickbait
article_0371,Thanh Niên,Tin tức tổng hợp,TP.HCM: Dân kêu trời vì cơ sở giặt wash xả khói thải gây ô nhiễm môi trường,non-clickbait,1,0.24256429076194763,non-clickbait
article_3055,VnExpress,Other,Fastport eQuad - xe điện lạ mắt của Honda,non-clickbait,2,0.09451042860746384,non-clickbait
article_2152,24h,Công nghệ & Khoa học,"Cách tải phiên bản iOS 26 để trải nghiệm sớm giao diện ""Liquid Glass""",non-clickbait,3,0.297725111246109,non-clickbait
article_2137,24h,Công nghệ & Khoa học,"Mặt trận ""không bom đạn” nhưng vô cùng khốc liệt giữa Israel và Iran",clickbait,4,0.6001005172729492,clickbait
article_0243,Báo Mới,Thể thao,Lịch thi đấu bóng đá hôm nay ngày 23/6/2025,non-clickbait,1,0.07329727709293365,non-clickbait
article_3292,VnExpress,Other,Trọn bộ kinh nghiệm cho người lần đầu du lịch Trung Quốc tự túc,non-clickbait,3,0.14481274783611298,non-clickbait
article_1743,VnExpress,Thể thao,Huyền thoại UFC Jon Jones giải nghệ,non-clickbait,0,0.22601395845413208,non-clickbait
article_3389,Thanh Niên,Other,3 vạch kẻ đường dễ khiến tài xế 'dính' phạt nguội trong nội thành,non-clickbait,0,0.8917638659477234,clickbait
article_1369,Báo Mới,Kinh doanh & Kinh tế,Theo dõi chặt diễn biến về giá cước vận tải biển,non-clickbait,0,0.02970375120639801,non-clickbait
article_2228,VnExpress,Other,"Người mẹ bị lừa 2,7 tỷ đồng khi đăng ký trại hè cho con",non-clickbait,0,0.2230384349822998,non-clickbait
article_0057,Tuổi Trẻ,Kinh doanh & Kinh tế,Tin tức sáng 23-6: Quốc hội biểu quyết thông qua nhiều luật; Một công ty ở TP.HCM bị phạt nặng,non-clickbait,3,0.038178276270627975,non-clickbait
article_3655,24h,Giải trí & Showbiz,Chính sách bảo hiểm thất nghiệp có nhiều thay đổi từ 2026,non-clickbait,4,0.028843538835644722,non-clickbait
article_1060,Báo Mới,Other,Xã hội hóa lễ hội pháo hoa quốc tế: Tạo sức bật cho ngành du lịch Đà Nẵng,non-clickbait,1,0.05577168986201286,non-clickbait
article_1768,Tuổi Trẻ,Other,Về Furama Resort Đà Nẵng săn hàng hiệu giảm giá,non-clickbait,4,0.06064055114984512,non-clickbait
article_2652,SaoStar,Công nghệ & Khoa học,PUBG Mobile mang trải nghiệm Attack on Titan đến Vietnam GameVerse 2025,non-clickbait,2,0.024798160418868065,non-clickbait
article_2978,Báo Mới,Công nghệ & Khoa học,Ngôi mộ trẻ em 8.000 năm tuổi tiết lộ bí mật rùng mình,clickbait,3,0.9811307191848755,clickbait
article_0046,VnExpress,Tin tức tổng hợp,Giải pháp nào để báo chí cạnh tranh với mạng xã hội?,non-clickbait,0,0.777553379535675,clickbait
article_1178,Tuổi Trẻ,Công nghệ & Khoa học,"Khám phá Search Live, công cụ tìm kiếm bằng giọng nói mới của Google",non-clickbait,4,0.07423136383295059,non-clickbait
article_2612,Thanh Niên,Chính trị & An ninh,Đời nghệ sĩ,clickbait,2,0.44884899258613586,non-clickbait
article_1208,Thanh Niên,Sức khỏe & Đời sống,Chủ quán phở Lâm sững sờ khi phát hiện được Michelin vinh danh,non-clickbait,4,0.9312127232551575,clickbait
article_0970,Kênh14,Giải trí & Showbiz,"Cặp sao Việt bị đồn phim giả tình thật suốt 5 năm: Nhà gái tự tay đẩy thuyền, tiết lộ cách xưng hô chấn động",clickbait,4,0.9667574763298035,clickbait
article_2170,Báo Mới,Giải trí & Showbiz,Suga (BTS) gây chấn động dư luận Hàn Quốc,clickbait,0,0.932268500328064,clickbait
article_2675,24h,Other,"Thí sinh hoa hậu catwalk với đồ tái chế từ bao tải, diễn áo tắm rực lửa",non-clickbait,0,0.17674264311790466,non-clickbait
article_1802,Thanh Niên,Giáo dục & Học đường,"Chấm thi tuyển sinh lớp 10 TP.HCM: Không còn 'mưa' điểm 8, 9 môn văn",non-clickbait,1,0.08314292132854462,non-clickbait
article_2878,Thanh Niên,Other,'Ngày chạy Olympic vì sức khỏe toàn dân 2025' quy tụ hàng nghìn người tham gia,non-clickbait,4,0.04594820365309715,non-clickbait
article_3402,Thanh Niên,Other,Đề xuất bỏ quy định lái xe tối đa 48 giờ một tuần: Tài xế nói gì?,clickbait,1,0.9228308200836182,clickbait
article_2462,Báo Mới,Other,"Nói dân 'mồm thối', một CSGT ở Đắk Lắk bị xem xét điều chuyển khỏi lực lượng",non-clickbait,4,0.6464044451713562,clickbait
article_2392,SaoStar,Kinh doanh & Kinh tế,Giá vàng hôm nay (14/6): Vàng nhẫn vẫn là lựa chọn hợp lý,non-clickbait,3,0.024191485717892647,non-clickbait
article_0339,Tuổi Trẻ,Other,Sự thật về video 'vụ nổ cơ sở hạt nhân Fordow' khi Mỹ tấn công,non-clickbait,0,0.7996770739555359,clickbait
article_0616,Tuổi Trẻ,Chính trị & An ninh,"Đăng ký thường trú qua VNeID, cần giấy tờ gì?",clickbait,2,0.32156652212142944,non-clickbait
article_1917,24h,Thể thao,"Người đẹp bóng chuyền cao ngất ngưởng 2m05, tâm điểm ở giải thế giới VNL 2025",non-clickbait,3,0.3311738073825836,non-clickbait
article_1567,SaoStar,Thể thao,CLB Quảng Nam dễ rớt hạng nếu thua HAGL,non-clickbait,4,0.11240507662296295,non-clickbait
article_0374,Thanh Niên,Tin tức tổng hợp,Từ 1.7.2025: Lương hưu nhà nước và tư nhân có còn chênh lệch?,non-clickbait,2,0.19644053280353546,non-clickbait
article_3388,Thanh Niên,Other,"Ô tô điện siêu nhỏ Trung Quốc sắp bán tại Việt Nam, giá dưới 200 triệu đồng",non-clickbait,4,0.06578465551137924,non-clickbait
article_1908,24h,Thể thao,Nóng nhất thể thao tối 22/6: Ngọc Hoa dẫn dắt tuyển bóng chuyền Việt Nam ở giải Thượng Hải,non-clickbait,1,0.13296423852443695,non-clickbait
article_0109,VietNamNet,Chính trị & An ninh,Đề xuất áp dụng nhập làn theo quy tắc 'dây kéo áo' để giảm ùn tắc giao thông,non-clickbait,3,0.02391638606786728,non-clickbait
article_2700,24h,Other,Balenciaga ra mắt dòng sản phẩm quà lưu niệm mùa hè và đồ dùng thời tiết,non-clickbait,0,0.0638899877667427,non-clickbait
article_3570,24h,Xe & Vận tải,Giới siêu giàu đem siêu xe McLaren Solus GT độc nhất lên du thuyền,non-clickbait,0,0.8327133059501648,clickbait
article_1839,VietNamNet,Sức khỏe & Đời sống,Chồng thản nhiên ngoại tình trên ô tô mua bằng tiền mượn bố mẹ vợ,clickbait,3,0.9623205661773682,clickbait
article_2861,Thanh Niên,Other,Đáng buồn 2 cựu vương V-League chật vật đua trụ hạng: Cùng thoát hiểm được không?,clickbait,2,0.9757624268531799,clickbait
article_0600,VnExpress,Kinh doanh & Kinh tế,"Phó thủ tướng: Đàm phán với Mỹ tích cực, nỗ lực để mức thuế 46% 'không xảy ra'",non-clickbait,3,0.017900168895721436,non-clickbait
article_3775,24h,Du lịch & Ẩm thực,Eo Gió Quan Lạn thiên đường hoang sơ làm say lòng du khách,clickbait,3,0.25027090311050415,non-clickbait
article_2391,SaoStar,Kinh doanh & Kinh tế,Giá xăng dầu hôm nay 14/6: Tăng mạnh chưa từng thấy,clickbait,2,0.7288448214530945,clickbait
article_0185,24h,Tin tức tổng hợp,Sứ quán Việt Nam tại Israel ra thông báo khẩn sau vụ Mỹ tấn công Iran,non-clickbait,4,0.03963884338736534,non-clickbait
article_1670,Báo Mới,Other,"Điểm chuẩn vào lớp 10 chuyên, tích hợp giảm",non-clickbait,3,0.019606182351708412,non-clickbait
article_1480,Thanh Niên,Sức khỏe & Đời sống,Chuyên gia chỉ ra thực phẩm không nên ăn sống,non-clickbait,4,0.8996956944465637,clickbait
article_3365,Tuổi Trẻ,Sức khỏe & Đời sống,Cảnh báo bệnh ban xuất huyết Schonlein - Henoch gây biến chứng thận nguy hiểm ở trẻ em,non-clickbait,3,0.03750273957848549,non-clickbait
article_0974,Kênh14,Giải trí & Showbiz,"10 phim Hàn hay nhất nửa đầu 2025: So Ji Sub gây sốt toàn cầu, số 1 xứng danh tuyệt phẩm nhân gian",clickbait,4,0.9135223627090454,clickbait
article_2485,VnExpress,Other,Nam sinh giành 'cú đúp' thủ khoa lớp 10 chuyên Toán,non-clickbait,1,0.3298233151435852,non-clickbait
article_3086,Tuổi Trẻ,Other,7 thay đổi nhà bếp trước và sau khi cải tạo,clickbait,0,0.8482822179794312,clickbait
article_0692,Kênh14,Giải trí & Showbiz,"Màn trình diễn giúp 1 Chị Đẹp được phong là ""thần"", fan sắc đẹp đòi nữ ca sĩ bỏ mic đi thi Hoa hậu",clickbait,0,0.9689150452613831,clickbait
article_0713,SaoStar,Quốc tế,"Đi câu cùng gia đình, người phụ nữ câu được loài cá khổng lồ",clickbait,1,0.9067357778549194,clickbait
article_3029,VnExpress,Other,Đại lý báo giá Skoda Kushaq từ dưới 600 triệu đồng,non-clickbait,3,0.017045317217707634,non-clickbait
article_0652,Thanh Niên,Other,"Ông Trump 'mập mờ chiến lược', nói sẽ quyết chuyện Iran trong vòng 2 tuần tới",clickbait,1,0.9356411695480347,clickbait
article_0598,VnExpress,Kinh doanh & Kinh tế,Xuất khẩu nam châm đất hiếm của Trung Quốc thấp nhất 5 năm,non-clickbait,3,0.02571159042418003,non-clickbait
article_1511,VietNamNet,Quốc tế,"Ngoại trưởng Iran chỉ trích Mỹ, chuẩn bị đến Nga tham vấn ông Putin",non-clickbait,0,0.05330468714237213,non-clickbait
article_1463,Thanh Niên,Sức khỏe & Đời sống,"Ung thư đại tràng ngày càng trẻ hóa, bác sĩ chỉ cách phòng ngừa",clickbait,4,0.857231080532074,clickbait
article_2327,Thanh Niên,Other,"Hôm nay, trao giải cuộc thi viết và ra mắt sách 'Nghĩa tình miền Tây'",non-clickbait,2,0.016979990527033806,non-clickbait
article_0818,Báo Mới,Tin tức tổng hợp,Thủ tướng họp triển khai Triển lãm thành tựu của đất nước kỷ niệm 80 năm Quốc khánh,non-clickbait,2,0.014957087114453316,non-clickbait
article_0704,SaoStar,Quốc tế,Nam sinh 20 tuổi chạy thận suốt đời vì ăn sáng với bánh mì và sữa liên tục,clickbait,4,0.9268352389335632,clickbait
article_0141,Kênh14,Sức khỏe & Đời sống,Bà Tuyết Diamond là ai?,clickbait,2,0.972933828830719,clickbait
article_2806,Tuổi Trẻ,Giáo dục & Học đường,Tuyển sinh lớp 10 ở TP.HCM: Chỉ 488 thí sinh được 10 điểm môn ngoại ngữ,non-clickbait,2,0.24229523539543152,non-clickbait
article_3454,24h,Xe & Vận tải,"Clip: Thót tim nhiều xe máy trượt ngã vì khúc cua ""tử thần” trong làng",clickbait,2,0.9624620079994202,clickbait
article_1920,Báo Mới,Thể thao,Futsal Việt Nam được chọn làm hạt giống số 1 tại vòng loại châu Á,non-clickbait,3,0.018546564504504204,non-clickbait
article_0213,24h,Tin tức tổng hợp,[CLIP] Thanh niên vô cớ bị người đàn ông ‘tung cước’,clickbait,0,0.9378399848937988,clickbait
article_1471,Thanh Niên,Sức khỏe & Đời sống,Chuyên gia chỉ cách uống cà phê vừa tốt vừa không lo răng ố vàng,clickbait,2,0.9746044874191284,clickbait
article_3224,24h,Giải trí & Showbiz,"Cặp chị em lệch nhau 19 tuổi vẫn yêu đương ngọt xớt: Nhà gái là ""tình đầu quốc dân"" nhan sắc bất bại",clickbait,1,0.9613164663314819,clickbait
article_1690,Báo Mới,Giáo dục & Học đường,"Công tác đoàn, đội trường học năm 2024-2025 đạt nhiều kết quả nổi bật",non-clickbait,0,0.02546808309853077,non-clickbait
article_0033,VnExpress,Tin tức tổng hợp,"Xe tải lao vào nhà dân, một người chết",non-clickbait,1,0.05330468714237213,non-clickbait
article_2752,Báo Mới,Công nghệ & Khoa học,"Giao thông công cộng 'zero‑carbon': Bài học Paris cho Hà Nội, TP. HCM",non-clickbait,0,0.1809011697769165,non-clickbait
article_1521,VietNamNet,Quốc tế,"Mỹ tấn công 3 cơ sở hạt nhân Iran, loạt máy bay ném bom B-2 lên đường",non-clickbait,1,0.07429850846529007,non-clickbait
article_2430,Báo Mới,Chính trị & An ninh,Bắt Chủ tịch Công ty Nước GMT Sỹ Anh Tuyên,non-clickbait,0,0.02673386223614216,non-clickbait
article_3407,VietNamNet,Du lịch & Ẩm thực,Hòn đảo bí ẩn hình bầu ngực hút khách nữ tới cầu tình duyên,clickbait,2,0.9128255248069763,clickbait
article_3668,24h,Thể thao,"Video bóng đá Flamengo - Chelsea: Thẻ đỏ tai hại, thất bại gây sốc (FIFA Club World Cup)",clickbait,1,0.7996770739555359,clickbait
article_0738,24h,Chính trị & An ninh,"Nước mắt của người mẹ có đứa con trai trượt dài trên con đường 'cơm tù, áo số'",clickbait,4,0.8020133376121521,clickbait
article_0740,24h,Chính trị & An ninh,"Nữ cán bộ huyện liên kết với thầy bói lừa tiền ""đại gia” xăng dầu",clickbait,2,0.3228461742401123,non-clickbait
article_1622,24h,Thể thao,"Inter Milan nhận bàn thua lịch sử ở Club World Cup, CLB Nhật Bản hiên ngang rời giải",clickbait,2,0.8219748735427856,clickbait
article_2850,Thanh Niên,Văn hóa & Nghệ thuật,Kỳ 109: Cà phê và võ học trong tiến trình rèn luyện Thân - Tâm - Trí,non-clickbait,2,0.047691281884908676,non-clickbait
article_3162,24h,Giải trí & Showbiz,G-Dragon cảm ơn Hà Nội,non-clickbait,1,0.10203596204519272,non-clickbait
article_0759,Báo Mới,Tin tức tổng hợp,Nguyên Phó Trưởng Ban Khoa giáo Trung ương Nguyễn Hữu Tăng từ trần,non-clickbait,2,0.018038028851151466,non-clickbait
article_0245,Báo Mới,Thể thao,Top 10 thương vụ đắt giá nhất lịch sử Premier League,clickbait,0,0.8150853514671326,clickbait
article_0790,Báo Mới,Tin tức tổng hợp,Trao Huy hiệu 80 năm tuổi Đảng tặng đảng viên lão thành Phùng Quang Hào,non-clickbait,1,0.050752390176057816,non-clickbait
article_1448,Thanh Niên,Sức khỏe & Đời sống,Ngày mới với tin tức sức khỏe: Ai thuộc nhóm dễ bị tiểu đường?,clickbait,4,0.8442806601524353,clickbait
article_1111,VnExpress,Other,Khởi công dự án nghỉ dưỡng 44.000 tỷ đồng dưới chân đèo Hải Vân,non-clickbait,4,0.02693789079785347,non-clickbait
article_2389,SaoStar,Kinh doanh & Kinh tế,Kịch bản khiến vàng nhẫn giảm hẳn 11 triệu đồng/lượng?,clickbait,1,0.9519079327583313,clickbait
article_0252,Báo Mới,Thể thao,Jadon Sancho đạt thỏa thuận cá nhân với Napoli,non-clickbait,4,0.09463585913181305,non-clickbait
article_0986,SaoStar,Giải trí & Showbiz,Lời mời từ Tổng thống Macron dành cho 'cha đẻ' SM Lee Soo Man,non-clickbait,0,0.7956183552742004,clickbait
article_1043,24h,Other,Quảng Bình – Từ vùng đất hoang sơ vươn mình thành điểm đến toàn cầu,non-clickbait,1,0.20378674566745758,non-clickbait
article_0933,Thanh Niên,Other,"Trồng khóm hữu cơ kết hợp nuôi ốc lác, nông dân miền Tây kiếm bộn tiền",non-clickbait,2,0.4585002660751343,non-clickbait
article_0487,24h,Quốc tế,Nhìn lại cuộc bạo loạn khiến hơn 60 người mất mạng ở Los Angeles,non-clickbait,2,0.40845373272895813,non-clickbait
article_3161,24h,Giải trí & Showbiz,Rộ tin đồn Lisa BLACKPINK bí mật kết hôn với Frédéric Arnault,clickbait,3,0.930647611618042,clickbait
article_3102,Thanh Niên,Other,LG ra mắt dòng màn hình tương tác thông minh LG CreateBoard,non-clickbait,0,0.03645944222807884,non-clickbait
article_1232,Thanh Niên,Other,Những ông bà cụ U.90 bươn chải nơi xóm vé số ở TP.HCM bất ngờ nhận quà ấm áp sau tết,non-clickbait,2,0.8983213901519775,clickbait
article_1811,Thanh Niên,Giáo dục & Học đường,Đại học Huế: Mở rộng hợp tác quốc tế hướng đến thị trường lao động toàn cầu,non-clickbait,2,0.016657039523124695,non-clickbait
article_1223,Thanh Niên,Other,Cách thiết kế phòng ngủ giúp phục hồi năng lượng: Gợi ý từ kiến trúc sư,non-clickbait,4,0.6032162308692932,clickbait
article_0425,Kênh14,Thể thao,Thiên Trường trẩy hội trong ngày Nam Định đăng quang ngôi vô địch V-League,non-clickbait,3,0.06210312247276306,non-clickbait
article_3021,VnExpress,Other,Hyundai Kona Hybrid ra mắt thị trường Đông Nam Á,non-clickbait,2,0.026280280202627182,non-clickbait
article_1681,Báo Mới,Giáo dục & Học đường,Hơn 12.000 cán bộ coi thi kỳ thi tốt nghiệp THPT,non-clickbait,1,0.041037436574697495,non-clickbait
article_1255,VietNamNet,Giáo dục & Học đường,Tỉnh nào có diện tích lớn nhất Việt Nam sau sáp nhập?,clickbait,0,0.9437118172645569,clickbait
article_3698,24h,Sức khỏe & Đời sống,6 loại thực phẩm cải thiện đời sống tình dục cho nam giới,clickbait,0,0.766555905342102,clickbait
article_3058,VnExpress,Other,Bị trừ hết điểm nhưng vẫn lái xe bị phạt thế nào?,clickbait,0,0.6352224349975586,clickbait
article_0192,24h,Tin tức tổng hợp,Lũ cuốn trôi ô tô chở 5 người ở Tuyên Quang,non-clickbait,2,0.033939965069293976,non-clickbait
article_1200,Thanh Niên,Sức khỏe & Đời sống,Sao băng phương Tây và huyền thoại phương Đông bùng nổ trên bầu trời Đà Nẵng,non-clickbait,0,0.17781086266040802,non-clickbait
article_1586,24h,Thể thao,"Juventus 2 trận 9 bàn ở Club World Cup, sao trẻ tiếc nuối hụt hat-trick",non-clickbait,3,0.8702117204666138,clickbait
article_2184,Báo Mới,Giải trí & Showbiz,Choáng với giá trị món quà Trấn Thành tặng Hari Won,clickbait,2,0.9593451619148254,clickbait
article_3563,24h,Xe & Vận tải,"Honda City, xe của người dám khác: Chọn cảm giác lái, bỏ qua ""cơn lốc"" giá rẻ?",clickbait,1,0.925567090511322,clickbait
article_0591,VnExpress,Kinh doanh & Kinh tế,Cách nào giúp báo chí thêm nguồn thu ngoài quảng cáo?,non-clickbait,0,0.8583627939224243,clickbait
article_3730,24h,Du lịch & Ẩm thực,"Mỗi lần nêm canh thêm một nắm rau này, hệ miễn dịch được 'kích hoạt' tối đa",clickbait,0,0.9475754499435425,clickbait
article_2867,Thanh Niên,Other,Các kình ngư chinh phục vịnh biển đẹp nhất thế giới tại SeaStar Nha Trang Bay 2025,non-clickbait,0,0.05084657296538353,non-clickbait
article_2457,Báo Mới,Chính trị & An ninh,Khởi tố Chủ tịch HĐQT Công ty cổ phần nước GMT,non-clickbait,4,0.029675619676709175,non-clickbait
article_0856,VnExpress,Công nghệ & Khoa học,Robot hình người biết bay đầu tiên,non-clickbait,0,0.07709969580173492,non-clickbait
article_1889,SaoStar,Sức khỏe & Đời sống,"8 dấu hiệu cảnh báo thận đang gặp vấn đề, tuyệt đối không nên bỏ qua",clickbait,2,0.9654788970947266,clickbait
article_2262,VnExpress,Other,Truy tố cựu chủ tịch chi hối lộ 71 tỷ đồng để tuồn thuốc vào bệnh viện,non-clickbait,3,0.03182874992489815,non-clickbait
article_0466,24h,Quốc tế,"Quan chức Nga chỉ trích Mỹ, cảnh báo nguy cơ bùng nổ Thế chiến III",non-clickbait,0,0.0858241394162178,non-clickbait
article_0438,SaoStar,Sức khỏe & Đời sống,"Chi hàng chục triệu mua sữa Hiup, phụ huynh cay đắng khi sức khoẻ con bất thường",clickbait,0,0.9531006813049316,clickbait
article_0534,Báo Mới,Quốc tế,Israel phá hủy 2 chiếc F-14 Tomcat cuối cùng sót lại trên thế giới thế nào?,clickbait,0,0.9109423160552979,clickbait
article_0092,Thanh Niên,Tin tức tổng hợp,Chủ tịch Ủy ban MTTQ làm Trưởng ban Tổ chức Tỉnh ủy Tây Ninh,non-clickbait,0,0.022328782826662064,non-clickbait
article_3421,VietNamNet,Du lịch & Ẩm thực,"‘Ngôi làng cổ tích’ khiến nữ du khách Việt mê mẩn, không muốn rời đi",clickbait,4,0.9491062164306641,clickbait
article_3588,Báo Mới,Other,Sân bay Vinh đóng cửa từ 1-7 để nâng cấp,non-clickbait,1,0.03082132525742054,non-clickbait
article_0593,VnExpress,Kinh doanh & Kinh tế,Cổ phiếu ngành cá tra ngược dòng thị trường,non-clickbait,0,0.08803310990333557,non-clickbait
article_2376,SaoStar,Kinh doanh & Kinh tế,Giá vàng hôm nay (21/6): Vàng nhẫn lại giảm nhẹ,non-clickbait,3,0.022889841347932816,non-clickbait
article_2318,Thanh Niên,Other,Trưng bày cán dao 2.000 năm tuổi của đấu sĩ La Mã,non-clickbait,2,0.184326633810997,non-clickbait
article_3601,Báo Mới,Other,"Vận hành, thử nghiệm cấp xã là bài kiểm tra năng lực, điều hành",non-clickbait,0,0.021553464233875275,non-clickbait
article_0481,24h,Quốc tế,Ông Trump nêu lý do khó đề nghị Israel dừng tấn công Iran,clickbait,2,0.6832610368728638,clickbait
article_0733,24h,Chính trị & An ninh,Nam thanh niên trần như nhộng chạy ra khỏi nhà kêu cứu rồi gục chết trên đường,clickbait,3,0.12168575078248978,non-clickbait
article_0677,VietNamNet,Kinh doanh & Kinh tế,Ngưỡng không chịu thuế có thể lên 400 triệu/năm; đại gia góp thêm 7.800 tỷ làm đường sắt,non-clickbait,4,0.18075650930404663,non-clickbait
article_2562,Tuổi Trẻ,Thể thao,TP.HCM mở lớp học bơi miễn phí cho người dân,non-clickbait,3,0.02748069167137146,non-clickbait
article_3761,24h,Du lịch & Ẩm thực,Việt Nam trong top 5 điểm khách châu Âu thích nhất hè,non-clickbait,3,0.032436151057481766,non-clickbait
article_2213,Báo Mới,Other,"Thí sinh hoa hậu catwalk với đồ tái chế từ bao tải, diễn áo tắm rực lửa",non-clickbait,3,0.19513355195522308,non-clickbait
article_3574,24h,Xe & Vận tải,Suzuki XL7 Hybrid và Mitsubishi Xpander: Lựa chọn nào cho gia đình Việt?,non-clickbait,1,0.784071147441864,clickbait
article_1301,24h,Kinh doanh & Kinh tế,"Chi hàng chục triệu đồng mua sữa tăng chiều cao HIUP 27 ""ép” con uống, bố mẹ tá hoả vì là hàng giả",clickbait,2,0.972701370716095,clickbait
article_2178,Báo Mới,Other,Diễn viên Quang Anh bật khóc nức nở,clickbait,1,0.5961466431617737,clickbait
article_1971,VnExpress,Other,Ảnh thời bé của dàn 'Em xinh say hi',non-clickbait,2,0.7875229716300964,clickbait
article_1022,24h,Kinh doanh & Kinh tế,Từ bờ vực phá sản đến đế chế streaming lớn nhất Nhật Bản cạnh tranh Netflix,clickbait,3,0.5578998923301697,clickbait
article_0168,SaoStar,Giải trí & Showbiz,"Trước giờ G đêm nhạc của G-Dragon ở Mỹ Đình: Mây đen kéo tới ùn ùn, giá vé giảm mạnh",clickbait,3,0.8351477384567261,clickbait
article_0075,Thanh Niên,Chính trị & An ninh,"Bộ Chính trị: Công bố bí thư, chủ tịch 23 tỉnh, thành mới vào ngày 30.6",non-clickbait,3,0.014392335899174213,non-clickbait
article_1774,Tuổi Trẻ,Du lịch & Ẩm thực,Trắng đêm hầm muối ở làng muối 150 năm tuổi,non-clickbait,1,0.2712034285068512,non-clickbait
article_0202,24h,Tin tức tổng hợp,Công an Thanh Hóa xác minh vụ hàng nghìn nước mắm bị vứt bỏ bên đường,non-clickbait,1,0.04809204861521721,non-clickbait
article_2185,Báo Mới,Giải trí & Showbiz,Tiệc chào đón em bé sắp chào đời của Ngô Thanh Vân và chồng trẻ,non-clickbait,0,0.5593125820159912,clickbait
article_2849,Thanh Niên,Other,Tinh hoa võ học xứ Huế: Võ kinh thời Nguyễn,non-clickbait,1,0.2817513346672058,non-clickbait
article_2068,Thanh Niên,Other,Bất động sản du lịch như 'chú rùa vượt đường đua',clickbait,0,0.6680686473846436,clickbait
article_0163,SaoStar,Giải trí & Showbiz,Lời nhắn nhủ của Cường Đô La dành cho con trai Subeo gây chú ý,clickbait,2,0.9744347929954529,clickbait
article_3480,Báo Mới,Xe & Vận tải,"Đại lý BYD nhận cọc MPV hybrid - ngang cỡ Carnival, giá từ 1,5 tỷ đồng",non-clickbait,1,0.09001296758651733,non-clickbait
article_0162,SaoStar,Giải trí & Showbiz,Bất ngờ trước số dư tài khoản hiện tại của Phan Mạnh Quỳnh,clickbait,1,0.958615243434906,clickbait
article_2857,Thanh Niên,Other,"Bảng xếp hạng chung cuộc V-League 2024-2025: Nam Định đăng quang, Bình Định trở lại hạng nhất, HAGL tốp 9",non-clickbait,0,0.03564496710896492,non-clickbait
article_3074,Tuổi Trẻ,Other,"Từ 1-7, người dân được lựa chọn nơi nộp hồ sơ đăng ký đất đai trong phạm vi tỉnh",non-clickbait,0,0.029901403933763504,non-clickbait
article_1287,SaoStar,Giải trí & Showbiz,'Amadeus' 4K: Bí quyết gì giúp phim 40 năm tuổi vẫn 'hút' 10.000 khán giả sau 7 ngày,clickbait,0,0.9531006813049316,clickbait
article_0125,VietNamNet,Chính trị & An ninh,"Thủ tướng: 4 đẩy mạnh, 3 tiên phong để phát triển “tam nông” bền vững",non-clickbait,2,0.037082020193338394,non-clickbait
article_1262,Kênh14,Giải trí & Showbiz,Nữ diễn viên khiến Ngô Kinh và Lý Liên Kiệt điêu đứng,clickbait,2,0.764056384563446,clickbait
article_2529,VnExpress,Other,Đại học Hà Hoa Tiên bị đình chỉ đào tạo,non-clickbait,1,0.05587463453412056,non-clickbait
article_0709,SaoStar,Quốc tế,Người đàn ông lãnh 9 tháng tù vì trộm sầu riêng,non-clickbait,4,0.3040933609008789,non-clickbait
article_3202,24h,Giải trí & Showbiz,Hôn lễ 'Tài tử điển trai nhất thế giới',clickbait,4,0.8213309049606323,clickbait
article_2726,Báo Mới,Công nghệ & Khoa học,Vietnam Airlines được vinh danh tại chương trình Vinh quang Việt Nam 2025,non-clickbait,3,0.016059981659054756,non-clickbait
article_0335,Tuổi Trẻ,Quốc tế,"Xung đột Israel - Iran: Công dân Việt Nam tại Iran được đưa sang Azerbaijan, 16 người đã về nước",non-clickbait,3,0.017176710069179535,non-clickbait
article_3791,24h,Giáo dục & Học đường,Tuyển sinh đại học 2025 tại TP Hồ Chí Minh: Nhiều thay đổi,non-clickbait,2,0.02157406695187092,non-clickbait
article_3531,VietNamNet,Other,"Giẫm phải gai nhọn, người đàn ông bị nhiễm trùng uốn ván, tính mạng nguy kịch",non-clickbait,0,0.4093240797519684,non-clickbait
article_2297,Thanh Niên,Văn hóa & Nghệ thuật,‘Hoạ sĩ nhí’ Cherry trích doanh thu bán tranh hỗ trợ bệnh nhi,non-clickbait,3,0.04157886654138565,non-clickbait
article_3172,24h,Giải trí & Showbiz,"Em Xinh ""Say Hi"" tập 4: Tăng Duy Tân - Bích Phương ""tình bể bình"", đàng trai ""mắc công khai”",clickbait,3,0.966663122177124,clickbait
article_0642,Thanh Niên,Quốc tế,Ngoại trưởng Iran chuẩn bị tới Moscow tham vấn Tổng thống Nga Putin,non-clickbait,2,0.02838212437927723,non-clickbait
article_1292,SaoStar,Giải trí & Showbiz,"Top 5 phim Hoa Ngữ thành công nhất nửa đầu năm 2025: Tiêu Chiến bất bại, Bạch Lộc gây tranh cãi",clickbait,0,0.9323918223381042,clickbait
article_2497,VnExpress,Other,Giành học bổng trường top 4 Mỹ với điểm đại học trung bình khá,non-clickbait,3,0.017831627279520035,non-clickbait
article_2451,Báo Mới,Chính trị & An ninh,Hoàn thiện khuôn khổ pháp lý về tương trợ tư pháp hình sự,non-clickbait,4,0.028409063816070557,non-clickbait
article_2246,VnExpress,Other,Bà Trương Mỹ Lan và đối tác lên phương án khắc phục 3 tỷ USD,non-clickbait,0,0.03598218038678169,non-clickbait
article_2518,VnExpress,Other,Hạ khen thưởng hàng trăm giáo viên vụ không nộp quỹ từ thiện,non-clickbait,3,0.023330768570303917,non-clickbait
article_3604,Báo Mới,Other,"Bộ Nội vụ hướng dẫn chuyển đổi, đổi tên thôn, tổ dân phố sau sắp xếp",non-clickbait,2,0.021004363894462585,non-clickbait
article_2259,VnExpress,Other,Chủ nhà hàng vướng lao lý vì 'chạy bảo kê',non-clickbait,0,0.19345195591449738,non-clickbait
article_0227,Báo Mới,Thể thao,Đội tuyển Iran có bị đuổi khỏi World Cup 2026 và Mỹ có bị tước quyền đăng cai World Cup?,clickbait,1,0.9186993837356567,clickbait
article_0292,VnExpress,Quốc tế,Những căn cứ có lực lượng Mỹ ở Trung Đông,non-clickbait,3,0.02992974780499935,non-clickbait
article_1648,Báo Mới,Other,TP.HCM công bố điểm chuẩn lớp 10 Chuyên và lớp 10 Tích hợp,non-clickbait,0,0.02416844479739666,non-clickbait
article_0316,VnExpress,Quốc tế,Ông Vance muốn duy trì Vệ binh Quốc gia ở Los Angeles,non-clickbait,0,0.04414209723472595,non-clickbait
article_0745,24h,Chính trị & An ninh,"Con trai đánh mẹ, đâm tổ phó bảo vệ an ninh trật tự cơ sở bị thương",non-clickbait,2,0.10181248188018799,non-clickbait
article_0251,Báo Mới,Thể thao,Antony từ chối đến Serie A,non-clickbait,2,0.24463357031345367,non-clickbait
article_2156,24h,Công nghệ & Khoa học,Microsoft bất ngờ hồi sinh tính năng Windows Vista trên Windows 11,clickbait,1,0.5228264927864075,clickbait
article_3280,VnExpress,Other,Du khách làm rách bức tranh hơn 300 năm ở Italy,non-clickbait,4,0.10132236033678055,non-clickbait
article_2243,VnExpress,Other,Núp bóng doanh nghiệp gọi điện lừa tiền hàng trăm nghìn người già,non-clickbait,4,0.16331195831298828,non-clickbait
article_0127,VietNamNet,Chính trị & An ninh,Tỉnh An Giang mới có phường đông dân nhất cả nước cùng 3 đặc khu,non-clickbait,3,0.020606474950909615,non-clickbait
article_0945,VietNamNet,Thể thao,V-League 2024/25 hạ màn: Chưa nhiều bứt phá,non-clickbait,2,0.03484803065657616,non-clickbait
article_3692,24h,Sức khỏe & Đời sống,Trà đen và cà phê tác động bất ngờ đến một bệnh nan y,clickbait,2,0.920647144317627,clickbait
article_2779,VnExpress,Other,Cô gái 22 năm không tẩy trang,clickbait,3,0.9222726225852966,clickbait
article_3569,24h,Xe & Vận tải,Hàng siêu hiếm McLaren P1 Carbon Series lên sàn đấu giá,non-clickbait,1,0.14737102389335632,non-clickbait
article_1895,SaoStar,Sức khỏe & Đời sống,Những thực phẩm có thể khiến bạn càng ăn càng thiếu dưỡng chất,clickbait,2,0.9707432389259338,clickbait
article_0428,SaoStar,Sức khỏe & Đời sống,"Lại thêm vụ mất trắng 145 triệu đồng trong tài khoản: Bẫy cũ, nạn nhân mới",clickbait,3,0.8777913451194763,clickbait
article_1898,24h,Thể thao,Video tennis Alcaraz - Rinderknech: Đẳng cấp lên tiếng đúng lúc (Queen's Club),non-clickbait,4,0.251142293214798,non-clickbait
article_1630,24h,Thể thao,"Alcaraz san bằng kỷ lục Nadal, làm im lặng những lời chê ""thánh tiệc tùng""",clickbait,2,0.957833468914032,clickbait
article_1066,Báo Mới,Other,Tác nghiệp ở miền Tây: Dòng phù sa ký ức,non-clickbait,3,0.039750516414642334,non-clickbait
article_0522,Báo Mới,Quốc tế,"Iran đóng cửa eo biển Hormuz: Hơn 1/5 lượng dầu thế giới có thể bị đóng băng, giá dầu sẽ vượt 100 USD/thùng",non-clickbait,0,0.14217233657836914,non-clickbait
article_2328,Thanh Niên,Kinh doanh & Kinh tế,Làm gì để người dân ĐBSCL thoát nghèo?,clickbait,1,0.5233727693557739,clickbait
article_3138,VietNamNet,Other,"Hàng hiếm xuất hiện, Hà Nội mở bán 115 căn hộ giá chỉ từ 12,2 triệu đồng/m2",non-clickbait,0,0.5701817274093628,clickbait
article_0956,VietNamNet,Thể thao,Kết quả bóng đá hôm nay 23/6: Man City phô diễn sức mạnh,non-clickbait,4,0.124798484146595,non-clickbait
article_2349,VietNamNet,Công nghệ & Khoa học,CEO Telegram để lại 17 tỷ USD cho 106 người con,non-clickbait,3,0.06075190752744675,non-clickbait
article_1921,Báo Mới,Thể thao,Tâm Anh đồng hành sự kiện các huyền thoại Manchester Reds đến Việt Nam,non-clickbait,2,0.02416844479739666,non-clickbait
article_0812,Báo Mới,Other,Hơn 400 hộ dân ở Lạng Sơn bị cô lập giữa biển nước,non-clickbait,4,0.056913942098617554,non-clickbait
article_1896,24h,Thể thao,VĐV marathon bị cấm suốt đời: Thi chạy bộ nhưng đi xe đạp trong cuộc đua,non-clickbait,0,0.0534033328294754,non-clickbait
article_0799,Báo Mới,Tin tức tổng hợp,Tổng Bí thư trao quyết định thành lập Cơ quan Ủy ban Trung ương MTTQ Việt Nam,non-clickbait,1,0.03775027394294739,non-clickbait
article_3703,24h,Sức khỏe & Đời sống,"Bé 11 tuổi bất ngờ phát hiện ung thư phổi, nguyên nhân từ một sai lầm mà nhiều nam giới Việt mắc phải",clickbait,4,0.925094723701477,clickbait
article_3103,Thanh Niên,Other,Các thay đổi cài đặt Android giúp tránh bị theo dõi,non-clickbait,3,0.7168136835098267,clickbait
article_3255,Báo Mới,Other,Sản phụ 33 tuổi mất con vì hậu quả của tổn thương gan,non-clickbait,3,0.08640053123235703,non-clickbait
article_1935,Báo Mới,Thể thao,Bùi Tiến Dũng 'tuyên chiến' Công Phượng trước trận play-off giành vé dự V-League,clickbait,2,0.5962568521499634,clickbait
article_1457,Thanh Niên,Sức khỏe & Đời sống,"Rắn cạp nia chui ra từ điều hòa, cắn bé gái đang ngủ nguy kịch",non-clickbait,4,0.17356818914413452,non-clickbait
article_0232,Báo Mới,Thể thao,Atletico dập tắt hy vọng của Liverpool,non-clickbait,1,0.42533668875694275,non-clickbait
article_0939,VietNamNet,Thể thao,"Bayern Munich tung chiêu, quyết vượt Barca ký Nico Williams",non-clickbait,3,0.9564311504364014,clickbait
article_1563,SaoStar,Thể thao,Tương lai của Đoàn Văn Hậu cuối cùng cũng ngã ngũ,clickbait,0,0.7603838443756104,clickbait
article_2577,Thanh Niên,Giải trí & Showbiz,"Hậu trường On Trending Đấu trường Gia tốc: Dàn cast ồn như vỡ chợ, dân mạng khịa 'thiếu mỗi con vịt'",clickbait,0,0.9508236050605774,clickbait
article_0545,Báo Mới,Quốc tế,Mỹ ban bố 'cảnh báo toàn cầu' với công dân sau vụ tấn công Iran,non-clickbait,0,0.2177530974149704,non-clickbait
article_2336,VietNamNet,Công nghệ & Khoa học,Loài người lười nhác mới là thảm họa lớn nhất của trí tuệ nhân tạo,clickbait,3,0.8915280699729919,clickbait
article_0901,Thanh Niên,Other,"Giá vàng hôm nay 23.6.2025: Thế giới tăng vọt, trong nước đứng yên",non-clickbait,4,0.08858346939086914,non-clickbait
article_3442,24h,Xe & Vận tải,"Giá Honda Air Blade 125 mới nhất tháng 6/2025, chênh 2 triệu đồng",non-clickbait,2,0.03743230178952217,non-clickbait
article_1655,Báo Mới,Other,Trường ĐH Kinh tế (ĐHQG Hà Nội) đạt kiểm định ACBSP cho bốn chương trình cử nhân,non-clickbait,4,0.031114377081394196,non-clickbait
article_1078,Báo Mới,Văn hóa & Nghệ thuật,Hà Nội: Đình Bái Ân – Quán Cây – Ao Cá nhận Bằng xếp hạng di tích cấp thành phố,non-clickbait,2,0.02228618785738945,non-clickbait
article_1035,24h,Kinh doanh & Kinh tế,"Bỏ việc thu nhập hàng trăm triệu đồng để khởi nghiệp, cô gái có cái kết bất ngờ",clickbait,1,0.9656089544296265,clickbait
article_0348,Thanh Niên,Tin tức tổng hợp,'Giảm án từ tử hình xuống chung thân để dẫn độ đối tượng tham nhũng',non-clickbait,1,0.06998537480831146,non-clickbait
article_2926,SaoStar,Du lịch & Ẩm thực,"Nếu không đi xa, hãy thử 'staycation' để du lịch ngay trong thành phố",non-clickbait,1,0.9231084585189819,clickbait
article_0172,SaoStar,Giải trí & Showbiz,"Nam NSƯT từng là thầy Trấn Thành nói một câu khiến ai cũng xúc động, cuộc sống hiện tại gây bất ngờ",clickbait,0,0.9653158187866211,clickbait
article_0120,VietNamNet,Chính trị & An ninh,VietNamNet và sứ mệnh trong hành trình mới,non-clickbait,4,0.1264611780643463,non-clickbait
article_0860,VnExpress,Công nghệ & Khoa học,Gần 4.000 lượt trải nghiệm công nghệ cùng CellphoneS tại GameVerse 2025,non-clickbait,2,0.017814530059695244,non-clickbait
article_1245,VietNamNet,Giáo dục & Học đường,Nam sinh tài năng đăng ký vào Bách khoa Hà Nội với điểm SAT tuyệt đối,non-clickbait,4,0.07100921869277954,non-clickbait
article_1527,VietNamNet,Quốc tế,Đảng cầm quyền Thái Lan khẳng định Thủ tướng Paetongtarn sẽ không từ chức,non-clickbait,0,0.09396860003471375,non-clickbait
article_3369,Thanh Niên,Other,Vì sao không nên châm nước làm mát động cơ ô tô có màu khác nhau?,clickbait,2,0.9468429088592529,clickbait
article_1374,VnExpress,Other,Thêm 4 nhóm được nhà nước đóng bảo hiểm y tế từ 1/7,non-clickbait,4,0.037082020193338394,non-clickbait
article_2797,VnExpress,Other,Thoát chết nhờ túi độn ngực,clickbait,3,0.36514535546302795,non-clickbait
article_1261,Kênh14,Giải trí & Showbiz,Angelababy bị tố ngoại tình khi còn là vợ Huỳnh Hiểu Minh?,clickbait,4,0.92950439453125,clickbait
article_0655,Thanh Niên,Other,"Lunch Lady, bà chủ quán Việt nổi tiếng thế giới đột tử ở Canada",non-clickbait,2,0.15399393439292908,non-clickbait
article_2846,Thanh Niên,Other,Khi trung vệ Lý Đức mất kiểm soát,clickbait,1,0.4295490086078644,non-clickbait
article_0087,Thanh Niên,Chính trị & An ninh,Hồ Chí Minh trong mắt các nhà báo,non-clickbait,0,0.17231106758117676,non-clickbait
article_2436,Báo Mới,Other,Bộ Y tế thu hồi thuốc kháng viêm Alfachim do không đạt chất lượng,non-clickbait,3,0.01930808648467064,non-clickbait
article_3304,VnExpress,Other,10 tuyến tàu ngoạn mục nhất thế giới 2025,clickbait,3,0.5983708500862122,clickbait
article_3299,VnExpress,Other,36 giờ đi tàu Thống Nhất từ Nam ra Bắc của du khách Australia,non-clickbait,1,0.1809011697769165,non-clickbait
article_1258,Kênh14,Giải trí & Showbiz,"Nhìn Pax Thiên hiện tại, nhiều người lắc đầu cho rằng: Cách nuôi dạy con của Angelina Jolie chính là ""con dao hai lưỡi""!",clickbait,3,0.9754135012626648,clickbait
article_0896,Thanh Niên,Other,Truy vết hàng tẩu tán đổ bỏ từ các buổi livestream,non-clickbait,4,0.4651293456554413,non-clickbait
article_0273,Báo Mới,Thể thao,Bến đỗ bất ngờ dành cho Son Heung-min,clickbait,4,0.9031234383583069,clickbait
article_3072,Tuổi Trẻ,Other,Tranh cãi về nhà mini cho người trẻ đô thị ở Indonesia,non-clickbait,4,0.09632259607315063,non-clickbait
article_0238,Báo Mới,Thể thao,Ngôi sao tiếp theo gia nhập Liverpool vô tình được xác nhận,clickbait,2,0.9609882831573486,clickbait
article_0689,VietNamNet,Kinh doanh & Kinh tế,"Âm thầm kiểm tra, 500.000 tài khoản TikTok Shop 'có vấn đề' bị gỡ bỏ mỗi năm",non-clickbait,2,0.9523086547851562,clickbait
article_3319,VnExpress,Other,Đường bay Đà Nẵng - Dubai bắt đầu được khai thác,non-clickbait,4,0.03283695504069328,non-clickbait
article_0684,VietNamNet,Kinh doanh & Kinh tế,Cá nhân có thể vay 300 triệu đồng mà không cần tài sản bảo đảm,non-clickbait,0,0.04020024463534355,non-clickbait
article_3282,VnExpress,Other,12 hàng quán khách phải thử khi đến Huế,clickbait,1,0.8055557608604431,clickbait
article_0602,VnExpress,Kinh doanh & Kinh tế,Phó thủ tướng mời doanh nghiệp Trung Quốc đầu tư năng lượng tái tạo tại Việt Nam,non-clickbait,2,0.015306354500353336,non-clickbait
article_0753,24h,Chính trị & An ninh,Truy tìm kẻ cướp sát hại nữ chủ tiệm tạp hoá ở Đồng Nai,non-clickbait,3,0.049912191927433014,non-clickbait
article_1112,VnExpress,Other,TP HCM hiện có 55.000 lô đất đủ điều kiện miễn giấy phép xây dựng,non-clickbait,1,0.056861549615859985,non-clickbait
article_2056,Thanh Niên,Other,Du lịch kết nối đại ngàn với biển xanh,non-clickbait,1,0.10221505910158157,non-clickbait
article_2159,24h,Công nghệ & Khoa học,Cận cảnh robot của Vingroup khiến nhiều người ngạc nhiên,clickbait,1,0.9607312679290771,clickbait
article_0712,SaoStar,Quốc tế,"3 nữ sinh được phát hiện qua đời, thư tuyệt mệnh để lại gây đau lòng",clickbait,4,0.9552357196807861,clickbait
article_2642,VietNamNet,Chính trị & An ninh,"Phát hiện bé gái 15 tuổi mang thai, bác sĩ có được báo công an?",clickbait,4,0.8489096164703369,clickbait
article_0165,SaoStar,Giải trí & Showbiz,Tình trạng hiện tại của Ninh Dương Lan Ngọc sau bức ảnh ngồi xe lăn,clickbait,3,0.6815678477287292,clickbait
article_2410,24h,Other,"Máy giặt LG Inverter đồng loạt giảm giá giữa tháng 6, lên tới 28 triệu đồng",non-clickbait,3,0.04894861951470375,non-clickbait
article_0346,Thanh Niên,Other,Nước thải của Khu du lịch Thiên Cầm 'tra tấn' người dân,clickbait,3,0.35720306634902954,non-clickbait
article_1552,SaoStar,Thể thao,Thủ môn Bùi Tiến Dũng đổi đời,clickbait,2,0.8878382444381714,clickbait
article_1645,Báo Mới,Giáo dục & Học đường,Cán bộ y tế thường trực tại các điểm thi tốt nghiệp Trung học phổ thông,non-clickbait,3,0.014503580518066883,non-clickbait
article_2432,Báo Mới,Chính trị & An ninh,Đề nghị xử lý đơn vị vi phạm trong vụ thu hồi lô thuốc Alfachim 4.2,non-clickbait,4,0.02992974780499935,non-clickbait
article_1177,Tuổi Trẻ,Công nghệ & Khoa học,"Hệ thống điện nước thông minh: Tự báo rò rỉ, thông báo khi vượt định mức",non-clickbait,1,0.09130105376243591,non-clickbait
article_1018,24h,Kinh doanh & Kinh tế,Nơi đây có thêm 1.000 triệu phú mỗi ngày,clickbait,1,0.48230716586112976,non-clickbait
article_1166,VnExpress,Other,Bình Dương duyệt quy hoạch khu du lịch nghỉ dưỡng 222 ha ven sông Sài Gòn,non-clickbait,3,0.015860598534345627,non-clickbait
article_1579,24h,Thể thao,"Video bóng đá Al Hilal - RB Salzburg: Đôi công hấp dẫn, bỏ lỡ tiếc nuối (FIFA Club World Cup)",non-clickbait,1,0.5631546378135681,clickbait
article_3613,Báo Mới,Other,Chín phân khu tại thành phố Thủ Đức sẽ là động lực phát triển TP Hồ Chí Minh,non-clickbait,3,0.019419347867369652,non-clickbait
article_3645,Báo Mới,Other,TP Thủ Đức công bố 9 đồ án quy hoạch phân khu tỉ lệ 1/2000,non-clickbait,4,0.023330768570303917,non-clickbait
article_1626,24h,Thể thao,Lịch thi đấu bóng đá CLB Bayern Munich mới nhất,non-clickbait,4,0.08640053123235703,non-clickbait
article_0608,Tuổi Trẻ,Chính trị & An ninh,"Cha mẹ ‘dạy’ con bằng roi, có phải là hành vi bạo lực?",clickbait,0,0.9419752359390259,clickbait
article_1145,VnExpress,Other,Phê duyệt điều chỉnh quy hoạch khu đô thị du lịch hơn 204 ha tại Nhơn Trạch,non-clickbait,2,0.020685462281107903,non-clickbait
article_3023,VnExpress,Other,Robotaxi của Tesla bắt đầu chở khách,non-clickbait,4,0.04312336817383766,non-clickbait
article_0351,Thanh Niên,Other,Khánh Hòa sau sáp nhập: P.Phan Rang sẵn sàng hoạt động hiệu quả,non-clickbait,2,0.021004363894462585,non-clickbait
article_0420,Kênh14,Thể thao,"Chu Thanh Huyền cực tinh tế giúp Quang Hải mát mặt trên sân Hàng Đẫy, ""vớt vát"" sau nhiều lần bị chê ""EQ âm điểm""",clickbait,3,0.9769127368927002,clickbait
article_0190,24h,Tin tức tổng hợp,Hà Nội: Chuyển cơ quan công an 4 vụ việc về vi phạm hàng hóa tại thủ phủ bánh kẹo gia công La Phù,non-clickbait,3,0.013636834919452667,non-clickbait
article_0699,SaoStar,Quốc tế,"Kiểm tra chiếc xe bán tải khả nghi trên cao tốc, sững sờ trước cảnh tượng bên trong",clickbait,1,0.9522643685340881,clickbait
article_1383,VnExpress,Other,Uốn ván - bệnh nặng không lây nhưng dễ mắc,non-clickbait,4,0.1792430430650711,non-clickbait
article_0834,VnExpress,Công nghệ & Khoa học,Chatbot AI có thể khiến não người lười vận động,non-clickbait,1,0.25349125266075134,non-clickbait
article_3490,Báo Mới,Xe & Vận tải,Infographics: 84.045 ô tô nguyên chiếc các loại được nhập khẩu trong 5 tháng đầu năm 2025,non-clickbait,4,0.03448852524161339,non-clickbait
article_2343,VietNamNet,Công nghệ & Khoa học,Google ra khuyến cáo sau vụ 16 tỷ thông tin tài khoản Internet bị lộ,non-clickbait,0,0.9270997643470764,clickbait
article_0478,24h,Quốc tế,"Campuchia ngừng nhập khẩu toàn bộ nhiên liệu Thái Lan, bà Paetongtarn củng cố quyền lực",non-clickbait,4,0.056913942098617554,non-clickbait
article_2674,24h,Other,Nữ tỷ phú gây chú ý trong lễ đón Hoa hậu Thế giới,clickbait,4,0.766555905342102,clickbait
article_1103,VnExpress,Other,Nhiều nhà mặt phố hạ giá thuê để giữ chân khách,non-clickbait,2,0.29762303829193115,non-clickbait
article_2820,Tuổi Trẻ,Giáo dục & Học đường,Lễ tri ân tại Trường THPT Nguyễn Thị Diệu: Cha mẹ không thể làm thay các em mãi,non-clickbait,0,0.30507585406303406,non-clickbait
article_0226,Báo Mới,Thể thao,Đội tuyển Malaysia đi tìm 'sân chơi sang chảnh' để tiếp tục đánh bại tuyển Việt Nam,clickbait,0,0.9208608865737915,clickbait
article_1243,Thanh Niên,Other,Thi ảnh Khát vọng năm rồng: 'Lộc trời' đầu xuân trên bãi biển Mân Thái,non-clickbait,4,0.17895591259002686,non-clickbait
article_3130,VietNamNet,Other,"Cảnh khác lạ chưa từng có ở Quất Lâm; Hà Nội xuất hiện căn hộ 12,2 triệu đồng/m2",clickbait,2,0.95743727684021,clickbait
article_2935,SaoStar,Du lịch & Ẩm thực,"Bùng nổ xu hướng du lịch trải nghiệm văn hóa, lễ hội mùa hè năm nay",non-clickbait,4,0.08262329548597336,non-clickbait
article_0942,VietNamNet,Thể thao,"Real Madrid thắng nhọc, Xabi và dàn sao phản ứng ‘tội đồ’ Asensio",clickbait,3,0.9074763655662537,clickbait
article_0583,VnExpress,Kinh doanh & Kinh tế,Xe điện giá rẻ Trung Quốc tràn ngập Brazil,non-clickbait,4,0.06233103945851326,non-clickbait
article_1475,Thanh Niên,Other,Chuyện thầm kín: 'Ăn vụng' khi vợ bầu,clickbait,2,0.9583821892738342,clickbait
article_3193,24h,Giải trí & Showbiz,"Ngủ gật khi lái xe, nam ca sĩ gặp tai nạn và bị thương nặng",non-clickbait,3,0.07661467790603638,non-clickbait
article_3562,24h,Xe & Vận tải,"Giá xe VinFast VF 6 tháng 6/2025, bản Plus từ 749 triệu đồng",non-clickbait,1,0.05495454743504524,non-clickbait
article_2975,Báo Mới,Công nghệ & Khoa học,"Nhóm máu cực hiếm, cả thế giới chỉ một người mang",clickbait,2,0.9632996320724487,clickbait
article_1910,24h,Thể thao,"Võ sỹ Zakhar chịu khuất phục trước ""ông trùm vật tay"" Long ""The Rock""",non-clickbait,4,0.5690894722938538,clickbait
article_3451,24h,Xe & Vận tải,SH350i 2025 bán tại châu Âu đắt hơn chục triệu so với SH Việt,non-clickbait,0,0.04795810580253601,non-clickbait
article_1507,VietNamNet,Quốc tế,"Ông Trump ám chỉ thay đổi chính quyền Tehran, Iran đóng cửa eo biển Hormuz",non-clickbait,4,0.124798484146595,non-clickbait
article_2971,Báo Mới,Công nghệ & Khoa học,Nọc độc bò cạp trong rừng mưa Amazon có khả năng tiêu diệt tế bào ung thư,non-clickbait,4,0.18032306432724,non-clickbait
article_2893,VietNamNet,Xe & Vận tải,"Ô tô nhập Mỹ: Nếu thuế nhập khẩu về 0%, giá rẻ hơn nhưng vẫn khó hút khách",non-clickbait,4,0.09859886020421982,non-clickbait
article_0257,Báo Mới,Thể thao,Paul Pogba đàm phán gia nhập AS Monaco,non-clickbait,4,0.1114344522356987,non-clickbait
article_2725,Báo Mới,Other,Trang web bị hack trong ngày Bitcoin sập,clickbait,4,0.12490518391132355,non-clickbait
article_2644,SaoStar,Công nghệ & Khoa học,Microsoft sẵn sàng 'đường ai nấy đi' với nhà sáng lập ChatGPT,clickbait,3,0.8935883641242981,clickbait
article_3483,Báo Mới,Xe & Vận tải,Lý do Corolla Cross bị 'sếp tổng' của Toyota chê nhạt nhẽo?,clickbait,0,0.9599877595901489,clickbait
article_2295,Thanh Niên,Other,'Em xinh say hi' tổ chức concert: Có quá vội vàng?,clickbait,1,0.9421884417533875,clickbait
article_1598,24h,Thể thao,"Inter Milan thắng hú vía: HLV Chivu non tay, á quân cúp C1 sống thoi thóp nhờ siêu sao",clickbait,2,0.954008936882019,clickbait
article_2982,Báo Mới,Công nghệ & Khoa học,Cần thủ câu được con cá trê khổng lồ nặng 19kg trên sông,non-clickbait,2,0.8661890625953674,clickbait
article_1129,VnExpress,Other,Bình Định yêu cầu đẩy nhanh dự án siêu du thuyền 5.200 ha tại Đề Gi,non-clickbait,3,0.01426819246262312,non-clickbait
article_0776,Báo Mới,Tin tức tổng hợp,"Xác định 8 nhóm nhiệm vụ, giải pháp quân sự quốc phòng 6 tháng cuối năm 2025",non-clickbait,1,0.03035799227654934,non-clickbait
article_1986,VnExpress,Other,'Bí kíp luyện rồng' áp đảo phòng vé,non-clickbait,2,0.520283043384552,clickbait
article_0905,Thanh Niên,Kinh doanh & Kinh tế,Nam A Bank tiếp tục đồng hành Top 2 Miss Cosmo Vietnam 2025,non-clickbait,2,0.020004287362098694,non-clickbait
article_3608,Báo Mới,Other,Sắp xây dựng Khu đô thị sinh thái và nghỉ dưỡng cao cấp gần 230 ha tại Bắc Giang,non-clickbait,3,0.012576348148286343,non-clickbait
article_3125,Thanh Niên,Other,Kiến tạo khung pháp lý để Đà Nẵng trở thành trung tâm tài sản số,non-clickbait,4,0.03188898786902428,non-clickbait
article_2822,Tuổi Trẻ,Giáo dục & Học đường,Cần xem lại tổ hợp xét tuyển đại học,non-clickbait,2,0.406744122505188,non-clickbait
article_1280,SaoStar,Giải trí & Showbiz,"Nam diễn viên từng làm vệ sĩ cho tổng thống, thành triệu phú nhờ 2 căn nhà",clickbait,4,0.9551938772201538,clickbait
article_0880,Tuổi Trẻ,Kinh doanh & Kinh tế,Trump Organization quan tâm đầu tư Trung tâm tài chính quốc tế tại Đà Nẵng,non-clickbait,2,0.014899643138051033,non-clickbait
article_3220,24h,Giải trí & Showbiz,"Tự Long, Soobin khóc cười cùng với fan, 'quẩy' đến nửa đêm",non-clickbait,0,0.8759993314743042,clickbait
article_0961,VietNamNet,Thể thao,"Vòng 26 V-League: Bình Định xuống hạng, Đà Nẵng đá play-off",non-clickbait,0,0.03314851596951485,non-clickbait
article_0610,Tuổi Trẻ,Chính trị & An ninh,"Đánh mẹ rồi đâm vào ngực cán bộ an ninh, thanh niên cố thủ trong nhà",non-clickbait,1,0.24908174574375153,non-clickbait
article_1649,Báo Mới,Giáo dục & Học đường,"Tăng cường giáo dục lý tưởng cách mạng, đạo đức, lối sống cho thế hệ trẻ",non-clickbait,4,0.052134253084659576,non-clickbait
article_0966,VietNamNet,Thể thao,"Bellingham lập công, Dortmund thắng siêu kịch tính tại FIFA Club World Cup",non-clickbait,3,0.07062366604804993,non-clickbait
article_0538,Báo Mới,Quốc tế,Canada bình thường lại với Ấn Độ,non-clickbait,2,0.02992974780499935,non-clickbait
article_0352,Thanh Niên,Tin tức tổng hợp,Phá sập cửa nhà hàng xóm vì bị nhắc nhở hát karaoke gây ồn ào,non-clickbait,3,0.060197051614522934,non-clickbait
article_0225,Báo Mới,Thể thao,Tình thế đảo ngược với tiền vệ Tuấn Anh,clickbait,0,0.938856840133667,clickbait
article_0921,Thanh Niên,Other,Biển Đông có thể đón 7 cơn bão trong 3 tháng tới,non-clickbait,1,0.08247537165880203,non-clickbait
article_1779,Thanh Niên,Giáo dục & Học đường,Điểm thi lớp 10 của TP.HCM: Số điểm 10 môn tiếng Anh chưa bằng 1/3 năm trước,non-clickbait,1,0.060473889112472534,non-clickbait
article_1227,Thanh Niên,Other,"Ngày dài nhất 2025: Hạ chí ảnh hưởng tới giấc ngủ, não bộ thế nào?",non-clickbait,3,0.9715908765792847,clickbait
article_1118,VnExpress,Other,Tập đoàn Hàn Quốc muốn làm khu đô thị 1.500 ha ở Bắc Ninh,non-clickbait,3,0.036356665194034576,non-clickbait
article_0909,Thanh Niên,Other,Những nơi nào ở TP.HCM được miễn giấy phép xây dựng?,clickbait,3,0.8846385478973389,clickbait
article_1849,VietNamNet,Sức khỏe & Đời sống,"Dùng bật lửa khi đang đổ xăng, người đàn ông nhận ngay 'kết đắng'",clickbait,3,0.9740672707557678,clickbait
article_3772,24h,Du lịch & Ẩm thực,Từ mắc OCD thành người trẻ nhất đi khắp thế giới,clickbait,3,0.8827314972877502,clickbait
article_2168,24h,Other,"Vivo Y29t 5G ra mắt: Pin 6.000 mAh, camera 50MP, giá từ 6,7 triệu đồng",non-clickbait,0,0.05649606138467789,non-clickbait
article_2704,24h,Other,Thiều Bảo Trâm gây bàn tán vì mặc sexy như đồ ngủ đến gặp fan,clickbait,1,0.9334307909011841,clickbait
article_2332,Thanh Niên,Other,Cảm xúc mạnh mẽ từ cuộc thi viết 'Hào khí miền Đông' của Báo Thanh Niên,non-clickbait,4,0.07978201657533646,non-clickbait
article_2862,Thanh Niên,Other,Nam Định ăn mừng chức vô địch bằng trận thắng sát nút Hà Tĩnh: Sân Thiên Trường mở hội,non-clickbait,4,0.12431929260492325,non-clickbait
article_0326,Tuổi Trẻ,Quốc tế,Học giả Trung Quốc tin vào mức độ tin cậy chiến lược giữa Việt Nam - Trung Quốc,non-clickbait,1,0.08035746961832047,non-clickbait
article_0617,Tuổi Trẻ,Chính trị & An ninh,"Thẻ bảo hiểm y tế quá hạn 2 tháng, làm thế nào để không gián đoạn?",clickbait,4,0.5889482498168945,clickbait
article_0396,VietNamNet,Tin tức tổng hợp,"Băng nhóm thuê cả trăm người chỉ ngồi gọi điện mời nhận quà, lừa hàng trăm tỷ đồng",non-clickbait,1,0.22490550577640533,non-clickbait
article_2366,Kênh14,Sức khỏe & Đời sống,4 loại thực phẩm trong bếp tưởng là không bao giờ hết hạn nhưng thật ra đã đến lúc phải vứt đi rồi!,clickbait,4,0.9587699174880981,clickbait
article_0080,Thanh Niên,Chính trị & An ninh,Báo chí cách mạng Việt Nam: Ngọn cờ tư tưởng đưa đất nước vững bước vào kỷ nguyên mới,non-clickbait,3,0.01501474715769291,non-clickbait
article_1337,Báo Mới,Other,Bí thư Bà Rịa - Vũng Tàu gửi thông điệp đến đội ngũ cán bộ trước thềm hợp nhất vào TP.HCM,non-clickbait,3,0.01621503196656704,non-clickbait
article_3042,VnExpress,Other,Toyota: thiết kế Corolla Cross chưa đủ ấn tượng,non-clickbait,3,0.029619429260492325,non-clickbait
article_2284,Thanh Niên,Văn hóa & Nghệ thuật,Nhà văn Vũ Bằng từ trữ tình sâu lắng đến châm biếm thâm thúy,non-clickbait,3,0.06424132734537125,non-clickbait
article_1309,24h,Kinh doanh & Kinh tế,"Sữa bột giả hoành hành trên thị trường, làm thế nào để nhận biết?",clickbait,1,0.9202896952629089,clickbait
article_3111,Thanh Niên,Other,Khám phá tính năng iOS 26 giúp sạc pin iPhone hiệu quả hơn,clickbait,3,0.7006900310516357,clickbait
article_1373,Báo Mới,Kinh doanh & Kinh tế,Động lực mới thúc đẩy phục hồi và tăng trưởng kinh tế,non-clickbait,2,0.022737447172403336,non-clickbait
article_0847,VnExpress,Công nghệ & Khoa học,Thách thức bảo mật trong thời đại máy tính lượng tử,non-clickbait,0,0.14074909687042236,non-clickbait
article_3410,VietNamNet,Du lịch & Ẩm thực,Vùng đất từng là nơi 'bí mật nhất thế giới' thành điểm du lịch hút khách,clickbait,2,0.9598750472068787,clickbait
article_3476,Báo Mới,Xe & Vận tải,Lý do Innova Cross HEV dẫn đầu doanh số xe hybrid,non-clickbait,0,0.042682282626628876,non-clickbait
article_2997,Báo Mới,Công nghệ & Khoa học,Xác ướp 5.600 năm tuổi hé lộ bí mật khó tin,clickbait,2,0.9652831554412842,clickbait
article_3516,Tuổi Trẻ,Other,20 nhóm đối tượng được cấp thẻ bảo hiểm y tế miễn phí từ ngày 1-7,non-clickbait,0,0.031708598136901855,non-clickbait
article_2234,VnExpress,Other,Làm sao để được nhập lại quốc tịch Việt Nam?,non-clickbait,4,0.48923659324645996,non-clickbait
article_2646,SaoStar,Công nghệ & Khoa học,California Fitness ra mắt Cali AI PT - Trợ lý trí tuệ nhân tạo hỗ trợ HLV cá nhân tiên phong tại Việt Nam,non-clickbait,4,0.04418331757187843,non-clickbait
article_2455,Báo Mới,Chính trị & An ninh,1 người nước ngoài lãnh án vì làm giấy tờ giả,non-clickbait,2,0.04130730405449867,non-clickbait
article_1911,24h,Thể thao,"Bóng chuyền nam Việt Nam thắng 2 set, khiến nhà vô địch Qatar vất vả ở giải châu Á",non-clickbait,1,0.3051793873310089,non-clickbait
article_2942,SaoStar,Du lịch & Ẩm thực,Tạp chí du lịch nước ngoài bình chọn 6 điểm đến đẹp nhất Việt Nam,non-clickbait,1,0.7547342777252197,clickbait
article_3709,24h,Sức khỏe & Đời sống,"Thực phẩm mùa hè rẻ tiền cực giàu canxi, được ví 'kho báu thiên nhiên', người Việt nên ăn để kéo dài tuổi thọ",clickbait,0,0.9576753973960876,clickbait
article_2285,Thanh Niên,Văn hóa & Nghệ thuật,Gánh cỏ sông Hàn - tìm lại bản ngã dưới cờ nghĩa Lam Sơn,clickbait,4,0.17917121946811676,non-clickbait
article_2587,Thanh Niên,Other,Nam chính ‘Độc đạo’ tái xuất với phim điện ảnh,non-clickbait,0,0.45265692472457886,non-clickbait
article_3109,Thanh Niên,Other,Chiến game trên One UI 8 sẽ 'đỉnh' hơn nhờ hai tính năng mới,clickbait,1,0.9283438920974731,clickbait
article_1884,SaoStar,Sức khỏe & Đời sống,5 thói quen buổi sáng âm thầm gây hại gan không kém gì rượu bia,clickbait,0,0.9429811239242554,clickbait
article_0041,VnExpress,Tin tức tổng hợp,Bộ trưởng Y tế trả lời về an toàn thực phẩm trường học,non-clickbait,0,0.030530942603945732,non-clickbait
article_1734,VnExpress,Thể thao,Văn Toàn: 'Cảm ơn đồng đội ở Nam Định đã gánh tôi',non-clickbait,1,0.46019792556762695,non-clickbait
article_1247,VietNamNet,Giáo dục & Học đường,Đừng coi 'xếp mức lương cao nhất' cho nhà giáo là một ân huệ,non-clickbait,2,0.6392294764518738,clickbait
article_1497,Thanh Niên,Other,Đau vai dai dẳng - dấu hiệu cảnh báo viêm khớp vai không thể bỏ qua,non-clickbait,2,0.778733491897583,clickbait
article_1182,Tuổi Trẻ,Công nghệ & Khoa học,Cookie là gì mà web nào cũng hỏi? Và vì sao bạn nên quan tâm?,clickbait,1,0.9662516117095947,clickbait
article_2536,VnExpress,Other,Công thức tính điểm xét tuyển của Đại học Ngân hàng TP HCM,non-clickbait,3,0.016029145568609238,non-clickbait
article_1575,24h,Thể thao,Liverpool tiếp tục chuyển nhượng rầm rộ: Mua trung vệ ĐT Anh giá gần 50 triệu bảng,non-clickbait,4,0.14426937699317932,non-clickbait
article_1239,Thanh Niên,Other,Người phụ nữ gốc Việt đầu tiên bay vào vũ trụ: 'Tôi được nuôi lớn từ món ăn Việt',non-clickbait,4,0.8551872372627258,clickbait
article_3718,24h,Sức khỏe & Đời sống,"10 loại thực phẩm tốt cho gan, hỗ trợ phục hồi",clickbait,0,0.7192357778549194,clickbait
article_0178,24h,Tin tức tổng hợp,"Nước dâng cao từng phút, xuyên đêm cứu dân thoát khỏi rốn lũ nguy hiểm",non-clickbait,3,0.027143435552716255,non-clickbait
article_3534,VietNamNet,Other,Báo VietNamNet trao hơn 90 triệu đồng giúp đỡ 2 hoàn cảnh khó khăn,non-clickbait,4,0.05208601802587509,non-clickbait
article_0964,VietNamNet,Thể thao,Rashford xác nhận kế hoạch sang Barca đá cặp Lamine Yamal,non-clickbait,3,0.2218560427427292,non-clickbait
article_2512,VnExpress,Other,"Đề xuất hỗ trợ 3,6 triệu/tháng cho sinh viên kỹ thuật, công nghệ",non-clickbait,3,0.016657039523124695,non-clickbait
article_2721,Báo Mới,Công nghệ & Khoa học,Bệnh viện Đa khoa Trung ương Cần Thơ: Chuyên nghiệp – Tận tâm – Hiệu quả,non-clickbait,1,0.0420483723282814,non-clickbait
article_1029,24h,Kinh doanh & Kinh tế,"Căn hộ áp mái tại tòa nhà ""mỏng nhất thế giới"" được rao bán với giá hơn 2.800 tỷ đồng",clickbait,1,0.8368880748748779,clickbait
article_2105,VietNamNet,Sức khỏe & Đời sống,"Ôm con 1 tháng tuổi đi cấp cứu, phát hiện trẻ xuất huyết não kèm đái tháo đường",non-clickbait,2,0.2619912326335907,non-clickbait
article_3658,24h,Giải trí & Showbiz,Thấp thỏm quanh những cái ‘bẫy’ từ các mỏ vật liệu không hoàn thổ ở Hà Tĩnh,clickbait,3,0.9248236417770386,clickbait
article_3449,24h,Xe & Vận tải,"Kawasaki trình làng xe ga giá rẻ chỉ 36 triệu đồng, cạnh tranh Honda Airblade",non-clickbait,4,0.0653061494231224,non-clickbait
article_0989,SaoStar,Giải trí & Showbiz,"Nam ca sĩ Việt từng nổi tiếng đình đám, nay hát hội chợ vắng hoe khán giả",clickbait,0,0.9637458920478821,clickbait
article_1214,Thanh Niên,Sức khỏe & Đời sống,"Xổ số miền Nam 22.6: Trúng độc đắc, chàng trai gửi 20 triệu nhờ đại lý giúp người nghèo",non-clickbait,2,0.09501304477453232,non-clickbait
article_2021,Tuổi Trẻ,Văn hóa & Nghệ thuật,Abel - Một truyện siêu hình học cao bồi Viễn Tây,non-clickbait,4,0.09097748249769211,non-clickbait
article_2668,SaoStar,Công nghệ & Khoa học,Elon Musk đối mặt với áp lực bồi thường gần 13.000 tỷ vì quảng cáo sai sự thật về xe điện Tesla,non-clickbait,0,0.8235413432121277,clickbait
article_0208,24h,Tin tức tổng hợp,Nhiều tuyến đường ở TP Thái Nguyên chìm trong biển nước sau cơn mưa lớn,non-clickbait,0,0.055208683013916016,non-clickbait
article_1395,VnExpress,Other,Tưởng đột quỵ hóa nhược cơ do u tuyến ức,non-clickbait,4,0.08913692831993103,non-clickbait
article_2223,VnExpress,Other,"30 'quái xế' trốn qua cống nước khi cảnh sát truy tìm, nổ súng cảnh cáo",non-clickbait,3,0.24526575207710266,non-clickbait
article_0741,24h,Chính trị & An ninh,Nhóm thanh thiếu niên ở Đà Nẵng bị khởi tố về tội gây rối trật tự công cộng,non-clickbait,3,0.02740250527858734,non-clickbait
article_1742,VnExpress,Thể thao,Dòng người xếp hàng vào sân chờ mở hội mừng Nam Định vô địch V-League,non-clickbait,2,0.2868180274963379,non-clickbait
article_2921,SaoStar,Du lịch & Ẩm thực,"Từ Huế đến Quy Nhơn – bản trường ca của gió, nắng và muối mặn",non-clickbait,2,0.1372431218624115,non-clickbait
article_3248,Báo Mới,Other,Khuyến cáo tầm soát rối loạn đông máu với phụ nữ mang thai có tiền sử sảy thai liên tiếp,non-clickbait,0,0.037256766110658646,non-clickbait
article_2723,Báo Mới,Công nghệ & Khoa học,EVNHCMC được vinh danh Top Công nghiệp 4.0 Việt Nam 2025,non-clickbait,1,0.039048291742801666,non-clickbait
article_0547,Báo Mới,Quốc tế,"Iran phóng tên lửa đầu đạn 1,5 tấn vào Israel: Mối đe dọa mới khiến phòng thủ Tel Aviv chao đảo",non-clickbait,2,0.938856840133667,clickbait
article_1880,SaoStar,Sức khỏe & Đời sống,"Ung thư không báo trước, nhưng có thể giảm 70% nguy cơ nếu bạn làm được 3 điều này",clickbait,2,0.9695556163787842,clickbait
article_0476,24h,Quốc tế,Những đòn trả đũa mạnh mẽ mà Iran có thể giáng xuống Mỹ,non-clickbait,0,0.709522545337677,clickbait
article_0734,24h,Chính trị & An ninh,Tên tội phạm đặc biệt nguy hiểm sa lưới sau khi hiếp dâm nữ tài xế taxi,non-clickbait,0,0.35014358162879944,non-clickbait
article_2603,Thanh Niên,Giải trí & Showbiz,Nguyễn Hoàng Phương Linh đăng quang Hoa hậu Hoàn vũ Việt Nam 2025,non-clickbait,1,0.055157773196697235,non-clickbait
article_1238,Thanh Niên,Sức khỏe & Đời sống,Ngày của mẹ: Người phụ nữ 100 kg chuyên 'nghề làm mẹ' đã thay đổi thế nào?,clickbait,2,0.9772191047668457,clickbait
article_2550,Tuổi Trẻ,Thể thao,Taekwondo Việt Nam: Làm gì để dự Olympic?,clickbait,1,0.8472740650177002,clickbait
article_1953,Báo Mới,Thể thao,"Man City dội mưa bàn thắng trước Al-Ain, soán ngôi đầu bảng từ tay Juventus",non-clickbait,3,0.10114466398954391,non-clickbait
article_1932,Báo Mới,Thể thao,Nâng cao ứng dụng sinh lý vận động và trí tuệ nhân tạo trong võ thuật,non-clickbait,1,0.03949040547013283,non-clickbait
article_2998,Báo Mới,Công nghệ & Khoa học,Hóa thạch động vật có vú 90 triệu năm tuổi gây sửng sốt,clickbait,0,0.9244152307510376,clickbait
article_1637,Báo Mới,Giáo dục & Học đường,Bộ trưởng Bộ GDĐT kiểm tra công tác chuẩn bị Kỳ thi tốt nghiệp THPT tại Thái Bình,non-clickbait,3,0.013875309377908707,non-clickbait
article_2458,Báo Mới,Chính trị & An ninh,Khởi tố Chủ tịch Công ty cổ phần nước GMT vì lừa đảo,non-clickbait,4,0.05455021560192108,non-clickbait
article_1209,Thanh Niên,Sức khỏe & Đời sống,Nhớ tiết kiệm điện 'mọi lúc mọi nơi',clickbait,0,0.9257686138153076,clickbait
article_3059,VnExpress,Other,Những mẫu ôtô nội địa hóa nhiều nhất tại Mỹ,non-clickbait,0,0.6842640042304993,clickbait
article_1342,Báo Mới,Other,Giá cà phê hôm nay 23/6: Dự báo giá tiếp tục giảm trong tuần này,non-clickbait,0,0.049958523362874985,non-clickbait
article_0413,VietNamNet,Tin tức tổng hợp,"Vinh quang Việt Nam năm 2025: Tôn vinh 19 tập thể, cá nhân xuất sắc",non-clickbait,3,0.01572399027645588,non-clickbait
article_3690,24h,Tin tức tổng hợp,Công an Hà Nội khởi tố Tiktoker Vũ Hồng Phúc 'Cún Bông',non-clickbait,4,0.12294380366802216,non-clickbait
article_3355,Tuổi Trẻ,Sức khỏe & Đời sống,"Vân Hugo, BTV Quang Minh từng ‘nổ’ thế nào về sữa Hiup?",clickbait,1,0.9603983759880066,clickbait
article_1661,Báo Mới,Giáo dục & Học đường,Tuyên Quang có 2 Tổng phụ trách Đội nhận Giải thưởng 'Cánh én hồng' năm 2025,non-clickbait,0,0.030243217945098877,non-clickbait
article_0254,Báo Mới,Thể thao,Chuyển nhượng Serie A mới nhất,non-clickbait,0,0.06662989407777786,non-clickbait
article_2004,VnExpress,Other,Ôn Triệu Luân hạnh phúc bên người vợ thứ ba,non-clickbait,1,0.6076340675354004,clickbait
article_0783,Báo Mới,Tin tức tổng hợp,"Điện Biên: Tập trung thực hiện hiệu quả nhiệm vụ quân sự, quốc phòng 6 tháng cuối năm 2025",non-clickbait,3,0.012624949216842651,non-clickbait
article_2763,VnExpress,Other,Lợi ích của buôn chuyện,clickbait,3,0.19876310229301453,non-clickbait
article_1662,Báo Mới,Other,Thành phố Hồ Chí Minh công bố điểm chuẩn lớp 10 chuyên và tích hợp,non-clickbait,1,0.03504563868045807,non-clickbait
article_3232,24h,Giải trí & Showbiz,Lý do Vũ Cát Tường liên tục phải tầm soát ung thư,clickbait,0,0.5846417546272278,clickbait
article_0297,VnExpress,Quốc tế,Lựa chọn khó khăn với Iran sau đòn tập kích của Mỹ,non-clickbait,3,0.2632204592227936,non-clickbait
article_1719,VnExpress,Thể thao,Inter Milan 2-1 Urawa Red Diamonds,non-clickbait,4,0.054903849959373474,non-clickbait
article_1031,24h,Kinh doanh & Kinh tế,Ông chủ Telegram tiết lộ có hơn 100 người con và sẽ chia tài sản thừa kế cho tất cả,non-clickbait,1,0.8489096164703369,clickbait
article_2910,VietNamNet,Xe & Vận tải,"Chiều ý khách cho trẻ nhỏ ngồi ghế phụ, tôi 'hú vía' giữa đường cao tốc",clickbait,0,0.9635748267173767,clickbait
article_2575,Thanh Niên,Giải trí & Showbiz,"Đưa vợ vào phim Út Lan được ... 4 giây, Mạc Văn Khoa nói gì?",clickbait,2,0.960878312587738,clickbait
article_3420,VietNamNet,Du lịch & Ẩm thực,Nhiều khách sạn ở Hà Nội kín phòng trước đêm diễn của G-Dragon,non-clickbait,4,0.054853204637765884,non-clickbait
article_2287,Thanh Niên,Other,Thầy giáo trẻ lan tỏa yêu thương qua âm nhạc,non-clickbait,0,0.22970795631408691,non-clickbait
article_1650,Báo Mới,Giáo dục & Học đường,Sĩ tử tấp nập cầu may tại Văn Miếu - Quốc Tử Giám,non-clickbait,2,0.06656918674707413,non-clickbait
article_1818,Thanh Niên,Giáo dục & Học đường,"Nhiều du học sinh Việt đăng ký được lịch phỏng vấn visa Mỹ, suất trống hết nhanh",non-clickbait,3,0.044472914189100266,non-clickbait
article_1947,Báo Mới,Thể thao,"Chế độ đãi ngộ huấn luyện viên, vận động viên: Chờ một 'cú hích'",non-clickbait,0,0.3231130540370941,non-clickbait
article_0441,SaoStar,Sức khỏe & Đời sống,Thời tiết TP.HCM và Nam Bộ hôm nay (22/6),non-clickbait,3,0.018440209329128265,non-clickbait
article_1192,Thanh Niên,Other,CSGT siết quản lý: Người chưa nộp phạt giao thông không được cấp bằng lái xe,non-clickbait,2,0.04809204861521721,non-clickbait
article_3753,24h,Du lịch & Ẩm thực,"Rong ruổi Bình Đại đắm mình thiên nhiên, hóa thân làm dân quê thứ thiệt",clickbait,3,0.17265954613685608,non-clickbait
article_1767,Tuổi Trẻ,Giáo dục & Học đường,Triển lãm đầu tiên về đa dạng côn trùng Việt Nam của ĐH Duy Tân và Trường ĐH Đà Lạt,non-clickbait,2,0.020606474950909615,non-clickbait
article_0822,Báo Mới,Tin tức tổng hợp,Đảng ủy Bộ đội Biên phòng Sóc Trăng sơ kết công tác 6 tháng đầu năm 2025,non-clickbait,4,0.030996832996606827,non-clickbait
article_1194,Thanh Niên,Other,"Vườn thú mới toanh ngay trung tâm TP.HCM hè 2025: Capybara, cầy Meerkat... bé nào cũng mê",non-clickbait,3,0.56474369764328,clickbait
article_3756,24h,Du lịch & Ẩm thực,"Ngôi chùa ở An Giang như 'lơ lửng trên cao', khách leo 240 bậc đến chiêm bái",clickbait,0,0.9169314503669739,clickbait
article_2805,Tuổi Trẻ,Giáo dục & Học đường,"Phổ điểm thi lớp 10 ở TP.HCM: Lo lắng môn văn, kết quả thở phào",clickbait,0,0.05065838247537613,non-clickbait
article_0657,Thanh Niên,Other,Cô gái Việt ghi danh trong ngành quảng cáo thế giới,non-clickbait,3,0.24981306493282318,non-clickbait
article_3205,24h,Giải trí & Showbiz,Sự am hiểu đến đáng sợ của Hồ Ngọc Hà,clickbait,1,0.939581573009491,clickbait
article_0623,Thanh Niên,Quốc tế,"Mỹ cảnh báo công dân khắp thế giới, ông Trump tuyên bố mập mờ về Iran",clickbait,3,0.3554951250553131,non-clickbait
article_0881,Tuổi Trẻ,Other,"Giảm giá nhà: tháo gỡ pháp lý, cơ hội đang 'sáng' dần",non-clickbait,1,0.7680380344390869,clickbait
article_2980,Báo Mới,Công nghệ & Khoa học,Dấu chân 'tử thần bầu trời' viết lại kỷ nguyên quái vật,clickbait,2,0.9608416557312012,clickbait
article_1436,Tuổi Trẻ,Xe & Vận tải,'Vũ khí bí mật' chống trộm ô tô nằm ngay trong bếp,clickbait,4,0.9401335716247559,clickbait
article_2330,Thanh Niên,Other,Hoa sứ khu công nghiệp,non-clickbait,1,0.07971034944057465,non-clickbait
article_2889,VietNamNet,Xe & Vận tải,Nóng trên đường: Loạt va chạm vì lái xe 'ngáo ngơ' không chịu quan sát,clickbait,2,0.9717789888381958,clickbait
article_1354,Báo Mới,Other,Ai đứng sau 'đế chế ăn vặt' Ăn cùng Bà Tuyết vừa thông báo giải thể?,clickbait,1,0.9593451619148254,clickbait
article_1924,Báo Mới,Thể thao,CLB Đà Nẵng đề nghị đổi sân đá trận play-off,non-clickbait,4,0.039048291742801666,non-clickbait
article_1002,SaoStar,Giải trí & Showbiz,Ngô Kiến Huy cần làm gì sau 'Truyền thái y'?,clickbait,4,0.9061560034751892,clickbait
article_1548,SaoStar,Thể thao,"'Các đứa con' của bầu Đức khóc, tặng quà cho nhân viên CLB HAGL",non-clickbait,0,0.9385759830474854,clickbait
article_1296,24h,Kinh doanh & Kinh tế,Cô gái Mường thu tiền tỷ nhờ nuôi cá ‘quý tộc’ trên đỉnh núi,clickbait,0,0.9038048982620239,clickbait
article_2548,Tuổi Trẻ,Thể thao,Rapper Phương Cào: Từ bỏ âm nhạc chuyển sang làm bóng rổ đỉnh cao,non-clickbait,0,0.6298600435256958,clickbait
article_1165,VnExpress,Other,Quảng Ngãi đấu giá 56 lô đất cuối sông Trà Khúc,non-clickbait,1,0.047824520617723465,non-clickbait
article_2257,VnExpress,Other,"Bị phạt 16 triệu đồng vì 'đi xe máy ngông nghênh', thách thức công an",clickbait,3,0.15077754855155945,non-clickbait
article_1241,Thanh Niên,Other,Thi ảnh Khát vọng năm rồng: Chợ hoa Bến Bình Đông,non-clickbait,1,0.11833414435386658,non-clickbait
article_1423,VnExpress,Other,Phân biệt yến sào thật - giả,non-clickbait,0,0.13927926123142242,non-clickbait
article_1062,Báo Mới,Văn hóa & Nghệ thuật,Hiến máu tình nguyện đã trở thành nét đẹp văn hóa trong mỗi người dân,non-clickbait,2,0.029035642743110657,non-clickbait
article_1127,VnExpress,Other,Công ty con của Vinhomes làm sân golf hơn 100 ha ở Quảng Ninh,non-clickbait,4,0.04522590711712837,non-clickbait
article_1221,Thanh Niên,Other,Chủ quán ở TP.HCM cấm người bán vé số: Bảo vệ khách hay vô cảm?,clickbait,4,0.8966140151023865,clickbait
article_2027,Thanh Niên,Other,Khởi công Khu phức hợp nghỉ dưỡng Làng Vân gần 44.000 tỉ đồng tại Đà Nẵng,non-clickbait,2,0.020351815968751907,non-clickbait
article_1553,SaoStar,Thể thao,Rắc rối lớn với HLV Troussier,clickbait,3,0.9190633296966553,clickbait
article_1371,Báo Mới,Other,Chi cục thuế khu vực XVI quyết liệt chống thất thu ngân sách,non-clickbait,4,0.02787490002810955,non-clickbait
article_2248,VnExpress,Other,"Giả công an đến phòng trọ dọa 3 nữ sinh, chiếm đoạt tài sản",non-clickbait,3,0.02701479196548462,non-clickbait
article_0944,VietNamNet,Thể thao,Thủ thành Ter Stegen khoe bạn gái mới sau 3 tháng bỏ vợ,clickbait,2,0.8020908832550049,clickbait
article_3522,Tuổi Trẻ,Chính trị & An ninh,"Chiêu mới, cắt thùng container để chở cát quá tải, chủ xe và tài xế bị phạt",non-clickbait,2,0.1457221657037735,non-clickbait
article_2315,Thanh Niên,Other,Bánh tráng Phú Yên - Từ món lương khô đến di sản văn hóa phi vật thể,non-clickbait,0,0.13632068037986755,non-clickbait
article_2131,SaoStar,Giáo dục & Học đường,"Video: Nam sinh xem điểm thi vào lớp 10, phản ứng khiến cả cõi mạng vui lây",clickbait,2,0.9742884635925293,clickbait
article_3602,Báo Mới,Other,"Giải quyết khó khăn, vướng mắc các dự án tồn đọng nhưng không hợp thức hóa sai phạm",non-clickbait,4,0.03825005888938904,non-clickbait
article_1929,Báo Mới,Thể thao,"Chuyển nhượng 23/6: Paul Pogba tái xuất sân cỏ, Bayern bất ngờ làm 'kỳ đà cản mũi'",clickbait,1,0.9369227886199951,clickbait
article_3333,VnExpress,Other,9 thành phố châu Âu nên đến mùa hè này,clickbait,2,0.8270612955093384,clickbait
article_1151,VnExpress,Other,Trung tâm chăm sóc sức khỏe cao cấp tại Thanh Xuan Valley,non-clickbait,1,0.043691057711839676,non-clickbait
article_1097,Báo Mới,Other,Dấu ấn minh họa Thành Chương,non-clickbait,3,0.04818153381347656,non-clickbait
article_3749,24h,Du lịch & Ẩm thực,Hé lộ thực đơn quốc yến đón khách quốc tế của Tổng thống Nga Putin,clickbait,4,0.04586266726255417,non-clickbait
article_1148,VnExpress,Other,CaraWorld đạt kỷ lục ‘hoạt động dã ngoại bên biển đông nhất Việt Nam’,non-clickbait,1,0.21502089500427246,non-clickbait
article_1187,Tuổi Trẻ,Công nghệ & Khoa học,"Thanh toán dễ dàng, minh bạch hơn với hóa đơn thông minh",non-clickbait,4,0.06008664518594742,non-clickbait
article_2136,SaoStar,Giáo dục & Học đường,Học sinh Việt Nam đạt thành tích cao nhất từ trước đến nay tại Olympic Vật lý châu Âu,non-clickbait,2,0.13128454983234406,non-clickbait
article_2702,24h,Other,Ái nữ đại gia Minh 'Nhựa' xách túi tiền tỷ mừng sinh nhật,non-clickbait,4,0.6718474626541138,clickbait
article_0686,VietNamNet,Kinh doanh & Kinh tế,99% vàng của Trái đất đang ở đâu: Giới khoa học tiết lộ sự thật bất ngờ dưới lòng đất,clickbait,1,0.9655764698982239,clickbait
article_1398,VnExpress,Other,Ba lần phẫu thuật để có con tuổi 50,non-clickbait,0,0.13095080852508545,non-clickbait
article_2074,Thanh Niên,Other,Đây là thứ bạn không nên mặc trên chuyến bay,clickbait,0,0.9440222382545471,clickbait
article_0802,Báo Mới,Other,Phó Chủ tịch UBND tỉnh Phan Thế Tuấn kiểm tra khu vực bị sạt lở đê tại huyện Hiệp Hòa,non-clickbait,3,0.011485951952636242,non-clickbait
article_3190,24h,Giải trí & Showbiz,"ĐÂY RỒI: G-Dragon đã xuất hiện, cả Nội Bài bùng nổ!",non-clickbait,3,0.9382938742637634,clickbait
article_0824,VnExpress,Công nghệ & Khoa học,Rải hạt mịn vào không khí để tiêu diệt bão,non-clickbait,2,0.12215621769428253,non-clickbait
article_0976,SaoStar,Giải trí & Showbiz,Diệp Lâm Anh công khai tình cảm với nam ca sĩ điển trai khiến dân tình 'rần rần',clickbait,3,0.9746044874191284,clickbait
article_0911,Thanh Niên,Other,"Giá vàng hôm nay 22.6.2025: Mua vàng nhẫn lỗ 4,5 triệu đồng sau một tuần",non-clickbait,3,0.03280595690011978,non-clickbait
article_2478,Báo Mới,Other,Khởi tố vụ án liên quan đến đối tượng đâm người thi hành công vụ,non-clickbait,0,0.03152918815612793,non-clickbait
article_3250,Báo Mới,Other,Nhận diện dấu hiệu mắc bệnh u lympho,non-clickbait,4,0.15209519863128662,non-clickbait
article_1388,VnExpress,Other,7 mẹo bổ sung nước phòng tránh thận yếu,clickbait,4,0.6856864094734192,clickbait
article_3583,24h,Xe & Vận tải,Kia Sportage vs Hyundai Tucson: Hai mẫu SUV đáng chú ý trên thị trường,non-clickbait,3,0.04804736003279686,non-clickbait
article_0852,VnExpress,Công nghệ & Khoa học,16 tỷ thông tin tài khoản người dùng Internet bị rò rỉ,non-clickbait,1,0.3589146137237549,non-clickbait
article_0914,Thanh Niên,Kinh doanh & Kinh tế,Cục Thuế hướng dẫn chi tiết dùng số định danh thay mã số thuế,non-clickbait,4,0.04092230275273323,non-clickbait
article_0588,VnExpress,Kinh doanh & Kinh tế,Bộ trưởng Kinh tế Nga cảnh báo đất nước 'bên bờ suy thoái',non-clickbait,0,0.39382204413414,non-clickbait
article_0601,VnExpress,Kinh doanh & Kinh tế,Bộ trưởng Công Thương: Việt Nam muốn cùng Mỹ xây dựng quy tắc xuất xứ hài hòa,non-clickbait,1,0.034749627113342285,non-clickbait
article_0455,SaoStar,Sức khỏe & Đời sống,20 người thoát nạn sau vụ cháy chung cư ở Hà Nội,non-clickbait,3,0.029284456744790077,non-clickbait
article_3566,24h,Xe & Vận tải,Top xe SUV ăn khách bậc nhất tại Việt Nam 2025,clickbait,3,0.37416163086891174,non-clickbait
article_1074,Báo Mới,Văn hóa & Nghệ thuật,Mở lối ký ức bằng tư duy hôm nay,clickbait,4,0.5144003033638,clickbait
article_2803,Tuổi Trẻ,Other,Nếu điểm thi lớp 10 của con không như kỳ vọng,non-clickbait,2,0.3769957721233368,non-clickbait
article_0159,SaoStar,Giải trí & Showbiz,Danh tính cô gái bị bắt gặp thân thiết với chồng cũ Xoài Non,clickbait,3,0.9609150886535645,clickbait
article_2346,VietNamNet,Công nghệ & Khoa học,Tên lửa mang đầu đạn chùm Iran ồ ạt dội vào Israel khủng khiếp mức nào?,clickbait,2,0.8457514643669128,clickbait
article_3337,VnExpress,Other,Nhà hàng lưu giữ những món nguy cơ thất truyền ở Hà Nội,non-clickbait,0,0.5211208462715149,clickbait
article_2005,VnExpress,Other,Tiết mục múa tái hiện báo chí trong môi trường số,non-clickbait,4,0.034423548728227615,non-clickbait
article_3357,Tuổi Trẻ,Sức khỏe & Đời sống,Luồn ống dẫn qua bụng mẹ để hút dịch màng phổi cho thai nhi,non-clickbait,4,0.05394897609949112,non-clickbait
article_2790,VnExpress,Other,Vì sao xung đột với gia đình chồng phổ biến?,clickbait,2,0.9768466353416443,clickbait
article_0099,Thanh Niên,Tin tức tổng hợp,"TP.HCM tiếp nhận lực lượng quân sự từ Bình Dương, Bà Rịa - Vũng Tàu",non-clickbait,2,0.01707807369530201,non-clickbait
article_2838,Thanh Niên,Thể thao,Đội tuyển futsal nữ Việt Nam và hành trình đăng quang Đông Nam Á 2024,non-clickbait,4,0.05389915406703949,non-clickbait
article_1054,Báo Mới,Văn hóa & Nghệ thuật,Đường Nguyễn Văn Bộ - Nơi ghi dấu và tiếp lửa truyền thống,non-clickbait,4,0.12163356691598892,non-clickbait
article_1147,VnExpress,Other,Bắc Ninh nâng chiều cao khu nhà xã hội tối đa 22 tầng,non-clickbait,4,0.03445602208375931,non-clickbait
article_1534,Kênh14,Other,Thông báo chính thức của “Ăn Cùng Bà Tuyết” về việc giải thể,non-clickbait,2,0.44146230816841125,non-clickbait
article_0500,Báo Mới,Quốc tế,Mức độ nguy hiểm của loại bom 'cấm' mà Iran ném lên Israel,non-clickbait,4,0.7212526202201843,clickbait
article_1037,24h,Other,PVCFC đạt cú đúp giải thưởng Industrie 4.0 Awards 2025,non-clickbait,4,0.027954399585723877,non-clickbait
